x,y,magnitude,phase
-0.08,-0.08,142091229863845.5,-26.225087945130607
-0.076,-0.08,149435768861623.06,6.316333237243773
-0.072,-0.08,154936247910190.2,38.67072569464672
-0.06799999999999999,-0.08,168518774443755.62,65.60200573833436
-0.06399999999999999,-0.08,169201180666572.8,102.86600490837338
-0.059999999999999984,-0.08,179960657731275.22,127.8209950010685
-0.05599999999999998,-0.08,186414371535349.7,157.16711815471297
-0.05199999999999998,-0.08,200038740112671.3,-177.8540595631112
-0.04799999999999997,-0.08,217470985271913.4,-152.99913391325128
-0.04399999999999997,-0.08,212525831112335.97,-125.19699666354092
-0.039999999999999966,-0.08,221877488806038.8,-106.4825986289159
-0.03599999999999996,-0.08,236341834205861.06,-87.29151431095221
-0.03199999999999996,-0.08,248614650098708.25,-67.34602820445322
-0.027999999999999955,-0.08,266830748325890.25,-56.706227381092056
-0.023999999999999952,-0.08,274195560867481.44,-37.05652191508897
-0.01999999999999995,-0.08,299196922005969.3,-23.850432089204602
-0.015999999999999945,-0.08,288624633818835.56,-14.085589877577988
-0.011999999999999941,-0.08,279399408863879.6,-5.2699568577875375
-0.007999999999999938,-0.08,302087481694430.7,-0.09917980680230211
-0.003999999999999934,-0.08,294054104851380.56,3.4696464567007723
6.938893903907228e-17,-0.08,299083074759126.94,4.365072411912458
0.004000000000000073,-0.08,289045615873720.94,2.220871800153341
0.008000000000000076,-0.08,295593003959976.44,-0.6138808495445083
0.01200000000000008,-0.08,287210499990468.75,-6.645333416068269
0.016000000000000084,-0.08,271047200783550.28,-12.642782276774387
0.020000000000000087,-0.08,256983716466172.28,-25.441688427562852
0.02400000000000009,-0.08,259517892274229.47,-37.7151187474224
0.028000000000000094,-0.08,254930752827518.12,-51.12934454773579
0.0320000000000001,-0.08,249277439024965.25,-64.72031650768523
0.0360000000000001,-0.08,249578024281008.97,-87.02793479140283
0.040000000000000105,-0.08,230816045109731.9,-108.82246631376862
0.04400000000000011,-0.08,217705950081747.9,-125.8671586903703
0.04800000000000011,-0.08,233924539087610.28,-150.21947054220152
0.052000000000000116,-0.08,214527862595918.75,-172.27910935656442
0.05600000000000012,-0.08,176245602037016.06,156.7606001401339
0.06000000000000012,-0.08,184934811188729.34,130.6752713531293
0.06400000000000013,-0.08,183298261119696.1,101.1070328774284
0.06800000000000013,-0.08,165856444156097.3,69.94576731758788
0.07200000000000013,-0.08,171914360279209.34,38.24433391474947
0.07600000000000014,-0.08,156598878524463.66,3.898472074611252
-0.08,-0.076,151902980845539.38,5.239870204032929
-0.076,-0.076,173064884373278.56,40.76804716911856
-0.072,-0.076,165268817527638.62,77.74777812909389
-0.06799999999999999,-0.076,176279596640131.06,105.9383196058019
-0.06399999999999999,-0.076,189340786693388.1,134.72497417937944
-0.059999999999999984,-0.076,201893910365222.16,167.83329804880614
-0.05599999999999998,-0.076,217463782555815.03,-163.32217567510546
-0.05199999999999998,-0.076,226635022361861.53,-134.01657459532967
-0.04799999999999997,-0.076,227143877691905.56,-112.70668177560252
-0.04399999999999997,-0.076,248246122658936.44,-90.51941758020682
-0.039999999999999966,-0.076,241202870165691.0,-63.81642944925531
-0.03599999999999996,-0.076,260558797489190.84,-40.752939789779354
-0.03199999999999996,-0.076,278040216893674.88,-22.159560701251323
-0.027999999999999955,-0.076,278766550792575.47,-6.591472220301344
-0.023999999999999952,-0.076,300961201111956.06,6.0130456710752584
-0.01999999999999995,-0.076,300198691517487.4,19.245504443547482
-0.015999999999999945,-0.076,309958173775828.8,30.717193289201354
-0.011999999999999941,-0.076,318339224631238.5,40.09713870357586
-0.007999999999999938,-0.076,327475968577510.2,46.67568105602831
-0.003999999999999934,-0.076,322710072206385.3,48.90876512189482
6.938893903907228e-17,-0.076,317007965394750.94,52.53393070503127
0.004000000000000073,-0.076,318401333369861.06,48.8389593313171
0.008000000000000076,-0.076,313130834894840.2,46.216524965336546
0.01200000000000008,-0.076,307271891508495.8,40.287433287341436
0.016000000000000084,-0.076,302887056119017.5,32.73594655559852
0.020000000000000087,-0.076,296569507508980.56,22.724745475284692
0.02400000000000009,-0.076,302268707813837.94,6.5765191639162826
0.028000000000000094,-0.076,288857602925608.94,-5.531245726986533
0.0320000000000001,-0.076,283492173915855.94,-25.29987304595627
0.0360000000000001,-0.076,254716718894606.38,-43.96275542596383
0.040000000000000105,-0.076,256908065848197.28,-64.96499806433204
0.04400000000000011,-0.076,232287298842171.9,-84.98029515410562
0.04800000000000011,-0.076,222956404067064.97,-111.99590782607491
0.052000000000000116,-0.076,206020891265218.56,-134.92380212013782
0.05600000000000012,-0.076,212596372385918.75,-166.41859130154157
0.06000000000000012,-0.076,207372853076785.12,164.8780313569767
0.06400000000000013,-0.076,189989099972974.7,140.86130882853766
0.06800000000000013,-0.076,181440643648498.97,108.84385475249891
0.07200000000000013,-0.076,166010241372145.78,78.85543150613006
0.07600000000000014,-0.076,150545386169463.3,44.71709866445406
-0.08,-0.072,164457675155715.9,36.34137627354471
-0.076,-0.072,160322083787399.53,71.02518434229673
-0.072,-0.072,189893554724136.22,109.13998890896018
-0.06799999999999999,-0.072,189755454157965.44,139.96333895106295
-0.06399999999999999,-0.072,187125231922836.22,175.75166085733682
-0.059999999999999984,-0.072,228661646412048.72,-157.433743622928
-0.05599999999999998,-0.072,221618889159921.12,-126.77687768270155
-0.05199999999999998,-0.072,236064525460815.06,-99.96490797548242
-0.04799999999999997,-0.072,248260670359236.12,-72.19227590727519
-0.04399999999999997,-0.072,268968095019763.3,-47.509483583319046
-0.039999999999999966,-0.072,274144730323258.34,-22.963804854608
-0.03599999999999996,-0.072,295141189782433.9,-1.6846789551311447
-0.03199999999999996,-0.072,306869483956521.4,20.269956368779624
-0.027999999999999955,-0.072,308524260631251.7,34.757799901679995
-0.023999999999999952,-0.072,310977975216793.8,53.24685190413131
-0.01999999999999995,-0.072,330595778500219.5,67.70045867783932
-0.015999999999999945,-0.072,333948738798196.2,74.83426707235469
-0.011999999999999941,-0.072,347848904911338.1,86.60888251557431
-0.007999999999999938,-0.072,357590730175898.8,91.52473867834533
-0.003999999999999934,-0.072,359875024206503.06,95.57875864239641
6.938893903907228e-17,-0.072,363894950730836.3,98.89019283768822
0.004000000000000073,-0.072,362326004641631.56,96.07666629342471
0.008000000000000076,-0.072,342729014548477.94,90.57670202272463
0.01200000000000008,-0.072,366559360872844.56,83.71186954777602
0.016000000000000084,-0.072,348946526197334.6,75.8018479603803
0.020000000000000087,-0.072,322158516906657.3,65.76289380086594
0.02400000000000009,-0.072,318050472837763.8,51.81408085150959
0.028000000000000094,-0.072,304562528311904.9,37.50223552372611
0.0320000000000001,-0.072,301951441341280.75,20.611440412739295
0.0360000000000001,-0.072,297304629223216.06,-3.4490382000330135
0.040000000000000105,-0.072,274302933857031.16,-21.126624273964698
0.04400000000000011,-0.072,260248523612350.44,-45.94019926545351
0.04800000000000011,-0.072,251960141068581.1,-70.44131625532397
0.052000000000000116,-0.072,225433129780660.4,-100.31388302775937
0.05600000000000012,-0.072,224398469118412.22,-125.53252198893291
0.06000000000000012,-0.072,212462501012061.6,-154.91353868806667
0.06400000000000013,-0.072,207274519277924.97,170.05508499348136
0.06800000000000013,-0.072,196449015889204.8,142.90447536015978
0.07200000000000013,-0.072,183735022863945.7,107.33560252088728
0.07600000000000014,-0.072,165675272233495.44,73.46421446508558
-0.08,-0.06799999999999999,174607115755955.25,72.45486501780567
-0.076,-0.06799999999999999,179801470312321.0,102.27293861172292
-0.072,-0.06799999999999999,196136245900471.5,138.3393697526694
-0.06799999999999999,-0.06799999999999999,207435484632593.53,175.98606986835745
-0.06399999999999999,-0.06799999999999999,218883515730311.6,-153.98984872748304
-0.059999999999999984,-0.06799999999999999,238105379725139.4,-122.3269355409209
-0.05599999999999998,-0.06799999999999999,235646465134456.2,-95.4001552398447
-0.05199999999999998,-0.06799999999999999,261382425126595.78,-63.92366908783674
-0.04799999999999997,-0.06799999999999999,270992320010558.9,-32.58987109744037
-0.04399999999999997,-0.06799999999999999,279504153513880.03,-7.680696519231514
-0.039999999999999966,-0.06799999999999999,298573905550889.1,14.709177961784526
-0.03599999999999996,-0.06799999999999999,328138649531994.7,41.91209572819407
-0.03199999999999996,-0.06799999999999999,325993194226075.1,61.43058653356395
-0.027999999999999955,-0.06799999999999999,345580162288984.4,80.00116356508696
-0.023999999999999952,-0.06799999999999999,355194688524537.1,94.16622661365051
-0.01999999999999995,-0.06799999999999999,373794781312927.3,110.8620356560273
-0.015999999999999945,-0.06799999999999999,390240780650867.25,121.47388889083149
-0.011999999999999941,-0.06799999999999999,385507161902394.4,132.48558555201558
-0.007999999999999938,-0.06799999999999999,394611958275991.56,139.25003240934444
-0.003999999999999934,-0.06799999999999999,386941405714846.1,142.2881078382968
6.938893903907228e-17,-0.06799999999999999,390524562394096.7,143.6724680877587
0.004000000000000073,-0.06799999999999999,392769228201290.44,142.23225383421976
0.008000000000000076,-0.06799999999999999,397637016588654.7,138.4008285222825
0.01200000000000008,-0.06799999999999999,389032325248924.3,131.6991722263534
0.016000000000000084,-0.06799999999999999,363382158927773.6,121.94691278275407
0.020000000000000087,-0.06799999999999999,364309260122079.8,110.67489762058268
0.02400000000000009,-0.06799999999999999,351381732623898.0,96.106376788271
0.028000000000000094,-0.06799999999999999,326046633650199.25,78.1345250120021
0.0320000000000001,-0.06799999999999999,345579597571527.7,61.308405508379266
0.0360000000000001,-0.06799999999999999,316187096627530.2,39.21441910829775
0.040000000000000105,-0.06799999999999999,293927596802087.44,19.36383774120715
0.04400000000000011,-0.06799999999999999,281375101494519.97,-8.867913571801353
0.04800000000000011,-0.06799999999999999,276750443803797.2,-34.77630926439001
0.052000000000000116,-0.06799999999999999,239483179806140.53,-60.96580283334099
0.05600000000000012,-0.06799999999999999,240958152979455.16,-88.37378343934407
0.06000000000000012,-0.06799999999999999,231350376587168.8,-122.01298015761223
0.06400000000000013,-0.06799999999999999,228004936750155.88,-152.58362176784556
0.06800000000000013,-0.06799999999999999,195391219181218.16,176.14438538900419
0.07200000000000013,-0.06799999999999999,193462864880139.75,138.46634176523332
0.07600000000000014,-0.06799999999999999,175873814012846.4,106.91132829680768
-0.08,-0.06399999999999999,176410698204495.03,100.08097186163091
-0.076,-0.06399999999999999,188638980813858.97,136.15658910441
-0.072,-0.06399999999999999,202816390284682.66,175.70243974973062
-0.06799999999999999,-0.06399999999999999,203328173648709.38,-149.20942909649995
-0.06399999999999999,-0.06399999999999999,240757309679108.97,-120.69487966633552
-0.059999999999999984,-0.06399999999999999,244368757241834.56,-87.28222167923315
-0.05599999999999998,-0.06399999999999999,253252949931753.84,-54.16528879165497
-0.05199999999999998,-0.06399999999999999,284582920930470.44,-25.51409987215574
-0.04799999999999997,-0.06399999999999999,285933717897024.3,1.3404024777360588
-0.04399999999999997,-0.06399999999999999,306561973487595.06,32.85529078162662
-0.039999999999999966,-0.06399999999999999,319118534232226.25,55.38526137750689
-0.03599999999999996,-0.06399999999999999,337834668962556.94,79.44770144819694
-0.03199999999999996,-0.06399999999999999,369548613600733.6,101.40495491120355
-0.027999999999999955,-0.06399999999999999,380981135829577.1,120.83230395518565
-0.023999999999999952,-0.06399999999999999,394925492340277.6,140.02336937525573
-0.01999999999999995,-0.06399999999999999,410178169474895.3,154.89959239344947
-0.015999999999999945,-0.06399999999999999,433506477399707.7,167.70957804290487
-0.011999999999999941,-0.06399999999999999,441086617608213.6,176.86389509996954
-0.007999999999999938,-0.06399999999999999,450151583273062.6,-175.30351050817907
-0.003999999999999934,-0.06399999999999999,454150664088606.06,-171.530596727115
6.938893903907228e-17,-0.06399999999999999,459396518007623.2,-170.13297832884166
0.004000000000000073,-0.06399999999999999,443946482313825.06,-171.4199335061771
0.008000000000000076,-0.06399999999999999,441926081780547.25,-177.2636062192433
0.01200000000000008,-0.06399999999999999,435166776757263.4,178.04066684572044
0.016000000000000084,-0.06399999999999999,427845022802575.0,167.40236235532618
0.020000000000000087,-0.06399999999999999,410173495533956.5,154.22825534948035
0.02400000000000009,-0.06399999999999999,389862613374083.0,138.4069922693064
0.028000000000000094,-0.06399999999999999,392577472840608.7,122.11163937782408
0.0320000000000001,-0.06399999999999999,359608087851192.0,103.8131647793967
0.0360000000000001,-0.06399999999999999,351750377200645.7,82.17563614604222
0.040000000000000105,-0.06399999999999999,331438224464893.1,56.11221350865846
0.04400000000000011,-0.06399999999999999,307692035780470.7,31.132297216308313
0.04800000000000011,-0.06399999999999999,294984536045277.6,3.3191018266867265
0.052000000000000116,-0.06399999999999999,279571330951391.28,-22.76667217964966
0.05600000000000012,-0.06399999999999999,254460809831575.66,-57.07624984003193
0.06000000000000012,-0.06399999999999999,246132723139078.88,-86.90724554503991
0.06400000000000013,-0.06399999999999999,216458596699656.4,-122.45787394132758
0.06800000000000013,-0.06399999999999999,217466153681527.84,-156.2847113494508
0.07200000000000013,-0.06399999999999999,201820486965855.72,173.72359679183623
0.07600000000000014,-0.06399999999999999,188618907611568.6,137.6083114798403
-0.08,-0.059999999999999984,188879386386930.94,131.21749149421424
-0.076,-0.059999999999999984,223260809202112.25,167.6415768358234
-0.072,-0.059999999999999984,221322031980699.2,-156.3637031304728
-0.06799999999999999,-0.059999999999999984,221090669322892.97,-119.22807417943044
-0.06399999999999999,-0.059999999999999984,245884095327318.84,-85.02186022434668
-0.059999999999999984,-0.059999999999999984,260631701969221.62,-54.16661318789865
-0.05599999999999998,-0.059999999999999984,270396416427257.75,-19.4357423145368
-0.05199999999999998,-0.059999999999999984,302695041009424.4,12.759658100028966
-0.04799999999999997,-0.059999999999999984,311613484509069.2,42.4840808051663
-0.04399999999999997,-0.059999999999999984,326216048264739.7,69.93702469534908
-0.039999999999999966,-0.059999999999999984,359907727437933.06,96.44644519141897
-0.03599999999999996,-0.059999999999999984,386524989521304.6,120.30218896096669
-0.03199999999999996,-0.059999999999999984,407180581180809.7,143.112130324502
-0.027999999999999955,-0.059999999999999984,413066462721947.94,164.80140528126853
-0.023999999999999952,-0.059999999999999984,448315970508715.6,-177.0975015054806
-0.01999999999999995,-0.059999999999999984,466912949967631.1,-161.54642621408883
-0.015999999999999945,-0.059999999999999984,477337913288158.56,-146.81072986210683
-0.011999999999999941,-0.059999999999999984,486866126192668.25,-137.62444637310412
-0.007999999999999938,-0.059999999999999984,499591364635284.9,-131.10899998668145
-0.003999999999999934,-0.059999999999999984,507627739384423.1,-124.04271362945909
6.938893903907228e-17,-0.059999999999999984,514070835410026.8,-124.09883372519344
0.004000000000000073,-0.059999999999999984,516661184365843.1,-127.05206329131966
0.008000000000000076,-0.059999999999999984,512257510145073.4,-130.96958818966888
0.01200000000000008,-0.059999999999999984,493235410487840.1,-136.77838430862195
0.016000000000000084,-0.059999999999999984,461702735870876.0,-147.0800325593289
0.020000000000000087,-0.059999999999999984,467156630816269.5,-160.7584779849227
0.02400000000000009,-0.059999999999999984,437924756702155.2,-176.4021129261966
0.028000000000000094,-0.059999999999999984,423007023294506.2,164.93481298456032
0.0320000000000001,-0.059999999999999984,409831289751370.2,142.07123461696202
0.0360000000000001,-0.059999999999999984,380985360842943.6,120.57024183424743
0.040000000000000105,-0.059999999999999984,352127301161905.9,96.88174844369142
0.04400000000000011,-0.059999999999999984,332787026509539.8,72.1967113459531
0.04800000000000011,-0.059999999999999984,323828619591892.6,41.16582296383871
0.052000000000000116,-0.059999999999999984,283805100781803.3,11.48052894236135
0.05600000000000012,-0.059999999999999984,266148752789425.12,-20.354583884238526
0.06000000000000012,-0.059999999999999984,254907195842128.28,-51.34784125322741
0.06400000000000013,-0.059999999999999984,239876905762263.2,-88.8873810231214
0.06800000000000013,-0.059999999999999984,237580491767636.66,-122.10724612134901
0.07200000000000013,-0.059999999999999984,209050971810248.16,-155.66479706362804
0.07600000000000014,-0.059999999999999984,194041456118770.66,166.5088027862196
-0.08,-0.05599999999999998,184606656676972.22,153.96770923045452
-0.076,-0.05599999999999998,207106285162029.12,-163.39320999813563
-0.072,-0.05599999999999998,215271597836483.03,-126.86917792654705
-0.06799999999999999,-0.05599999999999998,231995041330970.06,-87.50922419120025
-0.06399999999999999,-0.05599999999999998,272916947054199.56,-54.02892363574443
-0.059999999999999984,-0.05599999999999998,276569090444362.88,-23.68110906230242
-0.05599999999999998,-0.05599999999999998,298676560775391.06,11.450459079161112
-0.05199999999999998,-0.05599999999999998,310240793296023.1,43.90838439952604
-0.04799999999999997,-0.05599999999999998,338495594080200.3,76.55657043597266
-0.04399999999999997,-0.05599999999999998,364176288887678.44,107.01661046513436
-0.039999999999999966,-0.05599999999999998,391675298946536.8,134.4439422471109
-0.03599999999999996,-0.05599999999999998,415116448174513.9,160.3173626168142
-0.03199999999999996,-0.05599999999999998,446825243474067.2,-175.24622983379362
-0.027999999999999955,-0.05599999999999998,474433433391109.2,-154.6664858056967
-0.023999999999999952,-0.05599999999999998,511663716084996.5,-134.2262305916645
-0.01999999999999995,-0.05599999999999998,524717626698768.94,-117.2812239666376
-0.015999999999999945,-0.05599999999999998,551527704777963.75,-105.22221588417526
-0.011999999999999941,-0.05599999999999998,565265061882159.1,-92.94645997403308
-0.007999999999999938,-0.05599999999999998,580831421412682.8,-84.68943234827636
-0.003999999999999934,-0.05599999999999998,586829458428321.8,-81.54778482672019
6.938893903907228e-17,-0.05599999999999998,588740356060635.6,-78.02640952073016
0.004000000000000073,-0.05599999999999998,579948970606247.0,-81.48305218740906
0.008000000000000076,-0.05599999999999998,577289728393008.8,-85.08710818215586
0.01200000000000008,-0.05599999999999998,564558385410851.5,-92.89211877285874
0.016000000000000084,-0.05599999999999998,534545627170408.0,-104.343921325697
0.020000000000000087,-0.05599999999999998,523113919035992.4,-116.80274776820707
0.02400000000000009,-0.05599999999999998,504200646530183.7,-134.93228782739067
0.028000000000000094,-0.05599999999999998,466164927730978.4,-154.7476119156578
0.0320000000000001,-0.05599999999999998,451043730442462.7,-175.65957912686096
0.0360000000000001,-0.05599999999999998,408077816938961.1,159.72486331934965
0.040000000000000105,-0.05599999999999998,405627616131810.8,132.63914695899547
0.04400000000000011,-0.05599999999999998,367927755075628.75,106.95815815640542
0.04800000000000011,-0.05599999999999998,341716628848818.1,76.95172898059201
0.052000000000000116,-0.05599999999999998,299952690890864.56,45.93241964752886
0.05600000000000012,-0.05599999999999998,298216763412141.4,13.460507051381567
0.06000000000000012,-0.05599999999999998,279887045453860.3,-20.94651648311048
0.06400000000000013,-0.05599999999999998,247083785258462.3,-53.14275143747263
0.06800000000000013,-0.05599999999999998,248083127645304.44,-92.21658273196644
0.07200000000000013,-0.05599999999999998,212972512131996.3,-125.21860725323899
0.07600000000000014,-0.05599999999999998,214020246016790.62,-166.4048350894185
-0.08,-0.05199999999999998,190455467195285.75,-175.3918662714214
-0.076,-0.05199999999999998,225036274102392.62,-138.49794393102368
-0.072,-0.05199999999999998,236933993484434.9,-98.66763820302127
-0.06799999999999999,-0.05199999999999998,255837092803577.28,-63.69103821323453
-0.06399999999999999,-0.05199999999999998,264943854039741.9,-25.620732450808966
-0.059999999999999984,-0.05199999999999998,301876053050198.9,10.529091922164088
-0.05599999999999998,-0.05199999999999998,318430012305636.3,44.45926685629233
-0.05199999999999998,-0.05199999999999998,342517097835378.6,80.36162100794957
-0.04799999999999997,-0.05199999999999998,376238011389965.56,115.02144964639619
-0.04399999999999997,-0.05199999999999998,403289560311389.5,141.8511341577916
-0.039999999999999966,-0.05199999999999998,424543876242775.94,171.4728039842741
-0.03599999999999996,-0.05199999999999998,463543591871549.06,-161.45478921293983
-0.03199999999999996,-0.05199999999999998,490557151684211.4,-138.92633322922796
-0.027999999999999955,-0.05199999999999998,530330494410489.2,-114.39536200363501
-0.023999999999999952,-0.05199999999999998,567841397280201.2,-92.82523716062067
-0.01999999999999995,-0.05199999999999998,603996695596599.0,-74.75716695153487
-0.015999999999999945,-0.05199999999999998,626373711870660.9,-61.11990789533803
-0.011999999999999941,-0.05199999999999998,649724704729871.4,-49.03181665980949
-0.007999999999999938,-0.05199999999999998,656230470675380.6,-39.717051593619956
-0.003999999999999934,-0.05199999999999998,675211652845565.8,-35.540408822192504
6.938893903907228e-17,-0.05199999999999998,681513272546845.5,-34.424243911384615
0.004000000000000073,-0.05199999999999998,664038504289145.5,-35.93037941908592
0.008000000000000076,-0.05199999999999998,658310564889762.8,-40.295195714493005
0.01200000000000008,-0.05199999999999998,646929113847756.9,-48.171091545968075
0.016000000000000084,-0.05199999999999998,622020494935657.4,-60.22027638601712
0.020000000000000087,-0.05199999999999998,596127723150845.4,-75.38044774094578
0.02400000000000009,-0.05199999999999998,573400167272517.5,-93.56386028364415
0.028000000000000094,-0.05199999999999998,527271892491357.3,-113.20004283386957
0.0320000000000001,-0.05199999999999998,504047833215979.6,-136.5920171887728
0.0360000000000001,-0.05199999999999998,462188499236975.9,-162.5023399220059
0.040000000000000105,-0.05199999999999998,420002070371542.1,171.78701872813573
0.04400000000000011,-0.05199999999999998,395358369091024.25,142.25657340538507
0.04800000000000011,-0.05199999999999998,374321250641435.9,110.58979617226906
0.052000000000000116,-0.05199999999999998,360275995755577.2,80.86720602027697
0.05600000000000012,-0.05199999999999998,328960084944258.75,48.108948979037336
0.06000000000000012,-0.05199999999999998,293977706251154.7,10.410810860725055
0.06400000000000013,-0.05199999999999998,262593173387992.9,-24.40558625852036
0.06800000000000013,-0.05199999999999998,249130483656101.3,-63.36352711543109
0.07200000000000013,-0.05199999999999998,246380659793303.34,-98.10725430918687
0.07600000000000014,-0.05199999999999998,218162008534358.06,-136.40942771051832
-0.08,-0.04799999999999997,218893965338539.25,-149.04006734106463
-0.076,-0.04799999999999997,224606943618759.12,-111.38761371075397
-0.072,-0.04799999999999997,245697555764742.94,-70.0352905212694
-0.06799999999999999,-0.04799999999999997,269703628840564.06,-32.75989168647995
-0.06399999999999999,-0.04799999999999997,299767397633173.4,4.588559804605347
-0.059999999999999984,-0.04799999999999997,313123450648656.0,40.10668231458323
-0.05599999999999998,-0.04799999999999997,337565708945912.8,77.02638750468743
-0.05199999999999998,-0.04799999999999997,382384827197839.44,110.2113926612753
-0.04799999999999997,-0.04799999999999997,407869593975676.2,143.95345379839947
-0.04399999999999997,-0.04799999999999997,444879406786460.44,177.69711253232248
-0.039999999999999966,-0.04799999999999997,471599177576598.06,-152.6814568781476
-0.03599999999999996,-0.04799999999999997,506966811592896.8,-124.53857950751545
-0.03199999999999996,-0.04799999999999997,552759614670655.4,-97.74129881761185
-0.027999999999999955,-0.04799999999999997,597334728722530.9,-74.11031910500698
-0.023999999999999952,-0.04799999999999997,620398520034898.8,-52.476972291226275
-0.01999999999999995,-0.04799999999999997,695261542217606.2,-32.816657960522264
-0.015999999999999945,-0.04799999999999997,716166823411995.2,-17.542087818579862
-0.011999999999999941,-0.04799999999999997,750037997501283.8,-5.8965873966650015
-0.007999999999999938,-0.04799999999999997,780272570565579.4,4.184849077718939
-0.003999999999999934,-0.04799999999999997,797934765280323.9,9.100862793774715
6.938893903907228e-17,-0.04799999999999997,789102091563894.0,11.337392235517763
0.004000000000000073,-0.04799999999999997,794927840355783.0,8.056998076533336
0.008000000000000076,-0.04799999999999997,785455354562162.4,3.8916718883171897
0.01200000000000008,-0.04799999999999997,748094225040834.5,-4.869549322698992
0.016000000000000084,-0.04799999999999997,713493679767931.8,-19.081585132928897
0.020000000000000087,-0.04799999999999997,679371474473975.5,-32.31511668667954
0.02400000000000009,-0.04799999999999997,639390996179538.6,-53.32424422846007
0.028000000000000094,-0.04799999999999997,604192428275199.9,-73.84973767527472
0.0320000000000001,-0.04799999999999997,561316483264515.6,-97.67469842451246
0.0360000000000001,-0.04799999999999997,517199139647002.0,-125.73257715804344
0.040000000000000105,-0.04799999999999997,474710220672477.1,-152.07476190908218
0.04400000000000011,-0.04799999999999997,432780793665869.6,177.51689235731004
0.04800000000000011,-0.04799999999999997,391376192100246.8,145.252876865045
0.052000000000000116,-0.04799999999999997,371313385220002.3,110.1797547490858
0.05600000000000012,-0.04799999999999997,343288484470448.0,77.12129878779304
0.06000000000000012,-0.04799999999999997,312097052181712.6,38.93021103292377
0.06400000000000013,-0.04799999999999997,295698774924927.56,1.9510681380865917
0.06800000000000013,-0.04799999999999997,273429391955103.94,-32.06377348421368
0.07200000000000013,-0.04799999999999997,246103539061420.8,-72.15289086721988
0.07600000000000014,-0.04799999999999997,240870239919437.9,-108.15641845663843
-0.08,-0.04399999999999997,220757598133582.5,-127.56028283025704
-0.076,-0.04399999999999997,240341358438870.28,-88.33884997559625
-0.072,-0.04399999999999997,268969481150164.56,-46.433533373827856
-0.06799999999999999,-0.04399999999999997,283969422364104.1,-7.650614471848406
-0.06399999999999999,-0.04399999999999997,308379917752325.06,33.05330953671989
-0.059999999999999984,-0.04399999999999997,348152174380714.25,67.35297235178284
-0.05599999999999998,-0.04399999999999997,377937596902276.06,108.3382967402751
-0.05199999999999998,-0.04399999999999997,413806019711623.0,141.39629300858093
-0.04799999999999997,-0.04399999999999997,434752454048809.8,176.5484863524986
-0.04399999999999997,-0.04399999999999997,465873751347622.3,-149.1842752191002
-0.039999999999999966,-0.04399999999999997,529465867974639.6,-118.15299432662175
-0.03599999999999996,-0.04399999999999997,569720347820484.5,-89.36166532439947
-0.03199999999999996,-0.04399999999999997,621326890700779.6,-60.30709005707375
-0.027999999999999955,-0.04399999999999997,686041086151798.6,-35.7341086649414
-0.023999999999999952,-0.04399999999999997,723779271402637.8,-11.808780070764968
-0.01999999999999995,-0.04399999999999997,779705634460644.4,6.819136938257151
-0.015999999999999945,-0.04399999999999997,837130793558951.8,24.87060269262953
-0.011999999999999941,-0.04399999999999997,872794950834413.8,36.66070788472714
-0.007999999999999938,-0.04399999999999997,907782511291498.0,48.16969959185559
-0.003999999999999934,-0.04399999999999997,931181164762260.6,53.598583204391836
6.938893903907228e-17,-0.04399999999999997,943427338332587.0,56.11636996989806
0.004000000000000073,-0.04399999999999997,939477325867661.4,53.90861572078797
0.008000000000000076,-0.04399999999999997,904173202269973.9,47.33105965043154
0.01200000000000008,-0.04399999999999997,876488176813774.5,38.454021497486146
0.016000000000000084,-0.04399999999999997,836607337060935.5,24.047539409482283
0.020000000000000087,-0.04399999999999997,773623025101644.0,7.0442205747070545
0.02400000000000009,-0.04399999999999997,719357826863932.2,-12.821554654001828
0.028000000000000094,-0.04399999999999997,672049794958975.4,-35.22197064771567
0.0320000000000001,-0.04399999999999997,629997659467278.6,-59.54277282828827
0.0360000000000001,-0.04399999999999997,572883385546891.4,-87.5396071151035
0.040000000000000105,-0.04399999999999997,528515100932203.7,-118.07683502862525
0.04400000000000011,-0.04399999999999997,488625186178852.94,-147.84321095491867
0.04800000000000011,-0.04399999999999997,443825136813457.2,178.67927873749483
0.052000000000000116,-0.04399999999999997,389512824624647.44,141.5836248668269
0.05600000000000012,-0.04399999999999997,357910731251026.0,106.08991021407465
0.06000000000000012,-0.04399999999999997,343951495807977.44,69.81996771322913
0.06400000000000013,-0.04399999999999997,316078876083865.4,32.0213880945971
0.06800000000000013,-0.04399999999999997,275382041974250.62,-9.18773948812078
0.07200000000000013,-0.04399999999999997,264733719162008.4,-45.39131908702496
0.07600000000000014,-0.04399999999999997,240236126817548.06,-86.89955223815934
-0.08,-0.039999999999999966,227076212513714.56,-109.4878923923421
-0.076,-0.039999999999999966,247820755603687.47,-63.14365595810274
-0.072,-0.039999999999999966,264133861209164.5,-24.987303200449716
-0.06799999999999999,-0.039999999999999966,300053565941234.9,19.6012650333574
-0.06399999999999999,-0.039999999999999966,318404323973346.44,56.734622166787936
-0.059999999999999984,-0.039999999999999966,346504499895459.1,97.88656926602023
-0.05599999999999998,-0.039999999999999966,380096197811737.7,134.19368232387757
-0.05199999999999998,-0.039999999999999966,426316073273754.75,171.7767837520023
-0.04799999999999997,-0.039999999999999966,477096921328518.75,-152.42272589412664
-0.04399999999999997,-0.039999999999999966,515416352445724.4,-119.09700526455606
-0.039999999999999966,-0.039999999999999966,573117019810393.4,-85.20834662924798
-0.03599999999999996,-0.039999999999999966,641317078566330.1,-54.28263849228443
-0.03199999999999996,-0.039999999999999966,701280417451263.0,-25.06859342138405
-0.027999999999999955,-0.039999999999999966,766000165304153.2,1.9740010777049253
-0.023999999999999952,-0.039999999999999966,853729589203453.6,25.747218676636127
-0.01999999999999995,-0.039999999999999966,906687113021435.9,47.03273841530332
-0.015999999999999945,-0.039999999999999966,976718901279404.1,65.90008652339661
-0.011999999999999941,-0.039999999999999966,1036158954376060.0,79.92611199042703
-0.007999999999999938,-0.039999999999999966,1089494620928637.5,90.402002242366
-0.003999999999999934,-0.039999999999999966,1104302514035052.0,97.04478061781221
6.938893903907228e-17,-0.039999999999999966,1123481956091117.8,99.01634615831126
0.004000000000000073,-0.039999999999999966,1119379644985563.4,97.12645296598893
0.008000000000000076,-0.039999999999999966,1085020979204865.8,90.34033580848369
0.01200000000000008,-0.039999999999999966,1039250004123860.4,79.98936195220703
0.016000000000000084,-0.039999999999999966,978856834293159.9,65.28171316800233
0.020000000000000087,-0.039999999999999966,910170452380094.2,47.09765515712861
0.02400000000000009,-0.039999999999999966,825563000061545.6,25.986729284881555
0.028000000000000094,-0.039999999999999966,767448578554951.0,1.8116886709456457
0.0320000000000001,-0.039999999999999966,705030060024630.6,-23.92495178775888
0.0360000000000001,-0.039999999999999966,637923164606123.9,-54.03886837110629
0.040000000000000105,-0.039999999999999966,575183137730975.1,-85.29768867613723
0.04400000000000011,-0.039999999999999966,524897419589997.75,-118.1586985631929
0.04800000000000011,-0.039999999999999966,476827375659900.25,-152.24063942459486
0.052000000000000116,-0.039999999999999966,435162492706665.25,171.69445237007568
0.05600000000000012,-0.039999999999999966,387005961098691.94,135.29542391267643
0.06000000000000012,-0.039999999999999966,349940908298587.8,94.19564528720542
0.06400000000000013,-0.039999999999999966,326364696228601.5,58.46830627470636
0.06800000000000013,-0.039999999999999966,304398054977927.75,17.35625993931412
0.07200000000000013,-0.039999999999999966,286115478120684.3,-22.102874262378705
0.07600000000000014,-0.039999999999999966,267970629696515.53,-64.98087092693666
-0.08,-0.03599999999999996,251324886025185.28,-88.45088924379658
-0.076,-0.03599999999999996,264220000342223.3,-43.60663168263547
-0.072,-0.03599999999999996,299453151282626.5,-1.32476466433133
-0.06799999999999999,-0.03599999999999996,314803722399052.3,40.15937347620512
-0.06399999999999999,-0.03599999999999996,347729776480727.8,81.05484873927891
-0.059999999999999984,-0.03599999999999996,372139655903057.3,121.58530157225256
-0.05599999999999998,-0.03599999999999996,428575848151413.3,160.1620752164369
-0.05199999999999998,-0.03599999999999996,456872901923944.3,-161.80399631553868
-0.04799999999999997,-0.03599999999999996,498077671647870.7,-123.28612617912245
-0.04399999999999997,-0.03599999999999996,568665710367723.8,-89.21896053455674
-0.039999999999999966,-0.03599999999999996,615842008012459.6,-54.96498501778211
-0.03599999999999996,-0.03599999999999996,708916916924686.9,-19.85893248173179
-0.03199999999999996,-0.03599999999999996,789467243762173.0,9.523580844791423
-0.027999999999999955,-0.03599999999999996,882598047253064.1,37.56216833806655
-0.023999999999999952,-0.03599999999999996,971509674352581.4,63.463006058029094
-0.01999999999999995,-0.03599999999999996,1071934744251035.5,85.95822743091654
-0.015999999999999945,-0.03599999999999996,1167780650908606.5,105.2673861124664
-0.011999999999999941,-0.03599999999999996,1259177988865207.2,121.42897428558274
-0.007999999999999938,-0.03599999999999996,1330493805572473.5,132.5113251230219
-0.003999999999999934,-0.03599999999999996,1372581586534547.0,139.0954960467084
6.938893903907228e-17,-0.03599999999999996,1382836848042611.5,141.48364967304798
0.004000000000000073,-0.03599999999999996,1366219740034748.5,139.2100149628629
0.008000000000000076,-0.03599999999999996,1315836744897940.0,132.20653321548627
0.01200000000000008,-0.03599999999999996,1256051185968165.5,121.03497017402948
0.016000000000000084,-0.03599999999999996,1154139063073253.2,105.39282678882951
0.020000000000000087,-0.03599999999999996,1076299824341345.5,86.21241454172028
0.02400000000000009,-0.03599999999999996,962496030537016.2,63.25604343621305
0.028000000000000094,-0.03599999999999996,875073270776856.2,38.06768716023314
0.0320000000000001,-0.03599999999999996,803756656614851.2,9.730305010422905
0.0360000000000001,-0.03599999999999996,713657833629117.6,-20.10360230302849
0.040000000000000105,-0.03599999999999996,640030282913993.0,-53.302547615312506
0.04400000000000011,-0.03599999999999996,572810216267512.2,-87.97970724949876
0.04800000000000011,-0.03599999999999996,508996658302463.44,-122.84954789080432
0.052000000000000116,-0.03599999999999996,466839666935984.3,-161.3042807914532
0.05600000000000012,-0.03599999999999996,424572540432491.25,159.20966347045515
0.06000000000000012,-0.03599999999999996,370381800830490.56,121.59496184565745
0.06400000000000013,-0.03599999999999996,334617169114342.5,79.59837735310175
0.06800000000000013,-0.03599999999999996,310522674441332.44,38.43224670737869
0.07200000000000013,-0.03599999999999996,293227112970403.44,0.9602854313534424
0.07600000000000014,-0.03599999999999996,267341556835379.38,-41.584486976810055
-0.08,-0.03199999999999996,244823355950328.16,-67.52895463387048
-0.076,-0.03199999999999996,265260772532119.38,-23.27842884403988
-0.072,-0.03199999999999996,301846320401581.0,16.077533259532732
-0.06799999999999999,-0.03199999999999996,331629551273345.4,61.57981981239797
-0.06399999999999999,-0.03199999999999996,352540780513256.75,102.97229121115593
-0.059999999999999984,-0.03199999999999996,404049678607799.5,145.24267736487195
-0.05599999999999998,-0.03199999999999996,452857808116622.5,-176.9518670130358
-0.05199999999999998,-0.03199999999999996,495443970900344.8,-135.98767918981028
-0.04799999999999997,-0.03199999999999996,553007332787090.56,-97.82271966788143
-0.04399999999999997,-0.03199999999999996,620003987560879.5,-60.962025074587906
-0.039999999999999966,-0.03199999999999996,694379241277471.8,-25.37410827707951
-0.03599999999999996,-0.03199999999999996,786256440906765.6,7.417235103049571
-0.03199999999999996,-0.03199999999999996,898266115937274.9,41.166001673982635
-0.027999999999999955,-0.03199999999999996,1005973867509087.6,71.39286221200167
-0.023999999999999952,-0.03199999999999996,1132637362344198.8,99.44347916796156
-0.01999999999999995,-0.03199999999999996,1266540223350630.0,123.8622913019939
-0.015999999999999945,-0.03199999999999996,1390093879953405.8,143.44448102936315
-0.011999999999999941,-0.03199999999999996,1528168643631218.5,160.67766342812453
-0.007999999999999938,-0.03199999999999996,1634693529974024.0,172.70209228008068
-0.003999999999999934,-0.03199999999999996,1703911214129539.2,-179.7632510120313
6.938893903907228e-17,-0.03199999999999996,1719825624546369.5,-177.0788873911282
0.004000000000000073,-0.03199999999999996,1707293071335280.5,-179.44655360765262
0.008000000000000076,-0.03199999999999996,1631241870726035.8,172.9665762002344
0.01200000000000008,-0.03199999999999996,1528630725631420.0,160.14859791017628
0.016000000000000084,-0.03199999999999996,1387294066899570.5,143.61364783122224
0.020000000000000087,-0.03199999999999996,1266823091441340.2,123.61571239041685
0.02400000000000009,-0.03199999999999996,1123809048072986.5,99.42461478471192
0.028000000000000094,-0.03199999999999996,995938412067239.2,71.56105594293417
0.0320000000000001,-0.03199999999999996,893732267442748.8,41.30078473831137
0.0360000000000001,-0.03199999999999996,795218431673171.5,9.492397354894369
0.040000000000000105,-0.03199999999999996,715757032397482.4,-25.530173323026577
0.04400000000000011,-0.03199999999999996,622382077505763.0,-60.60307446213346
0.04800000000000011,-0.03199999999999996,565157134078638.9,-97.64711522722047
0.052000000000000116,-0.03199999999999996,496023535955485.56,-136.63121233488718
0.05600000000000012,-0.03199999999999996,454251976094661.2,-174.79676669601275
0.06000000000000012,-0.03199999999999996,400779115043094.9,143.0112084896044
0.06400000000000013,-0.03199999999999996,362345172129010.44,103.32550393916527
0.06800000000000013,-0.03199999999999996,328605360618037.06,60.30858151509989
0.07200000000000013,-0.03199999999999996,286864219828519.94,20.404986614831895
0.07600000000000014,-0.03199999999999996,266141932677941.88,-26.663620875629327
-0.08,-0.027999999999999955,261901020759995.97,-51.30792175086564
-0.076,-0.027999999999999955,290032404226015.25,-6.3388118446680215
-0.072,-0.027999999999999955,322429579074209.0,36.70541790282069
-0.06799999999999999,-0.027999999999999955,341627409143461.75,79.20877836013852
-0.06399999999999999,-0.027999999999999955,371126967140413.9,122.72837537657675
-0.059999999999999984,-0.027999999999999955,417819022202450.94,165.1644926244354
-0.05599999999999998,-0.027999999999999955,465836675123642.4,-153.29349979462796
-0.05199999999999998,-0.027999999999999955,523862355211091.8,-113.80463605091876
-0.04799999999999997,-0.027999999999999955,596497000590942.6,-73.93123066381226
-0.04399999999999997,-0.027999999999999955,671292098691847.6,-35.98417598718118
-0.039999999999999966,-0.027999999999999955,767588246408954.9,2.3204244602814628
-0.03599999999999996,-0.027999999999999955,881480645135974.0,37.82053891036898
-0.03199999999999996,-0.027999999999999955,1012232844930988.8,71.29303040562603
-0.027999999999999955,-0.027999999999999955,1158435705640717.0,102.83640732511644
-0.023999999999999952,-0.027999999999999955,1324493575562122.5,132.08985277377857
-0.01999999999999995,-0.027999999999999955,1505581604296124.0,158.79746377691882
-0.015999999999999945,-0.027999999999999955,1714624788990532.8,-179.76449026681308
-0.011999999999999941,-0.027999999999999955,1899114475827886.2,-161.4860367652791
-0.007999999999999938,-0.027999999999999955,2067801590081617.0,-148.57872335403263
-0.003999999999999934,-0.027999999999999955,2178960097866005.5,-140.2168920635788
6.938893903907228e-17,-0.027999999999999955,2233502740086294.5,-137.55779219130952
0.004000000000000073,-0.027999999999999955,2183069989403890.5,-140.27044093670168
0.008000000000000076,-0.027999999999999955,2071994040892181.5,-148.56739453732234
0.01200000000000008,-0.027999999999999955,1905936132987373.5,-162.00407200923465
0.016000000000000084,-0.027999999999999955,1721869439385117.5,-179.96754721901792
0.020000000000000087,-0.027999999999999955,1500689941531409.2,158.1801183187467
0.02400000000000009,-0.027999999999999955,1317357743678298.0,132.59881797200256
0.028000000000000094,-0.027999999999999955,1146529973691551.2,102.64982338534607
0.0320000000000001,-0.027999999999999955,1011738890751405.1,71.76490125388018
0.0360000000000001,-0.027999999999999955,875478236057630.9,37.64480619753092
0.040000000000000105,-0.027999999999999955,761648131105209.2,2.3312502713031855
0.04400000000000011,-0.027999999999999955,668226603076884.8,-34.625939273165585
0.04800000000000011,-0.027999999999999955,611595706432140.0,-74.28761987133447
0.052000000000000116,-0.027999999999999955,532580401100581.0,-114.11439926901294
0.05600000000000012,-0.027999999999999955,472458308149347.94,-154.2844933554305
0.06000000000000012,-0.027999999999999955,423730429398971.25,163.0262545068472
0.06400000000000013,-0.027999999999999955,378773168111617.06,123.63948057299207
0.06800000000000013,-0.027999999999999955,338958600087641.06,78.57978449774913
0.07200000000000013,-0.027999999999999955,314640937164157.44,36.19733128362581
0.07600000000000014,-0.027999999999999955,289757761693343.75,-5.567069780748237
-0.08,-0.023999999999999952,267773916461254.34,-37.64725836686605
-0.076,-0.023999999999999952,297545496732098.06,7.4832794920803325
-0.072,-0.023999999999999952,322780471628411.5,52.266031951422725
-0.06799999999999999,-0.023999999999999952,355067130907402.0,97.01131052484185
-0.06399999999999999,-0.023999999999999952,396861497338065.7,138.43280269386898
-0.059999999999999984,-0.023999999999999952,440167136594609.7,-178.7034901183452
-0.05599999999999998,-0.023999999999999952,500039473693186.3,-135.10542226671936
-0.05199999999999998,-0.023999999999999952,560512313872244.2,-92.36630132759925
-0.04799999999999997,-0.023999999999999952,639726770224668.1,-52.19425215024016
-0.04399999999999997,-0.023999999999999952,743886920163852.8,-13.094945113929034
-0.039999999999999966,-0.023999999999999952,838796917224770.6,26.19040691846284
-0.03599999999999996,-0.023999999999999952,972798747893858.8,63.88451015011344
-0.03199999999999996,-0.023999999999999952,1148206763689038.0,99.02803149884178
-0.027999999999999955,-0.023999999999999952,1319762691020574.2,132.2313214108486
-0.023999999999999952,-0.023999999999999952,1554682925431723.8,162.59006547050245
-0.01999999999999995,-0.023999999999999952,1816122272140456.5,-169.4098006757117
-0.015999999999999945,-0.023999999999999952,2093374978727684.0,-145.91548595178523
-0.011999999999999941,-0.023999999999999952,2417138917598002.5,-126.37714483495665
-0.007999999999999938,-0.023999999999999952,2679517111030245.0,-112.1257834588576
-0.003999999999999934,-0.023999999999999952,2883233306663699.5,-103.66337802998481
6.938893903907228e-17,-0.023999999999999952,2973744728140243.0,-100.4476850507749
0.004000000000000073,-0.023999999999999952,2889794142507962.0,-103.5249406333706
0.008000000000000076,-0.023999999999999952,2695916562075580.5,-112.19751546044222
0.01200000000000008,-0.023999999999999952,2396422656281416.5,-126.30688058788644
0.016000000000000084,-0.023999999999999952,2102106945486090.5,-145.44288776466158
0.020000000000000087,-0.023999999999999952,1814934041514108.5,-169.24639023343371
0.02400000000000009,-0.023999999999999952,1552523157793018.5,162.85799894756735
0.028000000000000094,-0.023999999999999952,1323613335476745.5,132.68088756975555
0.0320000000000001,-0.023999999999999952,1125648935784984.6,98.78467212884185
0.0360000000000001,-0.023999999999999952,977444751806197.5,63.61255708004797
0.040000000000000105,-0.023999999999999952,834298761886093.5,26.35821672919105
0.04400000000000011,-0.023999999999999952,725316537617555.9,-11.842890537876364
0.04800000000000011,-0.023999999999999952,639086200343015.1,-52.21248562472622
0.052000000000000116,-0.023999999999999952,554509568043379.3,-93.68153853662984
0.05600000000000012,-0.023999999999999952,503224026396613.1,-135.1054575001122
0.06000000000000012,-0.023999999999999952,453955263098621.25,-177.23355246045486
0.06400000000000013,-0.023999999999999952,394974190569762.06,139.3330213850591
0.06800000000000013,-0.023999999999999952,353166327973543.06,95.65465605142165
0.07200000000000013,-0.023999999999999952,312324608757860.25,51.153248045753806
0.07600000000000014,-0.023999999999999952,288176157538950.9,6.932438381900037
-0.08,-0.01999999999999995,280804880580480.4,-24.57947267358264
-0.076,-0.01999999999999995,304056749477800.2,21.058129714606626
-0.072,-0.01999999999999995,331916249218844.8,65.78952639434186
-0.06799999999999999,-0.01999999999999995,372502896467003.7,108.84100074629805
-0.06399999999999999,-0.01999999999999995,403017358816748.6,154.58244989095556
-0.059999999999999984,-0.01999999999999995,459708314595153.6,-161.7053111919156
-0.05599999999999998,-0.01999999999999995,522531316466789.0,-118.78738044015158
-0.05199999999999998,-0.01999999999999995,598397817418191.2,-75.4804786179165
-0.04799999999999997,-0.01999999999999995,684300174962748.9,-32.83769146038107
-0.04399999999999997,-0.01999999999999995,770367320398270.6,7.897123820435021
-0.039999999999999966,-0.01999999999999995,910346701981340.6,46.94502577954467
-0.03599999999999996,-0.01999999999999995,1073211171839123.0,86.40874473569278
-0.03199999999999996,-0.01999999999999995,1261041622799409.8,123.459513801424
-0.027999999999999955,-0.01999999999999995,1506943386375614.2,158.62136185897847
-0.023999999999999952,-0.01999999999999995,1814846915250338.0,-169.7704461192652
-0.01999999999999995,-0.01999999999999995,2194201378292114.8,-140.4765325584537
-0.015999999999999945,-0.01999999999999995,2630723128393696.5,-115.17016040301965
-0.011999999999999941,-0.01999999999999995,3119482455554872.0,-94.55313625078989
-0.007999999999999938,-0.01999999999999995,3614574191952080.0,-79.3376024981187
-0.003999999999999934,-0.01999999999999995,3989020344785845.5,-70.03461537665957
6.938893903907228e-17,-0.01999999999999995,4144353793111857.5,-66.94013754150093
0.004000000000000073,-0.01999999999999995,4002716927360617.0,-70.03403865331485
0.008000000000000076,-0.01999999999999995,3607338728310526.5,-79.24736169686405
0.01200000000000008,-0.01999999999999995,3114333395815660.5,-94.42971702850312
0.016000000000000084,-0.01999999999999995,2631217491500667.0,-114.95247316735265
0.020000000000000087,-0.01999999999999995,2178133028002875.0,-140.45987335395918
0.02400000000000009,-0.01999999999999995,1814172082568631.5,-169.42930417948367
0.028000000000000094,-0.01999999999999995,1504734069950313.2,157.96605520945815
0.0320000000000001,-0.01999999999999995,1261823386523191.8,123.34245881507593
0.0360000000000001,-0.01999999999999995,1052846358133906.8,85.18205477576146
0.040000000000000105,-0.01999999999999995,896459681294323.4,48.04542540126484
0.04400000000000011,-0.01999999999999995,766655155107703.8,8.206762154973449
0.04800000000000011,-0.01999999999999995,679197408833810.8,-33.895673844965145
0.052000000000000116,-0.01999999999999995,588659305402497.2,-74.62123964384519
0.05600000000000012,-0.01999999999999995,522346350580177.75,-119.24766521298477
0.06000000000000012,-0.01999999999999995,468101190282112.2,-161.6091976479229
0.06400000000000013,-0.01999999999999995,417908324404512.94,153.7858099513803
0.06800000000000013,-0.01999999999999995,363245031142742.7,108.92835312469757
0.07200000000000013,-0.01999999999999995,339303794426655.94,66.33320562240765
0.07600000000000014,-0.01999999999999995,301723042305470.9,24.364307644832305
-0.08,-0.015999999999999945,285773344824418.75,-13.733995854822622
-0.076,-0.015999999999999945,315266878188938.75,31.25009378810139
-0.072,-0.015999999999999945,327475541825843.6,76.46243749037762
-0.06799999999999999,-0.015999999999999945,376530311243040.25,123.88624915473328
-0.06399999999999999,-0.015999999999999945,433020449334116.1,166.61283215060396
-0.059999999999999984,-0.015999999999999945,479670808119453.6,-148.5578941594817
-0.05599999999999998,-0.015999999999999945,549828480133609.3,-104.52648988413272
-0.05199999999999998,-0.015999999999999945,617728949629710.1,-60.56838299952852
-0.04799999999999997,-0.015999999999999945,715068249404071.2,-16.989322136386924
-0.04399999999999997,-0.015999999999999945,833823794753229.4,24.911005337334934
-0.039999999999999966,-0.015999999999999945,981802558453088.5,65.61664224938433
-0.03599999999999996,-0.015999999999999945,1154273432305073.0,105.65770781037739
-0.03199999999999996,-0.015999999999999945,1398624868910428.2,143.52639289697152
-0.027999999999999955,-0.015999999999999945,1704039367905720.2,-179.68687617523616
-0.023999999999999952,-0.015999999999999945,2101507752538658.0,-145.4699059310944
-0.01999999999999995,-0.015999999999999945,2634366513102615.0,-115.21111347266687
-0.015999999999999945,-0.015999999999999945,3305335960202710.0,-88.55902617243228
-0.011999999999999941,-0.015999999999999945,4135187202174228.0,-66.97936204749215
-0.007999999999999938,-0.015999999999999945,5049641318091578.0,-51.19599207535241
-0.003999999999999934,-0.015999999999999945,5832808831462806.0,-41.658675771642514
6.938893903907228e-17,-0.015999999999999945,6134561193063991.0,-38.632952149505954
0.004000000000000073,-0.015999999999999945,5831404137907600.0,-41.831747799673956
0.008000000000000076,-0.015999999999999945,5035841654334592.0,-51.296577162878286
0.01200000000000008,-0.015999999999999945,4131063076761914.5,-66.95507398512663
0.016000000000000084,-0.015999999999999945,3308871177229028.5,-88.54311296350734
0.020000000000000087,-0.015999999999999945,2617359559197374.5,-115.18499583238646
0.02400000000000009,-0.015999999999999945,2111294102592377.8,-145.8559653454463
0.028000000000000094,-0.015999999999999945,1711922373870568.8,-179.32691569918657
0.0320000000000001,-0.015999999999999945,1408441166617150.2,144.1767087393435
0.0360000000000001,-0.015999999999999945,1163988958689301.2,105.43279300982837
0.040000000000000105,-0.015999999999999945,980172405303324.8,65.11806184836479
0.04400000000000011,-0.015999999999999945,821614384729606.0,24.512816371484142
0.04800000000000011,-0.015999999999999945,717917522581686.5,-17.307253559434788
0.052000000000000116,-0.015999999999999945,624785970249111.9,-60.91711995030543
0.05600000000000012,-0.015999999999999945,545403646072594.9,-104.20513385652299
0.06000000000000012,-0.015999999999999945,468251441562830.44,-147.9840878219724
0.06400000000000013,-0.015999999999999945,428621293146144.6,167.97349166483588
0.06800000000000013,-0.015999999999999945,388338845647903.25,121.53441604181857
0.07200000000000013,-0.015999999999999945,348542087066472.8,77.60084421282646
0.07600000000000014,-0.015999999999999945,301348859901584.2,29.667982390215183
-0.08,-0.011999999999999941,276376699765832.03,-5.114711006389463
-0.076,-0.011999999999999941,304706730525322.7,39.42877682808199
-0.072,-0.011999999999999941,356025795108468.06,87.07919275621492
-0.06799999999999999,-0.011999999999999941,388068784295614.5,131.30952580653093
-0.06399999999999999,-0.011999999999999941,435969393749661.8,177.25911704170198
-0.059999999999999984,-0.011999999999999941,495917660639192.5,-139.34311853288423
-0.05599999999999998,-0.011999999999999941,558008604860961.25,-94.03872019036181
-0.05199999999999998,-0.011999999999999941,628350775019619.0,-48.199893566163624
-0.04799999999999997,-0.011999999999999941,740508361458294.4,-3.8135666552423335
-0.04399999999999997,-0.011999999999999941,876614828549884.6,38.4031455226153
-0.039999999999999966,-0.011999999999999941,1043851312174461.8,79.78019648671423
-0.03599999999999996,-0.011999999999999941,1254896781521341.0,120.38126359600656
-0.03199999999999996,-0.011999999999999941,1528777432003081.5,160.46397462799357
-0.027999999999999955,-0.011999999999999941,1899473424398729.8,-161.5901582148125
-0.023999999999999952,-0.011999999999999941,2417035977814920.5,-126.4747825847233
-0.01999999999999995,-0.011999999999999941,3121653765460370.0,-94.5520410377369
-0.015999999999999945,-0.011999999999999941,4133036049831457.5,-67.05294538166864
-0.011999999999999941,-0.011999999999999941,5540011316847988.0,-44.75872857390142
-0.007999999999999938,-0.011999999999999941,7335901777518471.0,-29.34478694650609
-0.003999999999999934,-0.011999999999999941,9145747056760326.0,-20.477678795108357
6.938893903907228e-17,-0.011999999999999941,9965715297665812.0,-17.70857164895327
0.004000000000000073,-0.011999999999999941,9155114585822514.0,-20.52037397675254
0.008000000000000076,-0.011999999999999941,7331549895340287.0,-29.302633516207596
0.01200000000000008,-0.011999999999999941,5533106625638741.0,-44.934222098228375
0.016000000000000084,-0.011999999999999941,4126946762699176.5,-67.0190928507155
0.020000000000000087,-0.011999999999999941,3116678176237166.5,-94.29889022784701
0.02400000000000009,-0.011999999999999941,2411239332151310.0,-126.43629580900249
0.028000000000000094,-0.011999999999999941,1900063695157173.5,-161.85778602860995
0.0320000000000001,-0.011999999999999941,1526851773541877.2,160.9555219927172
0.0360000000000001,-0.011999999999999941,1246666085874224.8,120.97319089430638
0.040000000000000105,-0.011999999999999941,1043403436698808.1,80.44889357553258
0.04400000000000011,-0.011999999999999941,877692914759872.6,37.24061487518456
0.04800000000000011,-0.011999999999999941,745249378688845.5,-3.7468850083674132
0.052000000000000116,-0.011999999999999941,638115887842434.0,-50.35755515666885
0.05600000000000012,-0.011999999999999941,557939248182684.0,-94.53484183524007
0.06000000000000012,-0.011999999999999941,492296907826780.0,-135.59641265281513
0.06400000000000013,-0.011999999999999941,448644113826893.94,176.36491958754146
0.06800000000000013,-0.011999999999999941,383275296090181.25,132.18078389638978
0.07200000000000013,-0.011999999999999941,358561137039160.6,87.79713743419398
0.07600000000000014,-0.011999999999999941,308299360501139.4,38.88777605528422
-0.08,-0.007999999999999938,284609318434856.8,-0.4677118192607382
-0.076,-0.007999999999999938,304765251569648.4,46.92986415406604
-0.072,-0.007999999999999938,360541083701053.06,92.07490999261226
-0.06799999999999999,-0.007999999999999938,404021680005035.5,137.37174588446055
-0.06399999999999999,-0.007999999999999938,441476013145355.3,-176.66292247668105
-0.059999999999999984,-0.007999999999999938,504685235600978.06,-128.6874024557556
-0.05599999999999998,-0.007999999999999938,573971774071869.5,-85.56494724743649
-0.05199999999999998,-0.007999999999999938,662188912188145.2,-40.18314886744508
-0.04799999999999997,-0.007999999999999938,759045146377152.9,4.054015235688527
-0.04399999999999997,-0.007999999999999938,905876944126163.6,47.89146413223986
-0.039999999999999966,-0.007999999999999938,1091509080449285.1,90.22113410003733
-0.03599999999999996,-0.007999999999999938,1319552118806472.8,132.85860153584747
-0.03199999999999996,-0.007999999999999938,1639454033444615.5,172.65083013245646
-0.027999999999999955,-0.007999999999999938,2069996424894801.2,-148.3124628464084
-0.023999999999999952,-0.007999999999999938,2680542099569119.5,-112.23662856813206
-0.01999999999999995,-0.007999999999999938,3618220934514571.5,-79.35733024878995
-0.015999999999999945,-0.007999999999999938,5044669783917365.0,-51.4108926421364
-0.011999999999999941,-0.007999999999999938,7337201716224421.0,-29.392657025708083
-0.007999999999999938,-0.007999999999999938,1.0938381738746e+16,-14.964616373301658
-0.003999999999999934,-0.007999999999999938,1.5487648248795542e+16,-7.774781828776739
6.938893903907228e-17,-0.007999999999999938,1.7947025808612794e+16,-5.725411264548078
0.004000000000000073,-0.007999999999999938,1.5500208774577914e+16,-7.7747138636948625
0.008000000000000076,-0.007999999999999938,1.0940911708866642e+16,-14.941483128879025
0.01200000000000008,-0.007999999999999938,7336160038270759.0,-29.311264758780453
0.016000000000000084,-0.007999999999999938,5034294073765557.0,-51.260046778700605
0.020000000000000087,-0.007999999999999938,3615418546158253.0,-79.29486759217386
0.02400000000000009,-0.007999999999999938,2687917421046321.0,-112.24365373624526
0.028000000000000094,-0.007999999999999938,2080378846406309.0,-148.3152768373006
0.0320000000000001,-0.007999999999999938,1643504911050961.8,172.66955731940953
0.0360000000000001,-0.007999999999999938,1312149092947743.8,132.62195889607844
0.040000000000000105,-0.007999999999999938,1083200668320077.0,90.75209861687308
0.04400000000000011,-0.007999999999999938,908002441366640.8,48.00422332727559
0.04800000000000011,-0.007999999999999938,784147329971816.0,4.9597865002944195
0.052000000000000116,-0.007999999999999938,674705262426161.1,-40.032933927606074
0.05600000000000012,-0.007999999999999938,562653875404316.5,-85.37681990032668
0.06000000000000012,-0.007999999999999938,512398885235755.94,-131.83446508078634
0.06400000000000013,-0.007999999999999938,434945483582281.7,-176.8833331322852
0.06800000000000013,-0.007999999999999938,384640797198109.1,139.3661303746787
0.07200000000000013,-0.007999999999999938,356897369357333.0,92.8678979668142
0.07600000000000014,-0.007999999999999938,326370273839215.5,47.220107761130706
-0.08,-0.003999999999999934,293148957699248.94,2.108393169874086
-0.076,-0.003999999999999934,328515105892227.44,47.83806928386077
-0.072,-0.003999999999999934,363477292862854.5,96.8980469408088
-0.06799999999999999,-0.003999999999999934,402665500723962.56,144.2828314493479
-0.06399999999999999,-0.003999999999999934,451080887675593.8,-170.128576604103
-0.059999999999999984,-0.003999999999999934,508929278786513.56,-126.4720989678506
-0.05599999999999998,-0.003999999999999934,597260024864819.1,-81.04381558736297
-0.05199999999999998,-0.003999999999999934,679436657670194.9,-35.910504423533624
-0.04799999999999997,-0.003999999999999934,795199638686988.2,8.751593553640381
-0.04399999999999997,-0.003999999999999934,938828837979847.4,53.73529302527603
-0.039999999999999966,-0.003999999999999934,1119925878576373.2,97.27431384402009
-0.03599999999999996,-0.003999999999999934,1356406616811672.8,139.13935961119162
-0.03199999999999996,-0.003999999999999934,1707263056414650.0,-179.03581296164998
-0.027999999999999955,-0.003999999999999934,2196551197112341.8,-139.92057384846635
-0.023999999999999952,-0.003999999999999934,2885956950295749.5,-103.27858265593518
-0.01999999999999995,-0.003999999999999934,3997799250317169.5,-70.10784950028342
-0.015999999999999945,-0.003999999999999934,5811162328867472.0,-41.71003061403993
-0.011999999999999941,-0.003999999999999934,9139253906665854.0,-20.501365690574954
-0.007999999999999938,-0.003999999999999934,1.5510340984377428e+16,-7.71501269823866
-0.003999999999999934,-0.003999999999999934,2.5888566176385508e+16,-2.4059856964057653
6.938893903907228e-17,-0.003999999999999934,3.26795235159658e+16,-1.2090168443958336
0.004000000000000073,-0.003999999999999934,2.588473387120965e+16,-2.3827706377163613
0.008000000000000076,-0.003999999999999934,1.5510530127091478e+16,-7.729734629610487
0.01200000000000008,-0.003999999999999934,9149248877552032.0,-20.47201208627517
0.016000000000000084,-0.003999999999999934,5817062108727223.0,-41.63364645781396
0.020000000000000087,-0.003999999999999934,3976982891524006.0,-70.1581497576394
0.02400000000000009,-0.003999999999999934,2899078449683479.0,-103.48576265186246
0.028000000000000094,-0.003999999999999934,2180485009517149.8,-140.3479641934695
0.0320000000000001,-0.003999999999999934,1695789284896427.5,179.92630882578595
0.0360000000000001,-0.003999999999999934,1371664712729910.5,139.091845463584
0.040000000000000105,-0.003999999999999934,1106497426708133.5,96.65529216137435
0.04400000000000011,-0.003999999999999934,936707947376294.8,53.049942929212364
0.04800000000000011,-0.003999999999999934,785452574556644.1,8.995056783385243
0.052000000000000116,-0.003999999999999934,672474625922741.4,-35.75267155739011
0.05600000000000012,-0.003999999999999934,564757711085874.2,-81.12540890285423
0.06000000000000012,-0.003999999999999934,521167117484131.9,-127.12026729474488
0.06400000000000013,-0.003999999999999934,444401691780931.0,-170.48622664335795
0.06800000000000013,-0.003999999999999934,405575025244013.94,142.48031654060733
0.07200000000000013,-0.003999999999999934,357536871393522.6,96.88967753807293
0.07600000000000014,-0.003999999999999934,319984497494287.3,47.20158615872111
-0.08,6.938893903907228e-17,287899766455845.1,4.44453267690187
-0.076,6.938893903907228e-17,318366187796257.4,50.457221498619695
-0.072,6.938893903907228e-17,349951294066663.1,95.21539937485913
-0.06799999999999999,6.938893903907228e-17,412059252699917.5,143.13762844250851
-0.06399999999999999,6.938893903907228e-17,468273396395872.9,-170.02081896885315
-0.059999999999999984,6.938893903907228e-17,512481436932977.8,-124.65725744714092
-0.05599999999999998,6.938893903907228e-17,583962069391552.1,-79.73300353419364
-0.05199999999999998,6.938893903907228e-17,686786328036310.4,-33.80706790477117
-0.04799999999999997,6.938893903907228e-17,783676755142730.4,10.69849164439613
-0.04399999999999997,6.938893903907228e-17,947659383679940.8,55.543749004538434
-0.039999999999999966,6.938893903907228e-17,1119973929951071.8,99.0729316381636
-0.03599999999999996,6.938893903907228e-17,1376507252546477.0,141.65763431094095
-0.03199999999999996,6.938893903907228e-17,1722991898645372.8,-177.44191460107922
-0.027999999999999955,6.938893903907228e-17,2230201434935788.0,-137.57710419134287
-0.023999999999999952,6.938893903907228e-17,2974842719006815.0,-100.40379695617037
-0.01999999999999995,6.938893903907228e-17,4122257757244040.0,-67.11777380853506
-0.015999999999999945,6.938893903907228e-17,6132666647105799.0,-38.59159129386814
-0.011999999999999941,6.938893903907228e-17,9962798783739536.0,-17.734295995330953
-0.007999999999999938,6.938893903907228e-17,1.7936458650565718e+16,-5.664696350973268
-0.003999999999999934,6.938893903907228e-17,3.2691588443892028e+16,-1.200414361106187
6.938893903907228e-17,6.938893903907228e-17,4.333277711309352e+16,-0.3148338722106215
0.004000000000000073,6.938893903907228e-17,3.268679549936533e+16,-1.2056815844574158
0.008000000000000076,6.938893903907228e-17,1.7935490116832348e+16,-5.679101547835872
0.01200000000000008,6.938893903907228e-17,9969425839244820.0,-17.75147344129518
0.016000000000000084,6.938893903907228e-17,6135354678294709.0,-38.63304158250425
0.020000000000000087,6.938893903907228e-17,4138325716259430.0,-66.98243029300605
0.02400000000000009,6.938893903907228e-17,2964091132972961.0,-100.33545166034108
0.028000000000000094,6.938893903907228e-17,2228947763605535.0,-137.4057628043614
0.0320000000000001,6.938893903907228e-17,1741592515625922.5,-176.94329929250642
0.0360000000000001,6.938893903907228e-17,1386775703448503.8,141.10471965391565
0.040000000000000105,6.938893903907228e-17,1124619030982688.9,99.30407270569576
0.04400000000000011,6.938893903907228e-17,941830397304284.0,55.26419887057655
0.04800000000000011,6.938893903907228e-17,789097239424903.0,11.059059779497506
0.052000000000000116,6.938893903907228e-17,668459412104703.1,-34.57497767557093
0.05600000000000012,6.938893903907228e-17,588419634402254.5,-78.49348731035562
0.06000000000000012,6.938893903907228e-17,506206879353693.9,-123.78706949722879
0.06400000000000013,6.938893903907228e-17,451979946181651.8,-169.81572178418963
0.06800000000000013,6.938893903907228e-17,399168706473119.5,144.55071457680808
0.07200000000000013,6.938893903907228e-17,344216184086177.44,98.05156301856749
0.07600000000000014,6.938893903907228e-17,313595971954632.6,51.458943209375384
-0.08,0.004000000000000073,290571460852682.75,3.885561893454243
-0.076,0.004000000000000073,315724045531707.7,50.252262756557236
-0.072,0.004000000000000073,360576154286276.9,98.5953671042336
-0.06799999999999999,0.004000000000000073,403261179154117.2,142.59468095991957
-0.06399999999999999,0.004000000000000073,444795319079249.5,-171.8056847160527
-0.059999999999999984,0.004000000000000073,515011980423227.5,-127.08413036926166
-0.05599999999999998,0.004000000000000073,587284662486442.9,-79.76963500021517
-0.05199999999999998,0.004000000000000073,677724440203086.9,-35.56277719369301
-0.04799999999999997,0.004000000000000073,785868345634990.4,11.044322503273664
-0.04399999999999997,0.004000000000000073,921875135047701.0,53.66261891201281
-0.039999999999999966,0.004000000000000073,1117771285156305.8,96.92882434781357
-0.03599999999999996,0.004000000000000073,1370779458924811.8,138.9582838953097
-0.03199999999999996,0.004000000000000073,1712773862316529.5,-179.63086398934468
-0.027999999999999955,0.004000000000000073,2185620137032134.8,-140.36240947764557
-0.023999999999999952,0.004000000000000073,2881907802121483.5,-103.63811127159684
-0.01999999999999995,0.004000000000000073,3979532256430768.0,-70.08668695028018
-0.015999999999999945,0.004000000000000073,5816213122593802.0,-41.73207120011967
-0.011999999999999941,0.004000000000000073,9139580211951406.0,-20.40659467531636
-0.007999999999999938,0.004000000000000073,1.550253130703165e+16,-7.766418840991232
-0.003999999999999934,0.004000000000000073,2.5891667313810016e+16,-2.3755232659374603
6.938893903907228e-17,0.004000000000000073,3.2685141269380932e+16,-1.2048875956148868
0.004000000000000073,0.004000000000000073,2.5875950632917436e+16,-2.398434939145893
0.008000000000000076,0.004000000000000073,1.5501991294316336e+16,-7.727633869167102
0.01200000000000008,0.004000000000000073,9130606958167618.0,-20.492339562009068
0.016000000000000084,0.004000000000000073,5824768496520682.0,-41.78263498763107
0.020000000000000087,0.004000000000000073,3991842719599145.0,-70.03535066418014
0.02400000000000009,0.004000000000000073,2890087559990850.5,-103.65440139398133
0.028000000000000094,0.004000000000000073,2189655675691373.0,-140.3021257302719
0.0320000000000001,0.004000000000000073,1708925866577479.8,-179.49602554039026
0.0360000000000001,0.004000000000000073,1362802658504983.2,139.34944465442936
0.040000000000000105,0.004000000000000073,1113632816059532.1,97.79365131000596
0.04400000000000011,0.004000000000000073,929792467148828.4,53.81636198495971
0.04800000000000011,0.004000000000000073,784608043853749.6,9.461433638716471
0.052000000000000116,0.004000000000000073,672024218222313.4,-35.051584579505246
0.05600000000000012,0.004000000000000073,586460179025511.2,-79.52555591275575
0.06000000000000012,0.004000000000000073,497290498841375.56,-126.63720993111185
0.06400000000000013,0.004000000000000073,444542865108061.44,-171.45512916974369
0.06800000000000013,0.004000000000000073,391863237062332.2,142.7700258676036
0.07200000000000013,0.004000000000000073,360213876470197.3,97.23552098218616
0.07600000000000014,0.004000000000000073,312994227093229.0,49.62258303936283
-0.08,0.008000000000000076,278218550275242.7,-0.3577518590576224
-0.076,0.008000000000000076,311780284035991.4,46.90062834473508
-0.072,0.008000000000000076,360289882460321.6,92.96129075664554
-0.06799999999999999,0.008000000000000076,391774381555201.44,139.06227647500475
-0.06399999999999999,0.008000000000000076,443388265606078.2,-175.7558268292894
-0.059999999999999984,0.008000000000000076,495021409977943.8,-130.18174325092224
-0.05599999999999998,0.008000000000000076,584223270723717.1,-85.18071915769801
-0.05199999999999998,0.008000000000000076,654396231924296.2,-40.1777047456585
-0.04799999999999997,0.008000000000000076,771055132514338.6,3.4444166547165525
-0.04399999999999997,0.008000000000000076,904415034763091.9,47.69313317042236
-0.039999999999999966,0.008000000000000076,1081732064041729.1,90.44700345642907
-0.03599999999999996,0.008000000000000076,1326590878801917.5,132.0956792806179
-0.03199999999999996,0.008000000000000076,1621513316736214.8,173.0197436204992
-0.027999999999999955,0.008000000000000076,2060196129745070.2,-148.41228917020246
-0.023999999999999952,0.008000000000000076,2699491764845711.5,-112.15131580306759
-0.01999999999999995,0.008000000000000076,3626037169491649.0,-79.27651324590376
-0.015999999999999945,0.008000000000000076,5041370807557245.0,-51.25251396695166
-0.011999999999999941,0.008000000000000076,7332460057206902.0,-29.339932319110776
-0.007999999999999938,0.008000000000000076,1.093528593386967e+16,-14.98345700688775
-0.003999999999999934,0.008000000000000076,1.550526306276842e+16,-7.719323385617811
6.938893903907228e-17,0.008000000000000076,1.7944538018514724e+16,-5.68667480452734
0.004000000000000073,0.008000000000000076,1.5509333358803994e+16,-7.729512403080332
0.008000000000000076,0.008000000000000076,1.0936207935486748e+16,-14.979790827983095
0.01200000000000008,0.008000000000000076,7341214975624062.0,-29.33671241778157
0.016000000000000084,0.008000000000000076,5060051901250039.0,-51.39049706148917
0.020000000000000087,0.008000000000000076,3613842583275657.0,-79.16013539062396
0.02400000000000009,0.008000000000000076,2679542150645993.5,-112.19587652086604
0.028000000000000094,0.008000000000000076,2079472201147911.8,-148.44128816859336
0.0320000000000001,0.008000000000000076,1623602431943329.0,172.84106637164038
0.0360000000000001,0.008000000000000076,1324384175327735.2,132.2045178121376
0.040000000000000105,0.008000000000000076,1080174431638263.4,90.65312286018724
0.04400000000000011,0.008000000000000076,916170803520525.1,48.02987555970976
0.04800000000000011,0.008000000000000076,771577652962293.1,4.144669133520241
0.052000000000000116,0.008000000000000076,671868930973670.9,-40.789477064948976
0.05600000000000012,0.008000000000000076,588451204577405.5,-84.87582043134653
0.06000000000000012,0.008000000000000076,512521387442660.5,-131.7611521692353
0.06400000000000013,0.008000000000000076,443456749949144.5,-173.63469349608874
0.06800000000000013,0.008000000000000076,384465881255294.25,138.26329916188988
0.07200000000000013,0.008000000000000076,356958733398024.8,91.81644114728829
0.07600000000000014,0.008000000000000076,314841983560204.8,46.66779478622473
-0.08,0.01200000000000008,275030871558525.06,-6.0898100790203875
-0.076,0.01200000000000008,310526005772268.8,39.831930124621124
-0.072,0.01200000000000008,345091231313521.94,86.31695558377307
-0.06799999999999999,0.01200000000000008,390914674548055.0,131.19168147780482
-0.06399999999999999,0.01200000000000008,438058944317885.75,177.85526396298158
-0.059999999999999984,0.01200000000000008,502512758957355.75,-139.37821852718494
-0.05599999999999998,0.01200000000000008,556373364341875.2,-95.06752440459319
-0.05199999999999998,0.01200000000000008,642621150727856.4,-49.35108545169604
-0.04799999999999997,0.01200000000000008,746989667866644.8,-5.190071059414625
-0.04399999999999997,0.01200000000000008,886201029469050.2,38.21812079200329
-0.039999999999999966,0.01200000000000008,1041917673573526.4,79.98703231619479
-0.03599999999999996,0.01200000000000008,1259131327544772.0,120.79472366654522
-0.03199999999999996,0.01200000000000008,1524809935993596.0,160.57649201446768
-0.027999999999999955,0.01200000000000008,1904971779639848.5,-161.63041141442875
-0.023999999999999952,0.01200000000000008,2411627355611416.0,-126.3143563021146
-0.01999999999999995,0.01200000000000008,3137869432784402.0,-94.8350826226721
-0.015999999999999945,0.01200000000000008,4135890826345285.5,-66.86794777393172
-0.011999999999999941,0.01200000000000008,5533946214872405.0,-44.989138864786476
-0.007999999999999938,0.01200000000000008,7338674173068362.0,-29.26335612738919
-0.003999999999999934,0.01200000000000008,9143757611809278.0,-20.486076688017686
6.938893903907228e-17,0.01200000000000008,9960595176936314.0,-17.651193070254283
0.004000000000000073,0.01200000000000008,9133749401785514.0,-20.48937238993253
0.008000000000000076,0.01200000000000008,7342756767333684.0,-29.356844469005306
0.01200000000000008,0.01200000000000008,5530987514088267.0,-44.87843215316336
0.016000000000000084,0.01200000000000008,4143464805800914.0,-66.86678546869506
0.020000000000000087,0.01200000000000008,3118401263182120.5,-94.61105904512578
0.02400000000000009,0.01200000000000008,2409330365969518.0,-126.52118916395129
0.028000000000000094,0.01200000000000008,1897186715980379.0,-161.50385353287666
0.0320000000000001,0.01200000000000008,1525265886891476.2,160.8561652038939
0.0360000000000001,0.01200000000000008,1251867080182586.2,120.52167381599253
0.040000000000000105,0.01200000000000008,1049771987274151.8,79.99078893962557
0.04400000000000011,0.01200000000000008,885089145298764.6,37.428757311612166
0.04800000000000011,0.01200000000000008,750148725372460.0,-3.9092926773229024
0.052000000000000116,0.01200000000000008,629892327765111.1,-49.79550000182448
0.05600000000000012,0.01200000000000008,566747016535430.5,-91.74385283737621
0.06000000000000012,0.01200000000000008,492292342983076.44,-138.68634586906515
0.06400000000000013,0.01200000000000008,440461492581337.3,177.2768885263285
0.06800000000000013,0.01200000000000008,381120523997471.3,133.08701292861252
0.07200000000000013,0.01200000000000008,353426414996114.3,86.65082045128229
0.07600000000000014,0.01200000000000008,315042995669564.06,39.35818187867356
-0.08,0.016000000000000084,287607308744011.6,-14.001012102463381
-0.076,0.016000000000000084,318411496541744.25,31.78422749780796
-0.072,0.016000000000000084,343709117194039.94,76.85360875255614
-0.06799999999999999,0.016000000000000084,374496619600650.8,121.62018547773383
-0.06399999999999999,0.016000000000000084,430516975932576.7,166.92685227917698
-0.059999999999999984,0.016000000000000084,480012682180012.1,-147.9512022455211
-0.05599999999999998,0.016000000000000084,551318000745810.44,-104.82485866625561
-0.05199999999999998,0.016000000000000084,631717332145898.0,-61.190470848595105
-0.04799999999999997,0.016000000000000084,712696474212326.2,-17.666093255666578
-0.04399999999999997,0.016000000000000084,832781028548285.2,24.07854292365371
-0.039999999999999966,0.016000000000000084,981290792061917.5,65.12077051966314
-0.03599999999999996,0.016000000000000084,1163711094036896.8,105.38641834676736
-0.03199999999999996,0.016000000000000084,1401163025819163.2,143.62504885735137
-0.027999999999999955,0.016000000000000084,1705735160040489.2,-179.6946817857885
-0.023999999999999952,0.016000000000000084,2097674935703655.5,-145.36297724962267
-0.01999999999999995,0.016000000000000084,2618690394520293.5,-114.84925662473431
-0.015999999999999945,0.016000000000000084,3306692732533194.5,-88.60791997742264
-0.011999999999999941,0.016000000000000084,4132209056362134.0,-66.97162314342835
-0.007999999999999938,0.016000000000000084,5049107203073810.0,-51.218339253244736
-0.003999999999999934,0.016000000000000084,5827493269418859.0,-41.76981977646377
6.938893903907228e-17,0.016000000000000084,6130138434881785.0,-38.65138553309527
0.004000000000000073,0.016000000000000084,5826116344309519.0,-41.72032248366334
0.008000000000000076,0.016000000000000084,5047493546992620.0,-51.22521297196703
0.01200000000000008,0.016000000000000084,4125908752578192.5,-67.03995403657146
0.016000000000000084,0.016000000000000084,3299420235647350.5,-88.49259686183599
0.020000000000000087,0.016000000000000084,2623693902173873.5,-115.28046925038966
0.02400000000000009,0.016000000000000084,2107208160007832.5,-145.96472756031096
0.028000000000000094,0.016000000000000084,1711408178089329.2,179.94819291087867
0.0320000000000001,0.016000000000000084,1395265846702385.2,144.0176858229198
0.0360000000000001,0.016000000000000084,1159164903664287.8,105.14047440542379
0.040000000000000105,0.016000000000000084,985780867686324.5,65.35589046805592
0.04400000000000011,0.016000000000000084,824920074434342.2,24.34771922747003
0.04800000000000011,0.016000000000000084,707328017296933.1,-18.66562061213406
0.052000000000000116,0.016000000000000084,619758582953835.6,-60.45100826859325
0.05600000000000012,0.016000000000000084,550582543900452.8,-104.62495069152054
0.06000000000000012,0.016000000000000084,473462522590000.0,-148.17755853764055
0.06400000000000013,0.016000000000000084,430699973616585.1,166.1243016520327
0.06800000000000013,0.016000000000000084,379616468035036.7,122.5121065294425
0.07200000000000013,0.016000000000000084,341899313560878.25,78.95758879322126
0.07600000000000014,0.016000000000000084,309381204890717.9,33.21440231538796
-0.08,0.020000000000000087,257188981047562.0,-23.013125940052753
-0.076,0.020000000000000087,310767500505525.6,20.905153329442268
-0.072,0.020000000000000087,341461856519102.25,67.38998192105916
-0.06799999999999999,0.020000000000000087,367528533233756.4,110.8912165942487
-0.06399999999999999,0.020000000000000087,412015913784456.44,154.67144427074135
-0.059999999999999984,0.020000000000000087,466958295911314.75,-162.89044199664502
-0.05599999999999998,0.020000000000000087,526955257320030.5,-117.83840627298538
-0.05199999999999998,0.020000000000000087,599765439869630.6,-74.78722519836771
-0.04799999999999997,0.020000000000000087,691549703384834.2,-32.92097686498258
-0.04399999999999997,0.020000000000000087,798747493494397.5,7.979709751103599
-0.039999999999999966,0.020000000000000087,924472771548821.4,47.010576658663474
-0.03599999999999996,0.020000000000000087,1052070411653957.9,86.53745557007665
-0.03199999999999996,0.020000000000000087,1263760120641893.0,123.13725795509934
-0.027999999999999955,0.020000000000000087,1516740213236812.2,158.40414516834593
-0.023999999999999952,0.020000000000000087,1818929661038116.5,-169.07735469125242
-0.01999999999999995,0.020000000000000087,2191105686523728.5,-140.06549171689636
-0.015999999999999945,0.020000000000000087,2623059160450240.5,-114.86464280274448
-0.011999999999999941,0.020000000000000087,3129589081175165.5,-94.68948724151483
-0.007999999999999938,0.020000000000000087,3604057926603780.0,-79.39004911769824
-0.003999999999999934,0.020000000000000087,4003246561209751.5,-69.92921811257955
6.938893903907228e-17,0.020000000000000087,4132194044075762.5,-67.07368576208589
0.004000000000000073,0.020000000000000087,3983898403615664.5,-69.96250299949872
0.008000000000000076,0.020000000000000087,3613839106859411.0,-79.32789988052188
0.01200000000000008,0.020000000000000087,3122360302761149.5,-94.49715711400732
0.016000000000000084,0.020000000000000087,2632764862751517.5,-114.8912118719963
0.020000000000000087,0.020000000000000087,2178139532826925.5,-140.38170401380924
0.02400000000000009,0.020000000000000087,1820771836625702.2,-169.44595921942908
0.028000000000000094,0.020000000000000087,1513921799026097.5,158.5677348410591
0.0320000000000001,0.020000000000000087,1267817837051951.0,123.21877095899944
0.0360000000000001,0.020000000000000087,1060112414862334.5,86.61069142153734
0.040000000000000105,0.020000000000000087,922239847319086.4,47.76240355092619
0.04400000000000011,0.020000000000000087,795652089318915.0,7.487894771920653
0.04800000000000011,0.020000000000000087,667988011301761.0,-34.157316076456766
0.052000000000000116,0.020000000000000087,599791756094608.5,-76.43277504779458
0.05600000000000012,0.020000000000000087,520463248693509.75,-118.27457558392744
0.06000000000000012,0.020000000000000087,474108433393003.75,-162.1680814027611
0.06400000000000013,0.020000000000000087,412985036531291.44,154.19076738911403
0.06800000000000013,0.020000000000000087,356773566916401.1,109.34171676109332
0.07200000000000013,0.020000000000000087,335212614844588.94,65.77803666296339
0.07600000000000014,0.020000000000000087,300966544299930.6,20.13409278003792
-0.08,0.02400000000000009,281293336145382.97,-39.00262858984542
-0.076,0.02400000000000009,285649258924237.2,9.20074730189855
-0.072,0.02400000000000009,322928041684290.1,52.20207385616191
-0.06799999999999999,0.02400000000000009,357735558328420.5,94.60331600523293
-0.06399999999999999,0.02400000000000009,396640831564189.8,139.57135128705107
-0.059999999999999984,0.02400000000000009,442773654697026.2,-177.04577221331937
-0.05599999999999998,0.02400000000000009,502021263555702.44,-135.82815965511267
-0.05199999999999998,0.02400000000000009,556350349806472.25,-93.83650867586447
-0.04799999999999997,0.02400000000000009,661894831598310.5,-52.43219606109418
-0.04399999999999997,0.02400000000000009,736195635325683.0,-12.594047926369921
-0.039999999999999966,0.02400000000000009,827612076225910.8,26.25103249562746
-0.03599999999999996,0.02400000000000009,978309575826551.5,63.43905505264845
-0.03199999999999996,0.02400000000000009,1132492110844173.2,98.82521348920432
-0.027999999999999955,0.02400000000000009,1334322950219612.5,132.20317392959112
-0.023999999999999952,0.02400000000000009,1533880401897225.0,163.01859721352028
-0.01999999999999995,0.02400000000000009,1821557066460189.0,-169.8534435044149
-0.015999999999999945,0.02400000000000009,2101278310811402.5,-146.0723012261913
-0.011999999999999941,0.02400000000000009,2403969017114962.5,-126.57115892790792
-0.007999999999999938,0.02400000000000009,2680365191536427.5,-112.40374223579714
-0.003999999999999934,0.02400000000000009,2899933965163255.0,-103.65407911795629
6.938893903907228e-17,0.02400000000000009,2958017374069090.0,-100.7476780960013
0.004000000000000073,0.02400000000000009,2896242466461604.0,-103.33507877676294
0.008000000000000076,0.02400000000000009,2686233256148150.5,-112.16512994612108
0.01200000000000008,0.02400000000000009,2415961764498165.0,-126.61591436501291
0.016000000000000084,0.02400000000000009,2108174806801764.5,-146.1296036393006
0.020000000000000087,0.02400000000000009,1810543312311762.5,-169.7197916939794
0.02400000000000009,0.02400000000000009,1558755497491355.8,162.95308799011488
0.028000000000000094,0.02400000000000009,1325771454021021.5,132.39033172363196
0.0320000000000001,0.02400000000000009,1123148008796637.2,99.27927157399522
0.0360000000000001,0.02400000000000009,978910418408796.5,64.08933742746858
0.040000000000000105,0.02400000000000009,832344373041645.8,26.108683356231154
0.04400000000000011,0.02400000000000009,740051749931175.4,-13.129746839946646
0.04800000000000011,0.02400000000000009,644509825880551.4,-52.41784949525378
0.052000000000000116,0.02400000000000009,567888548315306.9,-93.37317963660924
0.05600000000000012,0.02400000000000009,505415819917979.94,-134.03669365676367
0.06000000000000012,0.02400000000000009,448053492816475.56,-175.99063469081952
0.06400000000000013,0.02400000000000009,395419823185385.8,139.91384132389675
0.06800000000000013,0.02400000000000009,350246018844627.9,97.57456766878683
0.07200000000000013,0.02400000000000009,327520131148833.9,51.45256871376865
0.07600000000000014,0.02400000000000009,306202251427436.44,6.550094215870369
-0.08,0.028000000000000094,244827695473421.03,-51.24127204828098
-0.076,0.028000000000000094,285494462032531.75,-6.255606919845753
-0.072,0.028000000000000094,321862814222423.7,37.19981292091677
-0.06799999999999999,0.028000000000000094,338225088818879.06,80.75420382094484
-0.06399999999999999,0.028000000000000094,387783922718439.4,122.83564176460465
-0.059999999999999984,0.028000000000000094,422819601927287.0,164.6516814895287
-0.05599999999999998,0.028000000000000094,474881540461052.06,-153.35680756704647
-0.05199999999999998,0.028000000000000094,535888559892945.4,-113.46465388732871
-0.04799999999999997,0.028000000000000094,602267451351121.1,-73.47881970450301
-0.04399999999999997,0.028000000000000094,683753462521541.4,-35.687530877035826
-0.039999999999999966,0.028000000000000094,770328155803306.5,2.0626346696542868
-0.03599999999999996,0.028000000000000094,873166813933409.5,38.062135926322156
-0.03199999999999996,0.028000000000000094,1004077994387580.9,71.07321759413017
-0.027999999999999955,0.028000000000000094,1146536972906317.5,103.25010879664093
-0.023999999999999952,0.028000000000000094,1317608602572931.5,132.23426506749294
-0.01999999999999995,0.028000000000000094,1524062783938981.8,157.89475547413667
-0.015999999999999945,0.028000000000000094,1698964767734053.5,179.93700905571615
-0.011999999999999941,0.028000000000000094,1904826657824314.2,-161.67438653058045
-0.007999999999999938,0.028000000000000094,2064516940225851.2,-148.60043080134255
-0.003999999999999934,0.028000000000000094,2194790071097544.0,-140.71204733869584
6.938893903907228e-17,0.028000000000000094,2231228303263838.5,-137.65073863536935
0.004000000000000073,0.028000000000000094,2178811590079626.0,-140.53529994836015
0.008000000000000076,0.028000000000000094,2073252861905624.0,-148.35953703088427
0.01200000000000008,0.028000000000000094,1909053779007718.0,-161.83135592586993
0.016000000000000084,0.028000000000000094,1703066898501209.8,-179.99441052373135
0.020000000000000087,0.028000000000000094,1503563888641927.0,158.35890219100762
0.02400000000000009,0.028000000000000094,1317031956221494.2,132.65980948629718
0.028000000000000094,0.028000000000000094,1164356120396877.0,102.96193376025454
0.0320000000000001,0.028000000000000094,1009214994900867.4,71.48286752388279
0.0360000000000001,0.028000000000000094,871042738062490.9,37.02403216634972
0.040000000000000105,0.028000000000000094,761130152361767.4,2.051746092464851
0.04400000000000011,0.028000000000000094,670075589195057.4,-36.22270020506927
0.04800000000000011,0.028000000000000094,611725197786609.2,-72.16921010892794
0.052000000000000116,0.028000000000000094,539789204191524.3,-112.4821143972392
0.05600000000000012,0.028000000000000094,461395770291642.75,-153.99448278642475
0.06000000000000012,0.028000000000000094,437519434949691.56,164.7956973688827
0.06400000000000013,0.028000000000000094,389136820068695.44,121.38250355073086
0.06800000000000013,0.028000000000000094,339861748456356.6,77.03347130331503
0.07200000000000013,0.028000000000000094,322106951187543.75,35.00733487611241
0.07600000000000014,0.028000000000000094,287193572830937.5,-5.350430329497798
-0.08,0.0320000000000001,257635467080593.88,-66.6260658140793
-0.076,0.0320000000000001,271390199978874.38,-23.841092412274396
-0.072,0.0320000000000001,298077321900167.0,18.72337514552809
-0.06799999999999999,0.0320000000000001,326378852379833.94,61.782661017995835
-0.06399999999999999,0.0320000000000001,366044897754773.2,100.53006766018
-0.059999999999999984,0.0320000000000001,389220834168572.6,143.89778094470378
-0.05599999999999998,0.0320000000000001,449098604613231.0,-176.14311204572041
-0.05199999999999998,0.0320000000000001,500122976078447.2,-134.97646391245374
-0.04799999999999997,0.0320000000000001,546032981465457.8,-98.17054759846009
-0.04399999999999997,0.0320000000000001,620055596597349.5,-60.31786079320454
-0.039999999999999966,0.0320000000000001,703109468970578.8,-25.2917922413016
-0.03599999999999996,0.0320000000000001,799415147422376.0,9.375350148589096
-0.03199999999999996,0.0320000000000001,882448485731575.5,41.71646726341899
-0.027999999999999955,0.0320000000000001,1006837317693351.4,71.73457112303173
-0.023999999999999952,0.0320000000000001,1138649590063124.0,98.93537576128053
-0.01999999999999995,0.0320000000000001,1268425705053198.2,122.81213813688382
-0.015999999999999945,0.0320000000000001,1391004864252929.0,143.87177252874076
-0.011999999999999941,0.0320000000000001,1525059737022170.0,160.96131522875848
-0.007999999999999938,0.0320000000000001,1643798298533262.2,172.86112366278778
-0.003999999999999934,0.0320000000000001,1710190580334695.8,-179.5199716290493
6.938893903907228e-17,0.0320000000000001,1727582166434022.2,-177.0590276909403
0.004000000000000073,0.0320000000000001,1706094049038661.0,-179.48115984311733
0.008000000000000076,0.0320000000000001,1645557722913108.2,172.7390145501105
0.01200000000000008,0.0320000000000001,1542112782519845.5,160.24548119912856
0.016000000000000084,0.0320000000000001,1409021742719901.0,144.18224119136949
0.020000000000000087,0.0320000000000001,1255876742587435.5,123.46330620494159
0.02400000000000009,0.0320000000000001,1127987879637635.5,98.6664476375884
0.028000000000000094,0.0320000000000001,1003439871470810.0,71.56763821117525
0.0320000000000001,0.0320000000000001,890225202245639.9,41.23034539429886
0.0360000000000001,0.0320000000000001,789784589855743.1,9.109529589087023
0.040000000000000105,0.0320000000000001,705390912272780.1,-25.30988221678517
0.04400000000000011,0.0320000000000001,623960380122783.8,-60.574521249725514
0.04800000000000011,0.0320000000000001,557293058764725.6,-98.05378919208523
0.052000000000000116,0.0320000000000001,513317807091749.06,-135.84874948745048
0.05600000000000012,0.0320000000000001,443520069261516.94,-176.20901257576438
0.06000000000000012,0.0320000000000001,413051331909364.8,143.9411897599896
0.06400000000000013,0.0320000000000001,369567234443540.06,101.78632988235934
0.06800000000000013,0.0320000000000001,325889319648032.0,59.89628102242405
0.07200000000000013,0.0320000000000001,298090756198393.7,20.04660643275202
0.07600000000000014,0.0320000000000001,266738149988217.16,-24.7252487668844
-0.08,0.0360000000000001,250582966162632.53,-89.79518368660058
-0.076,0.0360000000000001,258116516750346.97,-40.307212622856106
-0.072,0.0360000000000001,289197263481489.94,-1.306957233043676
-0.06799999999999999,0.0360000000000001,306992457935291.4,40.94767557925468
-0.06399999999999999,0.0360000000000001,332860502432154.6,80.12771809586194
-0.059999999999999984,0.0360000000000001,382174695099304.94,119.76268702913724
-0.05599999999999998,0.0360000000000001,418613235626408.44,161.142861438786
-0.05199999999999998,0.0360000000000001,459479260954107.3,-162.67657906343942
-0.04799999999999997,0.0360000000000001,514600047299873.9,-124.88733521326941
-0.04399999999999997,0.0360000000000001,576469535638659.0,-88.04151845835027
-0.039999999999999966,0.0360000000000001,631921059170803.2,-53.655708914001856
-0.03599999999999996,0.0360000000000001,709429614606806.2,-20.579883773558393
-0.03199999999999996,0.0360000000000001,774926551853532.4,8.346613052962487
-0.027999999999999955,0.0360000000000001,874169355002070.2,37.51744365681691
-0.023999999999999952,0.0360000000000001,983309113928839.8,63.16025388766931
-0.01999999999999995,0.0360000000000001,1075051144813368.5,85.79354290135083
-0.015999999999999945,0.0360000000000001,1155777554272647.0,105.35240593560201
-0.011999999999999941,0.0360000000000001,1256303469772418.5,120.81604637892396
-0.007999999999999938,0.0360000000000001,1318451050428426.8,132.82954657726148
-0.003999999999999934,0.0360000000000001,1365960893981309.5,139.1394525133474
6.938893903907228e-17,0.0360000000000001,1389430144617947.0,141.28566499089482
0.004000000000000073,0.0360000000000001,1372499770962456.8,139.60082835178906
0.008000000000000076,0.0360000000000001,1312387865552065.5,132.32186660792289
0.01200000000000008,0.0360000000000001,1248312850276447.0,120.28631708095979
0.016000000000000084,0.0360000000000001,1166856547781598.0,105.22736906091161
0.020000000000000087,0.0360000000000001,1075064681786172.8,86.2127246305912
0.02400000000000009,0.0360000000000001,962799253569066.4,64.04592411548042
0.028000000000000094,0.0360000000000001,873237351809740.0,38.17423680166915
0.0320000000000001,0.0360000000000001,786178515624878.2,10.178560856110623
0.0360000000000001,0.0360000000000001,712769903149517.9,-21.084221415297794
0.040000000000000105,0.0360000000000001,637540405273030.0,-53.50084084854578
0.04400000000000011,0.0360000000000001,577324186475199.5,-88.63897397454322
0.04800000000000011,0.0360000000000001,510122066433193.1,-124.59341181184939
0.052000000000000116,0.0360000000000001,452422978203871.75,-161.80690326049682
0.05600000000000012,0.0360000000000001,417575624262823.56,161.54413909056785
0.06000000000000012,0.0360000000000001,379322808236886.8,122.48303235324805
0.06400000000000013,0.0360000000000001,338876928742918.56,81.2748873493707
0.06800000000000013,0.0360000000000001,299765755019211.75,37.92093327678594
0.07200000000000013,0.0360000000000001,306779209810554.9,-4.691467292518732
0.07600000000000014,0.0360000000000001,266478514619795.3,-41.63431526091934
-0.08,0.040000000000000105,224926831440168.0,-107.86111234457623
-0.076,0.040000000000000105,253290353118419.34,-62.70572478556539
-0.072,0.040000000000000105,281845048763869.4,-23.059195534139004
-0.06799999999999999,0.040000000000000105,308490375846651.8,17.379537005042856
-0.06399999999999999,0.040000000000000105,327864406910075.3,56.73827325252642
-0.059999999999999984,0.040000000000000105,350145224101023.5,97.57001933474736
-0.05599999999999998,0.040000000000000105,392308869339681.5,134.26579975350924
-0.05199999999999998,0.040000000000000105,429053052198298.3,173.86356458744976
-0.04799999999999997,0.040000000000000105,465045054965735.4,-151.23086870225475
-0.04399999999999997,0.040000000000000105,524753445391530.6,-117.91827652071267
-0.039999999999999966,0.040000000000000105,573324405600298.1,-85.95698484613953
-0.03599999999999996,0.040000000000000105,641318223233235.6,-54.23452438449312
-0.03199999999999996,0.040000000000000105,705146687027223.1,-25.02198145124647
-0.027999999999999955,0.040000000000000105,770987067189107.1,2.364819900940993
-0.023999999999999952,0.040000000000000105,834558702067741.1,26.186235428906535
-0.01999999999999995,0.040000000000000105,920326823719545.8,47.886780040370624
-0.015999999999999945,0.040000000000000105,977363685633350.6,65.33963292457969
-0.011999999999999941,0.040000000000000105,1039711368417548.4,79.25965267949691
-0.007999999999999938,0.040000000000000105,1086141487509966.1,91.0989749696377
-0.003999999999999934,0.040000000000000105,1120430931248470.9,96.68069492943764
6.938893903907228e-17,0.040000000000000105,1132224892608372.0,98.20610287142303
0.004000000000000073,0.040000000000000105,1105556724499770.4,96.85736951115476
0.008000000000000076,0.040000000000000105,1087829923965346.9,90.54864691887686
0.01200000000000008,0.040000000000000105,1058028189455375.9,80.3252708387111
0.016000000000000084,0.040000000000000105,982113056171948.8,66.35797430178837
0.020000000000000087,0.040000000000000105,913257668957074.1,47.86429362543788
0.02400000000000009,0.040000000000000105,833366547226070.9,26.52904555909474
0.028000000000000094,0.040000000000000105,771092551978704.5,2.464951143478137
0.0320000000000001,0.040000000000000105,692977867958931.5,-25.580134348127856
0.0360000000000001,0.040000000000000105,633638032752748.0,-54.271050572448
0.040000000000000105,0.040000000000000105,575935564636309.0,-85.1836749362049
0.04400000000000011,0.040000000000000105,512157477092493.0,-118.13504169855563
0.04800000000000011,0.040000000000000105,472881407695764.06,-152.71252647166364
0.052000000000000116,0.040000000000000105,438838574355781.56,172.77824135028786
0.05600000000000012,0.040000000000000105,377759614738639.6,135.12958021398876
0.06000000000000012,0.040000000000000105,370967186082951.75,96.6440195123462
0.06400000000000013,0.040000000000000105,320583300061907.06,56.730321654347904
0.06800000000000013,0.040000000000000105,300610353747676.44,18.21673498799324
0.07200000000000013,0.040000000000000105,269055148962999.88,-23.819408354807173
0.07600000000000014,0.040000000000000105,242881500511758.44,-67.50233405637823
-0.08,0.04400000000000011,230855042577616.06,-126.02376706399698
-0.076,0.04400000000000011,254526280949136.6,-86.0411213648107
-0.072,0.04400000000000011,267072615089108.34,-45.18164137765116
-0.06799999999999999,0.04400000000000011,278542161583344.03,-8.005546633879602
-0.06399999999999999,0.04400000000000011,303868276026656.6,31.46315072827461
-0.059999999999999984,0.04400000000000011,333237381280754.8,69.40820272677165
-0.05599999999999998,0.04400000000000011,359330873443969.5,107.93186936413358
-0.05199999999999998,0.04400000000000011,404014289693206.2,142.55504007568675
-0.04799999999999997,0.04400000000000011,442638690404477.4,177.08286332322945
-0.04399999999999997,0.04400000000000011,485103107431415.75,-150.1583698801002
-0.039999999999999966,0.04400000000000011,532932715777022.3,-117.68623851410902
-0.03599999999999996,0.04400000000000011,560316759531728.2,-88.4491356192311
-0.03199999999999996,0.04400000000000011,614956198263308.5,-60.91253360796627
-0.027999999999999955,0.04400000000000011,687004353714276.8,-35.31137002739147
-0.023999999999999952,0.04400000000000011,727500638709475.4,-12.137728417261124
-0.01999999999999995,0.04400000000000011,778250610786186.9,7.815170418935856
-0.015999999999999945,0.04400000000000011,824048324367948.9,24.313577598851122
-0.011999999999999941,0.04400000000000011,869938863222822.1,37.731113872418355
-0.007999999999999938,0.04400000000000011,917178542589769.5,48.34978598608692
-0.003999999999999934,0.04400000000000011,927665708820620.1,52.96075299772145
6.938893903907228e-17,0.04400000000000011,940327264728280.0,55.551534944513676
0.004000000000000073,0.04400000000000011,920327993505420.4,52.6758342096961
0.008000000000000076,0.04400000000000011,908671426934989.9,48.26275113087843
0.01200000000000008,0.04400000000000011,872761700516842.0,37.809394935499725
0.016000000000000084,0.04400000000000011,841777662342972.9,24.507861955023895
0.020000000000000087,0.04400000000000011,781858938216919.4,7.172035523111775
0.02400000000000009,0.04400000000000011,732328643955972.8,-12.041538668443486
0.028000000000000094,0.04400000000000011,683349893524455.6,-35.443977497984
0.0320000000000001,0.04400000000000011,630555013161752.8,-61.2679345058173
0.0360000000000001,0.04400000000000011,567042113443484.4,-87.91354376284934
0.040000000000000105,0.04400000000000011,522432971597734.3,-117.1624954176075
0.04400000000000011,0.04400000000000011,481952294077595.9,-150.34867108441898
0.04800000000000011,0.04400000000000011,434015574746999.9,176.09008042735755
0.052000000000000116,0.04400000000000011,401289033829649.4,143.38037100030758
0.05600000000000012,0.04400000000000011,365553270756190.2,107.99927708323871
0.06000000000000012,0.04400000000000011,336015137138000.94,70.42470485140149
0.06400000000000013,0.04400000000000011,307058559333931.5,29.692060686452457
0.06800000000000013,0.04400000000000011,288534057516416.7,-8.769468239194143
0.07200000000000013,0.04400000000000011,274128181526994.56,-47.015676167773336
0.07600000000000014,0.04400000000000011,256409102622362.38,-86.10402761821507
-0.08,0.04800000000000011,198184302564058.5,-149.39109558329807
-0.076,0.04800000000000011,226292343071478.5,-110.22847984674824
-0.072,0.04800000000000011,240857562548297.78,-73.65083906218022
-0.06799999999999999,0.04800000000000011,265806272677210.66,-33.57151583583763
-0.06399999999999999,0.04800000000000011,288239296152557.2,3.708458761150443
-0.059999999999999984,0.04800000000000011,307232299483682.7,40.89376865403708
-0.05599999999999998,0.04800000000000011,339435867151979.3,79.71275887063445
-0.05199999999999998,0.04800000000000011,367847459543054.2,110.38408589885208
-0.04799999999999997,0.04800000000000011,407952365665244.9,146.21190978304557
-0.04399999999999997,0.04800000000000011,444633517829773.3,176.88219275151826
-0.039999999999999966,0.04800000000000011,470229683360339.94,-150.66238176274817
-0.03599999999999996,0.04800000000000011,502215646991423.6,-124.21279643126489
-0.03199999999999996,0.04800000000000011,560012160532589.56,-98.21946188617453
-0.027999999999999955,0.04800000000000011,595476427755269.1,-73.70689398576137
-0.023999999999999952,0.04800000000000011,652259182448604.0,-51.482235474848835
-0.01999999999999995,0.04800000000000011,692136778133580.2,-33.87118528612271
-0.015999999999999945,0.04800000000000011,713738690676954.0,-17.477739255365336
-0.011999999999999941,0.04800000000000011,754615187362650.4,-6.037559765698896
-0.007999999999999938,0.04800000000000011,778172348004472.8,4.087748400912181
-0.003999999999999934,0.04800000000000011,794672062103816.1,10.43901095801584
6.938893903907228e-17,0.04800000000000011,794136000756306.2,11.18449355377064
0.004000000000000073,0.04800000000000011,789738524896998.5,8.856945407560843
0.008000000000000076,0.04800000000000011,782618091809365.5,3.2140277832379325
0.01200000000000008,0.04800000000000011,753874611417618.9,-4.938365840420009
0.016000000000000084,0.04800000000000011,729069545063125.1,-17.651681450578085
0.020000000000000087,0.04800000000000011,678457005561299.1,-34.2297927955502
0.02400000000000009,0.04800000000000011,643946749350830.5,-52.932574214360145
0.028000000000000094,0.04800000000000011,593355104630324.2,-73.88072632011588
0.0320000000000001,0.04800000000000011,541994163140277.5,-97.06304835918581
0.0360000000000001,0.04800000000000011,513664919216573.44,-125.12577578926776
0.040000000000000105,0.04800000000000011,461116305043929.94,-152.47958999751427
0.04400000000000011,0.04800000000000011,426524464602061.75,178.22575736337495
0.04800000000000011,0.04800000000000011,406949348926358.8,143.98715921437542
0.052000000000000116,0.04800000000000011,349061849624360.75,110.34793677441976
0.05600000000000012,0.04800000000000011,344243293054478.9,79.64837120550656
0.06000000000000012,0.04800000000000011,317145821675238.3,39.740472328451595
0.06400000000000013,0.04800000000000011,286339833030517.06,3.7555683242226396
0.06800000000000013,0.04800000000000011,270444957856954.4,-32.180168646940174
0.07200000000000013,0.04800000000000011,232702341399212.1,-73.93265394701673
0.07600000000000014,0.04800000000000011,236783414779625.47,-111.59042149467993
-0.08,0.052000000000000116,196057490477198.25,-175.3499010095657
-0.076,0.052000000000000116,229148329518187.44,-133.86499600942946
-0.072,0.052000000000000116,237368516006761.3,-98.97233109616322
-0.06799999999999999,0.052000000000000116,258242483704230.94,-63.37641839127303
-0.06399999999999999,0.052000000000000116,263653532601564.47,-26.246523298599183
-0.059999999999999984,0.052000000000000116,301148124719858.2,11.048600834540355
-0.05599999999999998,0.052000000000000116,316883026809330.8,46.818794456023184
-0.05199999999999998,0.052000000000000116,348917033520435.4,80.84411640577767
-0.04799999999999997,0.052000000000000116,373054760995498.06,111.83925004367934
-0.04399999999999997,0.052000000000000116,407922324823446.06,142.25214210227827
-0.039999999999999966,0.052000000000000116,439780007248491.6,171.88832903303384
-0.03599999999999996,0.052000000000000116,460905149661746.1,-160.91695267432155
-0.03199999999999996,0.052000000000000116,493390713594300.2,-135.6790314537251
-0.027999999999999955,0.052000000000000116,528196780798832.56,-113.6076807799985
-0.023999999999999952,0.052000000000000116,567591451833396.9,-93.39992944609975
-0.01999999999999995,0.052000000000000116,591758128247856.6,-75.59373210947041
-0.015999999999999945,0.052000000000000116,623357302218934.0,-60.25626541066956
-0.011999999999999941,0.052000000000000116,664507826916656.4,-47.98864807947178
-0.007999999999999938,0.052000000000000116,657052705664207.5,-40.63305761895697
-0.003999999999999934,0.052000000000000116,674349398958813.9,-35.41493031401244
6.938893903907228e-17,0.052000000000000116,671621058652662.1,-32.88932207025118
0.004000000000000073,0.052000000000000116,676936891746779.9,-35.2498790907203
0.008000000000000076,0.052000000000000116,659107787861044.8,-39.4600458156612
0.01200000000000008,0.052000000000000116,656359994399611.4,-48.782094609668924
0.016000000000000084,0.052000000000000116,621982930660261.5,-60.84691638179013
0.020000000000000087,0.052000000000000116,592836123958346.8,-75.96366524114947
0.02400000000000009,0.052000000000000116,565543348364669.2,-94.15226555254502
0.028000000000000094,0.052000000000000116,527245188184247.4,-112.48403779934804
0.0320000000000001,0.052000000000000116,491621650546780.94,-136.83701645661
0.0360000000000001,0.052000000000000116,463483213028694.4,-162.07831539566462
0.040000000000000105,0.052000000000000116,438436694043776.25,170.977957441233
0.04400000000000011,0.052000000000000116,397451957693433.5,145.44084688206917
0.04800000000000011,0.052000000000000116,364711554387910.3,112.36606534463199
0.052000000000000116,0.052000000000000116,346414767982892.1,77.0030823499427
0.05600000000000012,0.052000000000000116,305613555374494.56,45.575537113360525
0.06000000000000012,0.052000000000000116,291324214221542.75,13.295994288451162
0.06400000000000013,0.052000000000000116,268741052813720.78,-22.735214348732036
0.06800000000000013,0.052000000000000116,261386019497704.9,-62.67771020552892
0.07200000000000013,0.052000000000000116,230745869427652.47,-102.49103754886752
0.07600000000000014,0.052000000000000116,226779074355976.38,-136.1101159959941
-0.08,0.05600000000000012,193237976697053.66,158.77993829549735
-0.076,0.05600000000000012,218318683173846.12,-165.7031272025692
-0.072,0.05600000000000012,235551672073884.16,-126.35108472484502
-0.06799999999999999,0.05600000000000012,221740582797374.28,-89.62137552340465
-0.06399999999999999,0.05600000000000012,253153160726722.28,-54.50642826251877
-0.059999999999999984,0.05600000000000012,273902505720030.84,-20.167593278849356
-0.05599999999999998,0.05600000000000012,301620114581540.7,13.006196828454605
-0.05199999999999998,0.05600000000000012,316194280590417.44,44.739345723853376
-0.04799999999999997,0.05600000000000012,347402853847520.75,76.36428488519793
-0.04399999999999997,0.05600000000000012,358606235878818.06,107.83236919361455
-0.039999999999999966,0.05600000000000012,389452698236969.2,136.64658801764622
-0.03599999999999996,0.05600000000000012,429452305113772.7,160.87695010095587
-0.03199999999999996,0.05600000000000012,449783020809356.5,-174.10232847150098
-0.027999999999999955,0.05600000000000012,462959103161677.75,-153.49569499622794
-0.023999999999999952,0.05600000000000012,505185960166296.8,-135.5445868486525
-0.01999999999999995,0.05600000000000012,524882026190700.06,-118.21111924137435
-0.015999999999999945,0.05600000000000012,551117733366685.0,-104.01446727044595
-0.011999999999999941,0.05600000000000012,571981534386188.5,-93.02865243431596
-0.007999999999999938,0.05600000000000012,577082746948828.4,-85.30383959407175
-0.003999999999999934,0.05600000000000012,593125200604941.1,-81.1938736425887
6.938893903907228e-17,0.05600000000000012,585683549896054.4,-78.63701735833794
0.004000000000000073,0.05600000000000012,592599247013281.6,-81.00903151322247
0.008000000000000076,0.05600000000000012,588937508684580.5,-85.64636843567617
0.01200000000000008,0.05600000000000012,557342557455173.94,-93.89631707664735
0.016000000000000084,0.05600000000000012,538100975369803.94,-104.29683087161611
0.020000000000000087,0.05600000000000012,521847848802476.7,-117.61101278210893
0.02400000000000009,0.05600000000000012,498634046734012.0,-135.37345674026685
0.028000000000000094,0.05600000000000012,470505479060322.7,-155.8160781158874
0.0320000000000001,0.05600000000000012,443331462422953.5,-176.59272018621948
0.0360000000000001,0.05600000000000012,408195643642554.5,161.58661291846187
0.040000000000000105,0.05600000000000012,400075856663466.56,133.41090937157412
0.04400000000000011,0.05600000000000012,353412226197882.9,107.44081768781362
0.04800000000000011,0.05600000000000012,349460508055872.06,79.32239631508548
0.052000000000000116,0.05600000000000012,319732045998668.94,46.45120177307658
0.05600000000000012,0.05600000000000012,304961744307967.3,12.980283945448313
0.06000000000000012,0.05600000000000012,266280399696264.12,-17.50347124721562
0.06400000000000013,0.05600000000000012,254361424415346.6,-57.88692338057047
0.06800000000000013,0.05600000000000012,233254267847885.1,-88.09369262505535
0.07200000000000013,0.05600000000000012,235288642697946.03,-128.67865549957747
0.07600000000000014,0.05600000000000012,202435468370890.47,-169.79560401994752
-0.08,0.06000000000000012,183973084554225.47,129.07877728980952
-0.076,0.06000000000000012,200458340991430.1,166.02787962587783
-0.072,0.06000000000000012,216731835786096.47,-156.20245046156901
-0.06799999999999999,0.06000000000000012,234260815089310.56,-120.94983415585925
-0.06399999999999999,0.06000000000000012,241453124055836.2,-83.34674707543844
-0.059999999999999984,0.06000000000000012,253790308398940.47,-49.28238440178176
-0.05599999999999998,0.06000000000000012,292747037316368.6,-19.225229119682805
-0.05199999999999998,0.06000000000000012,297909423432678.3,12.44292021313472
-0.04799999999999997,0.06000000000000012,317608457963307.3,40.8527031590956
-0.04399999999999997,0.06000000000000012,331202626245587.6,66.90590793337162
-0.039999999999999966,0.06000000000000012,355820621041135.7,96.67409154720676
-0.03599999999999996,0.06000000000000012,383282340654954.7,121.5133620260927
-0.03199999999999996,0.06000000000000012,400407063057600.4,146.31657119603963
-0.027999999999999955,0.06000000000000012,418505557603820.7,163.96147729243054
-0.023999999999999952,0.06000000000000012,443370318170093.3,-178.7094850133888
-0.01999999999999995,0.06000000000000012,446824269985079.06,-161.2591497531349
-0.015999999999999945,0.06000000000000012,467036711168907.5,-147.4654429317922
-0.011999999999999941,0.06000000000000012,501193676793462.7,-137.45117335391714
-0.007999999999999938,0.06000000000000012,504959870208846.75,-130.52156928068052
-0.003999999999999934,0.06000000000000012,503753506463686.0,-124.33061200857155
6.938893903907228e-17,0.06000000000000012,516145823870011.4,-124.28187186722897
0.004000000000000073,0.06000000000000012,506858531897937.56,-125.61208314797848
0.008000000000000076,0.06000000000000012,499435767814050.5,-129.18533670553612
0.01200000000000008,0.06000000000000012,490148671406598.3,-138.04516349136205
0.016000000000000084,0.06000000000000012,487576877230281.5,-150.4845883498798
0.020000000000000087,0.06000000000000012,462088090187732.94,-162.5751324084722
0.02400000000000009,0.06000000000000012,447478065781925.94,-176.36211659859737
0.028000000000000094,0.06000000000000012,408161699386096.1,164.41060983668922
0.0320000000000001,0.06000000000000012,402637107790798.25,144.30543770949515
0.0360000000000001,0.06000000000000012,383565130824322.75,119.97730498791574
0.040000000000000105,0.06000000000000012,355246466249260.6,96.28410285000261
0.04400000000000011,0.06000000000000012,340257927834146.8,70.09581928443312
0.04800000000000011,0.06000000000000012,322158869926174.4,41.39983652589993
0.052000000000000116,0.06000000000000012,293565768813576.9,11.850859529946117
0.05600000000000012,0.06000000000000012,289276710504694.25,-22.681216728337574
0.06000000000000012,0.06000000000000012,251453763515813.84,-53.999359652840226
0.06400000000000013,0.06000000000000012,232992803693323.84,-88.12088465944237
0.06800000000000013,0.06000000000000012,230089922807765.12,-121.57829853430678
0.07200000000000013,0.06000000000000012,209317771586046.62,-155.10006446426212
0.07600000000000014,0.06000000000000012,206931315543566.12,168.79902948443672
-0.08,0.06400000000000013,183000013218708.06,98.68326531056572
-0.076,0.06400000000000013,175618249054597.38,139.2676582775439
-0.072,0.06400000000000013,206684546923606.75,173.5241527334518
-0.06799999999999999,0.06400000000000013,203207577068929.75,-154.05216104568274
-0.06399999999999999,0.06400000000000013,231428515902402.0,-120.86687582645851
-0.059999999999999984,0.06400000000000013,253650615456248.12,-86.7730739658268
-0.05599999999999998,0.06400000000000013,251672205482399.03,-53.14292156789118
-0.05199999999999998,0.06400000000000013,278798745475389.62,-27.166717452798817
-0.04799999999999997,0.06400000000000013,279824081674047.47,5.3669384109063145
-0.04399999999999997,0.06400000000000013,308954069985314.1,31.447876147361367
-0.039999999999999966,0.06400000000000013,326930807247287.94,54.65983193887465
-0.03599999999999996,0.06400000000000013,333562921008929.75,80.51495338473138
-0.03199999999999996,0.06400000000000013,361801010984922.56,102.27681101067574
-0.027999999999999955,0.06400000000000013,381740169623025.9,124.45747633648283
-0.023999999999999952,0.06400000000000013,395215914459318.3,138.2710897168885
-0.01999999999999995,0.06400000000000013,404740085083021.8,155.32793805166938
-0.015999999999999945,0.06400000000000013,425364158643876.2,166.95492642001062
-0.011999999999999941,0.06400000000000013,442797408941461.44,176.86632851934928
-0.007999999999999938,0.06400000000000013,446241101646724.1,-175.10182039948927
-0.003999999999999934,0.06400000000000013,456848693943927.1,-172.34158900395153
6.938893903907228e-17,0.06400000000000013,448074198454273.44,-170.3540070466265
0.004000000000000073,0.06400000000000013,454844927536770.7,-171.62894631091424
0.008000000000000076,0.06400000000000013,444667239111109.44,-177.38825649041127
0.01200000000000008,0.06400000000000013,447010052121785.5,176.92637843588267
0.016000000000000084,0.06400000000000013,422831377361710.1,166.22450967184423
0.020000000000000087,0.06400000000000013,413110171305910.1,153.8420783845532
0.02400000000000009,0.06400000000000013,387945900836391.7,141.09163842712172
0.028000000000000094,0.06400000000000013,384385936187164.75,123.06040880016926
0.0320000000000001,0.06400000000000013,360331464639162.25,101.11257190280357
0.0360000000000001,0.06400000000000013,333632125111237.1,79.86061269448766
0.040000000000000105,0.06400000000000013,316844356310684.2,58.525284670005476
0.04400000000000011,0.06400000000000013,305653861733380.4,30.94460802766653
0.04800000000000011,0.06400000000000013,297882620480865.3,3.475574394594159
0.052000000000000116,0.06400000000000013,265458929702585.34,-25.044021653639113
0.05600000000000012,0.06400000000000013,263454946110161.25,-54.11730654896128
0.06000000000000012,0.06400000000000013,248109087271627.88,-85.45039749524409
0.06400000000000013,0.06400000000000013,223095391061499.66,-120.47196701415551
0.06800000000000013,0.06400000000000013,208635027225293.0,-154.28105973319956
0.07200000000000013,0.06400000000000013,198194814935402.1,169.62289874915058
0.07600000000000014,0.06400000000000013,186060383643447.6,140.9497420382152
-0.08,0.06800000000000013,160057708077279.44,70.53329836210112
-0.076,0.06800000000000013,189326829677857.47,105.34610757309679
-0.072,0.06800000000000013,183085858369550.8,143.21392075068349
-0.06799999999999999,0.06800000000000013,192127397687935.2,173.30763016949723
-0.06399999999999999,0.06800000000000013,218605648790330.25,-152.38515946754055
-0.059999999999999984,0.06800000000000013,233818728059997.0,-119.95798259742656
-0.05599999999999998,0.06800000000000013,242981291283567.16,-90.81051680546967
-0.05199999999999998,0.06800000000000013,264601640653455.8,-61.119499683146714
-0.04799999999999997,0.06800000000000013,279875115338970.1,-34.36397092096845
-0.04399999999999997,0.06800000000000013,279248053301647.6,-7.813379134228811
-0.039999999999999966,0.06800000000000013,307736131266178.2,18.850165848411464
-0.03599999999999996,0.06800000000000013,323216134711856.8,38.598364139116946
-0.03199999999999996,0.06800000000000013,335207354492951.06,60.947978743605574
-0.027999999999999955,0.06800000000000013,347838044485781.3,81.19797271927669
-0.023999999999999952,0.06800000000000013,357371284497904.44,96.00487443596855
-0.01999999999999995,0.06800000000000013,374438186309881.44,111.25300434792136
-0.015999999999999945,0.06800000000000013,383104639281228.1,122.92885544601347
-0.011999999999999941,0.06800000000000013,404311454610888.4,131.38766921389274
-0.007999999999999938,0.06800000000000013,396723279401129.4,141.38184319086022
-0.003999999999999934,0.06800000000000013,410501228400263.25,141.5158434017931
6.938893903907228e-17,0.06800000000000013,396794875349566.7,142.30893225794654
0.004000000000000073,0.06800000000000013,394089320254606.7,141.62813416531387
0.008000000000000076,0.06800000000000013,399109316819106.06,138.7998348363507
0.01200000000000008,0.06800000000000013,391232948069956.1,131.22212730800632
0.016000000000000084,0.06800000000000013,371588432119020.8,121.98333528511685
0.020000000000000087,0.06800000000000013,376659715663095.9,111.2648443121108
0.02400000000000009,0.06800000000000013,359981848765821.06,96.83463742186828
0.028000000000000094,0.06800000000000013,346311292884084.1,80.62152853945877
0.0320000000000001,0.06800000000000013,327229475066018.25,58.959249145330695
0.0360000000000001,0.06800000000000013,317990359001291.7,40.74124571295664
0.040000000000000105,0.06800000000000013,289354139115826.7,18.91698018365846
0.04400000000000011,0.06800000000000013,282673601453351.6,-7.198735778762069
0.04800000000000011,0.06800000000000013,269495229179439.94,-33.44818863397178
0.052000000000000116,0.06800000000000013,259357602962954.3,-62.64101919757816
0.05600000000000012,0.06800000000000013,249717147068896.56,-90.09027202690285
0.06000000000000012,0.06800000000000013,214968730171079.06,-122.15858651830409
0.06400000000000013,0.06800000000000013,212469372450002.1,-154.94965447536893
0.06800000000000013,0.06800000000000013,198676495512507.03,175.9455606357673
0.07200000000000013,0.06800000000000013,194692849142931.12,139.82861437387828
0.07600000000000014,0.06800000000000013,171572344133383.25,107.7484188841784
-0.08,0.07200000000000013,164758383426505.9,39.57254054610166
-0.076,0.07200000000000013,165125161254644.38,69.72499701704115
-0.072,0.07200000000000013,192419091180498.9,106.60761673748432
-0.06799999999999999,0.07200000000000013,190571000647004.84,142.79157580067476
-0.06399999999999999,0.07200000000000013,192563352564773.3,175.68560291821365
-0.059999999999999984,0.07200000000000013,205818881179348.72,-157.25470571937277
-0.05599999999999998,0.07200000000000013,229662181021700.25,-129.2496754799313
-0.05199999999999998,0.07200000000000013,240771861593104.25,-97.92990916061161
-0.04799999999999997,0.07200000000000013,246103293881603.25,-73.61287459098007
-0.04399999999999997,0.07200000000000013,264327806665223.6,-48.06682836388456
-0.039999999999999966,0.07200000000000013,269598448127685.44,-22.22160585777219
-0.03599999999999996,0.07200000000000013,288951651670428.75,-2.740078106991185
-0.03199999999999996,0.07200000000000013,292192657226735.9,18.50433019540292
-0.027999999999999955,0.07200000000000013,313725931191944.3,37.084519239454394
-0.023999999999999952,0.07200000000000013,319556582548893.6,52.41666255805751
-0.01999999999999995,0.07200000000000013,338326125034123.94,66.01388584672509
-0.015999999999999945,0.07200000000000013,341019684964990.94,76.55963443659934
-0.011999999999999941,0.07200000000000013,351853384863784.94,85.72608488232795
-0.007999999999999938,0.07200000000000013,356414211721758.6,95.30537692971052
-0.003999999999999934,0.07200000000000013,346270896998097.0,96.91106602917854
6.938893903907228e-17,0.07200000000000013,360185236061359.56,96.78033458906285
0.004000000000000073,0.07200000000000013,374878371069614.06,95.80183824413784
0.008000000000000076,0.07200000000000013,353878202531838.7,92.43053491701772
0.01200000000000008,0.07200000000000013,356065945874030.06,85.67845736792512
0.016000000000000084,0.07200000000000013,355766196443213.56,76.61227919590522
0.020000000000000087,0.07200000000000013,330074075181899.7,66.19810388035468
0.02400000000000009,0.07200000000000013,333158154347560.75,51.316604744416985
0.028000000000000094,0.07200000000000013,309314902299594.0,34.86901821176746
0.0320000000000001,0.07200000000000013,301272904484401.9,18.25921649083439
0.0360000000000001,0.07200000000000013,293271428137996.2,0.34083269040522696
0.040000000000000105,0.07200000000000013,283877873042723.25,-23.77870488000602
0.04400000000000011,0.07200000000000013,263971220072113.28,-45.883923033136206
0.04800000000000011,0.07200000000000013,250521878305169.3,-71.61933937414543
0.052000000000000116,0.07200000000000013,237240768918221.62,-96.73603262715378
0.05600000000000012,0.07200000000000013,217472072241351.38,-124.79068832659848
0.06000000000000012,0.07200000000000013,219601641959981.12,-157.30729605789801
0.06400000000000013,0.07200000000000013,204797924843528.84,172.84103767354304
0.06800000000000013,0.07200000000000013,201599389761424.66,139.57632292390286
0.07200000000000013,0.07200000000000013,180413642172729.88,105.62217298068026
0.07600000000000014,0.07200000000000013,186777832233716.44,73.74270042559522
-0.08,0.07600000000000014,146055855478658.0,7.216489468497199
-0.076,0.07600000000000014,165193430148949.22,43.78557345738597
-0.072,0.07600000000000014,171696253729286.06,78.28551211929158
-0.06799999999999999,0.07600000000000014,172770911255479.12,104.58258450890743
-0.06399999999999999,0.07600000000000014,182488556146952.06,136.40235221661197
-0.059999999999999984,0.07600000000000014,208740102226502.47,169.44475414707622
-0.05599999999999998,0.07600000000000014,219564134916564.78,-165.73606479048203
-0.05199999999999998,0.07600000000000014,220085634997149.28,-137.75174031851765
-0.04799999999999997,0.07600000000000014,229096496260180.9,-109.58013810990771
-0.04399999999999997,0.07600000000000014,242390832110463.12,-88.36152531677523
-0.039999999999999966,0.07600000000000014,250426122318465.78,-65.23551755086612
-0.03599999999999996,0.07600000000000014,260437029901306.75,-43.34371992222063
-0.03199999999999996,0.07600000000000014,261853891355273.62,-23.809242884713388
-0.027999999999999955,0.07600000000000014,285988380464376.2,-10.05089567598975
-0.023999999999999952,0.07600000000000014,290658517663849.8,8.955600840555283
-0.01999999999999995,0.07600000000000014,299480816887286.56,21.07889902504467
-0.015999999999999945,0.07600000000000014,305757992855615.0,31.728175296328747
-0.011999999999999941,0.07600000000000014,316164126645425.9,39.58439904346479
-0.007999999999999938,0.07600000000000014,319118800712567.4,45.48705868162118
-0.003999999999999934,0.07600000000000014,335448795614911.56,49.19080165087134
6.938893903907228e-17,0.07600000000000014,321942398939234.6,50.3149077055159
0.004000000000000073,0.07600000000000014,327395540865561.6,47.86804447194677
0.008000000000000076,0.07600000000000014,312967456575910.56,45.59500431607833
0.01200000000000008,0.07600000000000014,311299059812127.3,40.73095662986531
0.016000000000000084,0.07600000000000014,314288603115044.0,31.09035707695962
0.020000000000000087,0.07600000000000014,306880208768298.75,22.31414640343094
0.02400000000000009,0.07600000000000014,288215945753291.44,7.234723310315482
0.028000000000000094,0.07600000000000014,289533269278208.56,-7.111563502247032
0.0320000000000001,0.07600000000000014,279901235968832.3,-26.21664740063037
0.0360000000000001,0.07600000000000014,260304162507586.72,-43.20444386315857
0.040000000000000105,0.07600000000000014,245953352816084.56,-65.2822520132685
0.04400000000000011,0.07600000000000014,239937522148886.3,-86.26634050233376
0.04800000000000011,0.07600000000000014,226065745811634.06,-111.81601725051576
0.052000000000000116,0.07600000000000014,209254003401336.78,-135.96300258837408
0.05600000000000012,0.07600000000000014,224947261988996.47,-163.8763141361875
0.06000000000000012,0.07600000000000014,203369555045442.28,169.48832948953734
0.06400000000000013,0.07600000000000014,179237809649225.97,136.7784325280489
0.06800000000000013,0.07600000000000014,197583040594163.44,108.58131747072225
0.07200000000000013,0.07600000000000014,169954747265627.88,70.08265142360722
0.07600000000000014,0.07600000000000014,159367964828459.7,41.78316917741444
