x,y,Ex_mag,Ex_phase,Ey_mag,Ey_phase,Ez_mag,Ez_phase
-0.08,-0.08,9.245576787261444e+18,81.54513748227069,9.311698842265207e+18,83.62731002619451,1.5080572696234803e+20,79.43930981088266
-0.076,-0.08,9.44032821138331e+18,121.16482085859244,1.001253057342753e+19,113.77392405857589,1.549689395691716e+20,112.88676273106081
-0.072,-0.08,9.863129563264377e+18,156.67392492078292,1.0872197888589265e+19,149.363891951,1.571022850443481e+20,145.10152414943718
-0.06799999999999999,-0.08,9.496443663490267e+18,177.433721728933,1.3219238894265006e+19,-179.74948144937363,1.6221306758096283e+20,177.00527959163418
-0.06399999999999999,-0.08,9.984697399687123e+18,-145.96273262843513,1.3059472466898209e+19,-146.03013048797314,1.6633783338067588e+20,-152.5075171343419
-0.059999999999999984,-0.08,1.039841279769052e+19,-118.16426855748733,1.3522083975253625e+19,-116.2045780410187,1.704269901040379e+20,-123.02505787081381
-0.05599999999999998,-0.08,1.054098260234658e+19,-84.67583280913966,1.4357860468418245e+19,-89.8296870032477,1.7452492143230334e+20,-95.15364862876032
-0.05199999999999998,-0.08,9.602795821178884e+18,-62.138981320527314,1.5610241576403591e+19,-65.3377681703903,1.782076228844544e+20,-68.28378388522007
-0.04799999999999997,-0.08,9.350595429037722e+18,-37.76802854840805,1.7548505965014882e+19,-37.51750639513376,1.8164359764712335e+20,-43.10614136392364
-0.04399999999999997,-0.08,9.58596043840103e+18,-11.04341618575987,1.8137749379004606e+19,-12.76181590321972,1.85887497743475e+20,-19.079662831306592
-0.039999999999999966,-0.08,9.700838924694716e+18,7.817943566206668,1.95168445017014e+19,9.882112718222633,1.901308963361669e+20,2.992292892335131
-0.03599999999999996,-0.08,9.463274349676444e+18,33.186999991239354,1.979058610781012e+19,28.8249112118082,1.938140513186012e+20,23.643918835606733
-0.03199999999999996,-0.08,8.688925967128761e+18,51.37056626502213,2.1358360198052553e+19,48.68568158705547,1.9575800986817393e+20,42.02189653648645
-0.027999999999999955,-0.08,8.170853953314489e+18,69.19446100592616,2.304254353835125e+19,66.25467140113084,1.9883214090689236e+20,58.92778620000025
-0.023999999999999952,-0.08,7.253740975314538e+18,83.34374311880632,2.302934321428641e+19,81.52380788821111,2.0255849177063388e+20,73.72375563561879
-0.01999999999999995,-0.08,6.456846337777374e+18,93.33589824443038,2.472474402283084e+19,92.95641334429055,2.0413961448137182e+20,86.41395371685174
-0.015999999999999945,-0.08,4.646597098170744e+18,102.94247448499247,2.464176280252236e+19,102.61399709607555,2.0677259805568726e+20,97.05565835103569
-0.011999999999999941,-0.08,3.881575249200459e+18,108.24949383242824,2.5818165304287187e+19,110.93876857172548,2.0819767337701117e+20,105.22784070709821
-0.007999999999999938,-0.08,2.619853715779492e+18,117.65215545836261,2.6100181189451907e+19,116.9036485244427,2.1001884544558586e+20,111.12299093410631
-0.003999999999999934,-0.08,9.635274719523173e+17,154.6775615561766,2.665554944995967e+19,122.34105005729795,2.1138402912796662e+20,114.78788758414416
6.938893903907228e-17,-0.08,5.7490051350291104e+17,68.0831984135335,2.744029774609636e+19,123.60557270286878,2.106347367185728e+20,115.6732607060866
0.004000000000000073,-0.08,1.9182525151388846e+18,-59.88740076440967,2.643123868704155e+19,120.84593167766687,2.1125237058812723e+20,114.51606035670329
0.008000000000000076,-0.08,2.8607174965379313e+18,-53.12730488941809,2.56212796240467e+19,117.03033488131612,2.1014944552629738e+20,110.8467975105973
0.01200000000000008,-0.08,3.831075281027172e+18,-69.55665626134778,2.5636796916679954e+19,113.52331549809679,2.0848633840212994e+20,104.98559873218299
0.016000000000000084,-0.08,4.5634794512059756e+18,-73.06448103181809,2.5414239940740858e+19,102.05919855520676,2.0683804973018982e+20,96.74366184226255
0.020000000000000087,-0.08,6.149320937388653e+18,-92.23023245835535,2.543130226673477e+19,91.55954905903522,2.0476635139806888e+20,86.4329390242674
0.02400000000000009,-0.08,6.749738939018397e+18,-101.82554847465559,2.2795623799102665e+19,81.12140134579151,2.027531845754156e+20,73.88049625777987
0.028000000000000094,-0.08,7.950958427628633e+18,-116.51673998353482,2.289958835456884e+19,66.063734696475,1.990626863040618e+20,58.91497172727205
0.0320000000000001,-0.08,7.435112967217644e+18,-123.20828536378768,2.1082131228897976e+19,46.97794964560238,1.9640406883847573e+20,42.30495729560166
0.0360000000000001,-0.08,9.038982413677831e+18,-156.77390775320006,2.044593961363881e+19,29.721749000310414,1.936690777119974e+20,23.40010549492268
0.040000000000000105,-0.08,9.266415745265005e+18,-168.9539867961235,1.9238397111081492e+19,10.803248487968487,1.8939513412675286e+20,2.746278009392742
0.04400000000000011,-0.08,9.504526069747452e+18,166.60288468340212,1.8061100792624884e+19,-14.581695816053843,1.8540055633403075e+20,-19.30951160033676
0.04800000000000011,-0.08,1.006376101260573e+19,138.86432322445103,1.6536412101511676e+19,-37.906048518851094,1.819024523328024e+20,-43.469923267021905
0.052000000000000116,-0.08,9.752943908209478e+18,114.42935468045641,1.5762612513822704e+19,-63.91588613795327,1.7755870186529623e+20,-68.49219108238195
0.05600000000000012,-0.08,1.0042532125511072e+19,88.72260757325836,1.4175699591942762e+19,-84.53301887370284,1.7457049213201272e+20,-95.3138062401003
0.06000000000000012,-0.08,9.681036151183522e+18,60.50588607831116,1.4051896051166456e+19,-118.8298964134891,1.708866294081097e+20,-123.05235939179978
0.06400000000000013,-0.08,1.0159236864229726e+19,34.30713768836715,1.2647605492522013e+19,-149.96918508172985,1.6666555922512347e+20,-152.75918278842403
0.06800000000000013,-0.08,1.0034961185288684e+19,-2.13446790384523,1.1244878998669228e+19,-176.34127122299745,1.6281224447324583e+20,177.15116321138993
0.07200000000000013,-0.08,9.460828628298822e+18,-31.188529493244335,1.1050857695334517e+19,156.15276989279357,1.57890167441368e+20,145.2711816841549
0.07600000000000014,-0.08,9.695011047410661e+18,-64.27229177089707,1.0841660908040049e+19,114.83525278376086,1.5466230515238863e+20,113.11123868553518
-0.08,-0.076,1.086842657997835e+19,118.00705182765016,9.64195503771981e+18,119.32424952624584,1.555932483502302e+20,112.75839227252214
-0.076,-0.076,9.85669445810066e+18,149.9270422842662,1.0931329255289385e+19,150.0551293772807,1.5837130327878936e+20,147.3721999404278
-0.072,-0.076,1.0233093293808632e+19,-170.1714110367045,1.1217526202538525e+19,-174.79689404392863,1.6279033184368712e+20,-179.77804247390804
-0.06799999999999999,-0.076,1.1801257713973844e+19,-144.150667190366,1.2072958602644134e+19,-140.31628673912408,1.670832713140281e+20,-147.14300981917805
-0.06399999999999999,-0.076,1.12409543038777e+19,-110.26581318449577,1.33481217821463e+19,-107.08710962081125,1.715345201058219e+20,-115.37321428871397
-0.059999999999999984,-0.076,1.127035607117752e+19,-80.55463323153995,1.3284308898802274e+19,-76.52246674181646,1.7556775312368894e+20,-85.45920046611958
-0.05599999999999998,-0.076,1.1882826437343044e+19,-50.43021773853621,1.490183162017965e+19,-49.13545302174644,1.797640125852219e+20,-56.1566959754415
-0.05199999999999998,-0.076,1.2055713465684222e+19,-20.761887706802366,1.7472632044524265e+19,-22.80146859780765,1.8461400237967222e+20,-28.679509960906465
-0.04799999999999997,-0.076,1.1237072083536495e+19,1.6090388612063833,1.819180964762635e+19,5.765290889440217,1.8880092555231533e+20,-2.385322927307375
-0.04399999999999997,-0.076,1.1145344654338853e+19,25.26758846519468,1.842552761763144e+19,28.848059838685923,1.9321619390414363e+20,22.261312366309035
-0.039999999999999966,-0.076,1.0566067587683408e+19,49.09421792447739,1.992169239370232e+19,51.45097001367438,1.9819835493833504e+20,45.465178006942054
-0.03599999999999996,-0.076,1.0155741915102781e+19,73.56104950082499,2.176202003565179e+19,73.3935006788497,2.0065740503997845e+20,66.71405738866007
-0.03199999999999996,-0.076,9.048092678000169e+18,90.14955605429,2.371721447132278e+19,94.07258184460278,2.0426910363273963e+20,86.42278083410156
-0.027999999999999955,-0.076,9.371488309331659e+18,111.3592046764202,2.3826678346691027e+19,109.76170223394561,2.0780294109114037e+20,103.8588620201801
-0.023999999999999952,-0.076,8.646409835078407e+18,129.41406546177822,2.5664298755155608e+19,125.5216406913017,2.113994609301212e+20,119.59598660748864
-0.01999999999999995,-0.076,6.581345918293399e+18,140.54779321824475,2.678929162856373e+19,139.466704900759,2.1447095542967534e+20,132.72330790039416
-0.015999999999999945,-0.076,6.153211463755959e+18,160.00611496168625,2.656094065910146e+19,149.54596561615432,2.162736103429709e+20,143.72681385679812
-0.011999999999999941,-0.076,4.646042485611316e+18,164.54721957136184,2.817339280397069e+19,158.71191092502778,2.186493973862124e+20,152.32231055764217
-0.007999999999999938,-0.076,3.1139148348716324e+18,174.04396983055295,2.882405109631874e+19,167.31111026814924,2.2004932847633046e+20,158.38445786719097
-0.003999999999999934,-0.076,9.652494563163142e+17,155.77927449672083,2.9055118148088136e+19,169.68652739936664,2.2107772073219722e+20,162.5245710392804
6.938893903907228e-17,-0.076,1.3741054947739688e+17,-84.4821193179678,2.9434122586541126e+19,170.99839087805944,2.224661023864687e+20,163.54871467523353
0.004000000000000073,-0.076,1.8054562537658266e+18,-21.263487580551242,2.948104828998871e+19,170.60734264370038,2.2064581828918306e+20,162.43421047525234
0.008000000000000076,-0.076,2.5244493448858004e+18,-24.597759318133097,2.8648594483476664e+19,166.70937200538663,2.198373690124905e+20,158.4494640236376
0.01200000000000008,-0.076,4.77462172820737e+18,-23.42613281059932,2.867726299328253e+19,159.95067480248244,2.1886512441582774e+20,152.29581961027097
0.016000000000000084,-0.076,6.8144322232144e+18,-30.54345738276276,2.834528150799887e+19,151.20004822458242,2.1572518800250313e+20,143.70831479280665
0.020000000000000087,-0.076,6.611026559493164e+18,-39.93116574094871,2.589307354341889e+19,140.0041981160418,2.1480207428482292e+20,132.82696082368113
0.02400000000000009,-0.076,8.351646868030483e+18,-54.67412663591012,2.581073240651126e+19,127.33657188345632,2.1232378395261472e+20,119.3519968831199
0.028000000000000094,-0.076,8.702011893817537e+18,-72.57095333302597,2.4111377975541817e+19,110.83099283060218,2.0818984778851343e+20,104.08794812973345
0.0320000000000001,-0.076,9.443553590144369e+18,-85.05361877090282,2.3474396355442844e+19,92.22374794327212,2.0490488825134128e+20,86.3755150461864
0.0360000000000001,-0.076,1.0008688369222984e+19,-106.23557953983716,2.217774967309859e+19,71.55967485127044,2.0176968473552686e+20,67.18357545228272
0.040000000000000105,-0.076,1.082968136059066e+19,-125.87926616675107,2.094044242682386e+19,53.172547338726694,1.9578888425302786e+20,45.61373473674441
0.04400000000000011,-0.076,1.0881322976694948e+19,-154.4246008267564,1.892012224127886e+19,27.26737175013884,1.926953164146698e+20,22.212530953696596
0.04800000000000011,-0.076,1.0561154223136969e+19,-172.08504593985197,1.8592941684511457e+19,2.08060968411579,1.8790878616399613e+20,-2.632578820343811
0.052000000000000116,-0.076,1.0157492295499764e+19,157.2640862254846,1.6094253933012212e+19,-22.495018845604363,1.8393633129070605e+20,-28.72104609460568
0.05600000000000012,-0.076,1.087889761330917e+19,130.0010584519114,1.5006456803097782e+19,-50.76783830403996,1.8018841942408842e+20,-56.26022395264209
0.06000000000000012,-0.076,1.0843578042872832e+19,96.15448671081991,1.4741485938083658e+19,-78.45461423465501,1.7491433020555706e+20,-85.2089968226524
0.06400000000000013,-0.076,1.150115827134841e+19,69.42703927500266,1.29925908224802e+19,-111.59341554254777,1.719279638476125e+20,-115.56090002045586
0.06800000000000013,-0.076,1.1801645716688925e+19,43.19810545860259,1.1907705552020806e+19,-143.6392600353678,1.6696907829920933e+20,-146.97212798372337
0.07200000000000013,-0.076,1.1147879964595448e+19,3.781056203127806,1.1991396399052196e+19,-171.50730849128215,1.6245774978608546e+20,-179.58135796486368
0.07600000000000014,-0.076,1.1593926630893765e+19,-30.33157596600219,9.888833633549066e+18,148.43931956294358,1.5890105381871675e+20,147.24276336342103
-0.08,-0.072,1.04504794566805e+19,150.7248044467862,9.995247251211964e+18,153.55717138348257,1.5879016858851666e+20,145.35076966278046
-0.076,-0.072,1.15827962100197e+19,-175.40267046162398,1.057024142702009e+19,-172.96777879044143,1.6315692349000912e+20,-179.2190170566657
-0.072,-0.072,1.179691961893077e+19,-138.6170956347445,1.1799664244996465e+19,-139.887816788207,1.6761089624466463e+20,-144.9820471313232
-0.06799999999999999,-0.072,1.1268545848950845e+19,-107.14400140805004,1.3046172031817034e+19,-105.63245577625746,1.7092139512486504e+20,-111.78548961672446
-0.06399999999999999,-0.072,1.2358261690876193e+19,-71.81085082854085,1.3651522977386228e+19,-73.89716422660388,1.769222400280114e+20,-79.34196759127826
-0.059999999999999984,-0.072,1.3278867999377086e+19,-39.81896080365091,1.4829372884642572e+19,-46.762210823175444,1.8118658241782573e+20,-48.4057333743941
-0.05599999999999998,-0.072,1.3102398648477098e+19,-16.106144329468083,1.6049257516745724e+19,-13.0674468171056,1.864621051212859e+20,-17.978601831572295
-0.05199999999999998,-0.072,1.2905129326930129e+19,14.063803232850658,1.728892332769114e+19,17.06308202577772,1.905175773995982e+20,10.53614320480026
-0.04799999999999997,-0.072,1.2517977844601266e+19,43.2325077893449,1.8604413680633197e+19,43.867782875276745,1.9537491465632907e+20,37.72215041927382
-0.04399999999999997,-0.072,1.2163911022623429e+19,71.47397225073831,2.0517847904807076e+19,69.6445340609555,2.0030863447726336e+20,63.39038192472432
-0.039999999999999966,-0.072,1.2145248874736376e+19,94.31035437633463,2.201259374140533e+19,91.81582600086968,2.052319592712204e+20,87.61728415541774
-0.03599999999999996,-0.072,1.171365206990138e+19,118.82017908121576,2.4258177155546788e+19,114.79034422280893,2.0892273560476264e+20,109.73858676698111
-0.03199999999999996,-0.072,1.1310091888437965e+19,136.12234349187335,2.4585258357769875e+19,136.50571564181826,2.1342604526808633e+20,130.4938910667701
-0.027999999999999955,-0.072,1.0454136335237943e+19,155.99540246567088,2.6785127102683853e+19,155.475015406685,2.176133729766453e+20,148.70056183737984
-0.023999999999999952,-0.072,9.125955091331225e+18,172.09897243255213,2.7843214481665323e+19,172.74529164032984,2.2177572041471885e+20,164.9714794558061
-0.01999999999999995,-0.072,8.202889183328997e+18,-172.21364012696407,2.8859831995255652e+19,-174.95915178685001,2.250984794027897e+20,178.8418622948345
-0.015999999999999945,-0.072,7.07370465154987e+18,-168.74355862489938,2.9406280741375033e+19,-163.81740302995541,2.2692253482468917e+20,-169.6805579326612
-0.011999999999999941,-0.072,5.973779503687259e+18,-148.99656279884698,3.171838404334515e+19,-153.18760930188938,2.3018231281044636e+20,-160.1391900953961
-0.007999999999999938,-0.072,3.6452144679680814e+18,-142.14064535770075,3.2024001594240205e+19,-145.78270672534336,2.317235332506629e+20,-153.86111433839088
-0.003999999999999934,-0.072,1.7483433416991724e+18,-144.3819571374662,3.1969977521492582e+19,-142.37442742972874,2.333034868612124e+20,-149.7908930658062
6.938893903907228e-17,-0.072,4.515281782806941e+17,165.36831887364795,3.255144417863584e+19,-142.37111958467585,2.3335979542527158e+20,-148.5915645467739
0.004000000000000073,-0.072,1.4404203674298941e+18,17.725150693062734,3.316013963326137e+19,-142.42687870803633,2.3240285884298097e+20,-149.8243219053068
0.008000000000000076,-0.072,3.043076793790975e+18,36.437260505209984,3.2106227013352505e+19,-147.90889195135995,2.3087236336805252e+20,-154.10136161752627
0.01200000000000008,-0.072,5.517473652633412e+18,23.342161434132525,3.169548989811275e+19,-153.57838696464765,2.294129419253876e+20,-160.49612006120094
0.016000000000000084,-0.072,6.314293150080026e+18,14.446319244301176,3.1167418457414144e+19,-162.57072513734227,2.2815231264204037e+20,-169.454661161749
0.020000000000000087,-0.072,7.62187649212424e+18,3.1798619033320086,2.9005369685268976e+19,-174.27690261323616,2.2499950197960475e+20,178.78463671570142
0.02400000000000009,-0.072,8.888670356284212e+18,-6.212482843123293,2.87348114439532e+19,173.00909440466432,2.2152321741722763e+20,165.16248729573374
0.028000000000000094,-0.072,9.871891083011756e+18,-28.924579911325157,2.753821695855884e+19,156.73944642579386,2.1765415068985786e+20,148.8015596244254
0.0320000000000001,-0.072,1.1101372869212539e+19,-44.06135766174974,2.3981864270458565e+19,138.61335061252117,2.140220901560197e+20,130.0944155795377
0.0360000000000001,-0.072,1.1712879502073065e+19,-64.44140033859092,2.4120414234025656e+19,116.56189472667012,2.092759058144953e+20,109.97162053156205
0.040000000000000105,-0.072,1.2006855688289894e+19,-88.64247222726003,2.156120064865938e+19,92.91171889547124,2.049788684789997e+20,87.60943115489121
0.04400000000000011,-0.072,1.1921829996458736e+19,-105.74848911463634,1.965183678038453e+19,68.15901984677512,1.9960573471224218e+20,63.485792681740534
0.04800000000000011,-0.072,1.2815339678287903e+19,-133.53899380914382,1.9185755736330797e+19,43.94000974099672,1.952477473932924e+20,37.80467609799712
0.052000000000000116,-0.072,1.3375088736383162e+19,-160.67026227957024,1.8268291247309124e+19,14.340525872276464,1.9008566325322272e+20,10.410286228405697
0.05600000000000012,-0.072,1.2222223332621697e+19,169.06200239072956,1.6030366033533774e+19,-11.650976108474996,1.854898324771536e+20,-18.160530361271153
0.06000000000000012,-0.072,1.2446455394020235e+19,131.83761238225932,1.5006985609954656e+19,-40.74524951032194,1.8095642101460586e+20,-48.272240748978625
0.06400000000000013,-0.072,1.2104476498164097e+19,104.02582969537394,1.4155513331463774e+19,-73.28986813080353,1.7652109520511707e+20,-79.42281641572279
0.06800000000000013,-0.072,1.2599403857508768e+19,74.05104173961466,1.236034958379949e+19,-106.00281228790396,1.720077793045995e+20,-112.14131223642347
0.07200000000000013,-0.072,1.1796244781345001e+19,40.35127172700565,1.1740438839554781e+19,-141.95556573074035,1.6800910527174862e+20,-145.2463718733025
0.07600000000000014,-0.072,1.0187319920036813e+19,7.826068066478025,1.125353429784445e+19,-178.10182639675114,1.6293422933774267e+20,-179.5175587049961
-0.08,-0.06799999999999999,1.1959786517501219e+19,-176.31799047439597,1.066712192140362e+19,177.92394029795975,1.623826850445988e+20,176.93290988900094
-0.076,-0.06799999999999999,1.210920322321434e+19,-142.9063109825579,1.0664618652820249e+19,-142.26853225523217,1.667454435382786e+20,-146.99113146154096
-0.072,-0.06799999999999999,1.1981244139883844e+19,-102.705000952987,1.2180674649488495e+19,-107.82596643987114,1.7216689561051123e+20,-111.97978636107149
-0.06799999999999999,-0.06799999999999999,1.338158022993362e+19,-70.69820062436001,1.3175209830889193e+19,-69.30455387853674,1.77129709411028e+20,-77.52874144453612
-0.06399999999999999,-0.06799999999999999,1.3178575009930328e+19,-35.78030048114542,1.3340336374260031e+19,-40.19263618523925,1.819633297923093e+20,-44.028212203089886
-0.059999999999999984,-0.06799999999999999,1.333796792484413e+19,-5.44214547810288,1.5442894604606077e+19,-7.1626306910280455,1.859855192329363e+20,-12.032750353116885
-0.05599999999999998,-0.06799999999999999,1.3873842668992946e+19,23.859123264597553,1.6603310612903387e+19,26.011507917752365,1.9259646436625115e+20,18.9322863178111
-0.05199999999999998,-0.06799999999999999,1.361314342996907e+19,57.288274724983545,1.8513631706659086e+19,52.48053391121548,1.9809733616845432e+20,48.8807353382102
-0.04799999999999997,-0.06799999999999999,1.3264812333807364e+19,83.39821206407034,1.986821575633889e+19,84.68271098694576,2.0302922995306588e+20,77.34831046729131
-0.04399999999999997,-0.06799999999999999,1.3880893229608446e+19,113.0367999784589,2.2437859132584653e+19,108.54730235438277,2.0823467469770932e+20,103.84194760077243
-0.039999999999999966,-0.06799999999999999,1.3480360737907341e+19,134.2579734104636,2.370069474679898e+19,134.657519192717,2.1289052243098508e+20,128.85463753412353
-0.03599999999999996,-0.06799999999999999,1.3915124195713223e+19,157.4839754441478,2.512141773507091e+19,159.1982200719066,2.185672899506471e+20,152.363496023073
-0.03199999999999996,-0.06799999999999999,1.2676702656872686e+19,-179.49066790155928,2.760297805266382e+19,-176.51385907504,2.2372697207983476e+20,173.78685419568185
-0.027999999999999955,-0.06799999999999999,1.2086874477150448e+19,-157.96930343396227,2.7743264940426043e+19,-158.76204078440819,2.2828782396561234e+20,-166.8491032216423
-0.023999999999999952,-0.06799999999999999,1.1097811238887825e+19,-140.33622026768404,3.071598032682814e+19,-142.20183860361936,2.3288095560801767e+20,-149.87751041966723
-0.01999999999999995,-0.06799999999999999,8.872893272281807e+18,-126.19650010340237,3.2478565637437485e+19,-129.06785838489603,2.3656097627797137e+20,-135.42087794277478
-0.015999999999999945,-0.06799999999999999,8.337548388418903e+18,-119.56819868175683,3.439821269288123e+19,-115.8480916383973,2.399614588348519e+20,-122.9744861866097
-0.011999999999999941,-0.06799999999999999,6.123994005666991e+18,-102.10123344334387,3.423846064414631e+19,-104.05038154167322,2.43041118547472e+20,-113.54198979992587
-0.007999999999999938,-0.06799999999999999,3.9926600585809526e+18,-97.54557859062398,3.629189121943714e+19,-99.96200901879338,2.4506484533979703e+20,-106.50442840186763
-0.003999999999999934,-0.06799999999999999,2.0769327289557934e+18,-115.01106107385021,3.664375191150997e+19,-94.49400740772356,2.455278135801665e+20,-102.39899993999971
6.938893903907228e-17,-0.06799999999999999,6.485895988354916e+17,-106.69667208111207,3.58196294859673e+19,-93.32624177354344,2.4664117137577247e+20,-101.09033672036229
0.004000000000000073,-0.06799999999999999,2.2139324142617933e+18,57.82579862260938,3.5781379785309606e+19,-94.90084183496138,2.4555292598870373e+20,-102.47016204642391
0.008000000000000076,-0.06799999999999999,4.229232903208909e+18,81.04034452781914,3.6636278132480475e+19,-99.00392752488946,2.4399739425178943e+20,-106.6942047496445
0.01200000000000008,-0.06799999999999999,6.402474741720753e+18,72.2381225335067,3.43039952049559e+19,-104.84795497122921,2.4258166138042866e+20,-113.40648668403495
0.016000000000000084,-0.06799999999999999,8.647338370155736e+18,65.56676240980507,3.3312576199258132e+19,-116.85411140504728,2.3985151676884294e+20,-123.25550902702958
0.020000000000000087,-0.06799999999999999,9.611586216928537e+18,54.66767620211555,3.2205537224482357e+19,-128.5982641711402,2.3607857367520467e+20,-135.1556884796514
0.02400000000000009,-0.06799999999999999,1.0306102508849723e+19,31.618190706155552,3.0025360400587203e+19,-140.942496515961,2.3251618836833983e+20,-150.13334835625463
0.028000000000000094,-0.06799999999999999,1.2691934212202885e+19,18.252671368364613,2.871526764332414e+19,-158.34609109885233,2.2778370194856637e+20,-166.7570245209558
0.0320000000000001,-0.06799999999999999,1.3143022052230126e+19,0.7385704897610187,2.671281275447233e+19,-178.14334250415868,2.2367616681476637e+20,173.76581545078926
0.0360000000000001,-0.06799999999999999,1.4125090268959144e+19,-18.105131389059213,2.5604319636331934e+19,157.9122284089517,2.184176717016312e+20,152.44460803314539
0.040000000000000105,-0.06799999999999999,1.3858914868437514e+19,-44.02254227775688,2.2960378988743877e+19,136.01266164519225,2.1448149469178973e+20,129.05995764110412
0.04400000000000011,-0.06799999999999999,1.4030618708845593e+19,-70.12909440404786,2.1380351497758245e+19,111.77109491321596,2.0830357667539255e+20,103.81065802476071
0.04800000000000011,-0.06799999999999999,1.4798581333977928e+19,-96.65206999926068,1.8995693707270066e+19,82.36040139128905,2.0348676847157933e+20,77.08510273567022
0.052000000000000116,-0.06799999999999999,1.499587758765903e+19,-123.259234290771,1.8939113713325048e+19,57.14525661641299,1.978208561843907e+20,48.88729962817098
0.05600000000000012,-0.06799999999999999,1.380218041198983e+19,-151.3657581393829,1.651734198576945e+19,26.972099939565606,1.91980785425642e+20,18.997232394063186
0.06000000000000012,-0.06799999999999999,1.253337206827993e+19,173.5894580722158,1.6360946189409229e+19,-3.089288018542886,1.8583574633477086e+20,-11.60659112606694
0.06400000000000013,-0.06799999999999999,1.3059665053461088e+19,142.0425715952845,1.4699201997146765e+19,-37.13731544595976,1.8250664314429384e+20,-44.20775627308652
0.06800000000000013,-0.06799999999999999,1.3437283385890376e+19,107.09445300219024,1.3422289144517435e+19,-71.44603446368951,1.7593693463429392e+20,-77.27666539943411
0.07200000000000013,-0.06799999999999999,1.2061280115339778e+19,70.23373454629758,1.2412490422040254e+19,-105.17661703885129,1.720893646441224e+20,-111.57733902994109
0.07600000000000014,-0.06799999999999999,1.336642520337473e+19,41.965346017100266,1.0431468268904042e+19,-141.72276187759513,1.66710949434848e+20,-146.80475154416052
-0.08,-0.06399999999999999,1.197273885103996e+19,-149.84908391360668,1.038153919385235e+19,-146.05228816811427,1.6536069385287303e+20,-152.53745590349223
-0.076,-0.06399999999999999,1.2908148969726476e+19,-111.39201319040085,1.0987540769330446e+19,-114.4748886438269,1.7062675293382702e+20,-115.70831740589948
-0.072,-0.06399999999999999,1.340665157308439e+19,-72.20615673838282,1.2245757136577847e+19,-76.53061412182191,1.7697779682428086e+20,-79.41655927755545
-0.06799999999999999,-0.06399999999999999,1.3544819660560024e+19,-36.94363192066435,1.2986870566610844e+19,-38.59863337270372,1.8195555526021864e+20,-44.16287489632351
-0.06399999999999999,-0.06399999999999999,1.425439482440276e+19,-3.348203795588249,1.5381826435999476e+19,-5.126218325645322,1.8844115861784422e+20,-9.820921959385524
-0.059999999999999984,-0.06399999999999999,1.5064906181923432e+19,32.45392940758614,1.630563637428086e+19,29.6326578276903,1.926582228396145e+20,23.442598241247023
-0.05599999999999998,-0.06399999999999999,1.60473143858336e+19,61.65608784522447,1.8357560819416097e+19,60.65437376800145,1.9846800922517163e+20,55.472370200668415
-0.05199999999999998,-0.06399999999999999,1.6117627019168872e+19,93.53449601086439,1.9053170487579374e+19,92.0989995611426,2.055678607830247e+20,86.51183768092656
-0.04799999999999997,-0.06399999999999999,1.553714277703109e+19,121.65825936749803,2.072520623385752e+19,122.78959482338318,2.1122374455497372e+20,115.98451248294518
-0.04399999999999997,-0.06399999999999999,1.5452707984691372e+19,149.88095690956365,2.3646520569358217e+19,149.91319881059331,2.173008752098359e+20,143.53421321782162
-0.039999999999999966,-0.06399999999999999,1.5709866197300597e+19,178.76868119698736,2.4639668022586024e+19,176.75191712355132,2.229322249236594e+20,170.09377727140853
-0.03599999999999996,-0.06399999999999999,1.544724689763473e+19,-158.25807340711344,2.717337528882447e+19,-159.42828690284455,2.2805579806100337e+20,-165.75537189826036
-0.03199999999999996,-0.06399999999999999,1.490855507328862e+19,-133.80215925956014,2.933030471287753e+19,-136.2203499429698,2.3510626571665297e+20,-143.2732865628786
-0.027999999999999955,-0.06399999999999999,1.3303229042390512e+19,-114.64143896957813,3.108239390221137e+19,-115.0574895343829,2.3966815099574357e+20,-123.01006204691681
-0.023999999999999952,-0.06399999999999999,1.3128496955171498e+19,-96.50806038333641,3.4058590247180554e+19,-97.47450685798391,2.4458174573702054e+20,-105.31279982873731
-0.01999999999999995,-0.06399999999999999,1.1273688039897422e+19,-83.59379266969802,3.64142196896992e+19,-80.64245451154693,2.4903616898589396e+20,-89.71502330884435
-0.015999999999999945,-0.06399999999999999,9.567140400353407e+18,-72.22782954556608,3.6474488243309208e+19,-67.34127581097168,2.5355448224653902e+20,-76.84254586207787
-0.011999999999999941,-0.06399999999999999,7.193160321659101e+18,-57.86889343708667,3.955033467086751e+19,-57.279000801010476,2.5589289481915086e+20,-66.51825703900289
-0.007999999999999938,-0.06399999999999999,5.170055949912626e+18,-48.57670591289889,4.058604716682365e+19,-50.0679255931878,2.579077404651202e+20,-59.11203918647302
-0.003999999999999934,-0.06399999999999999,2.1220649996072563e+18,-48.09407153007933,4.088055912993304e+19,-46.47088450009055,2.5972710797200097e+20,-54.84559717690684
6.938893903907228e-17,-0.06399999999999999,4.4353979059331744e+17,71.29682244765405,4.1229500882672345e+19,-45.868556920782204,2.5922294727188156e+20,-53.312166349488564
0.004000000000000073,-0.06399999999999999,2.751317627108308e+18,122.40205843456378,4.111983551312866e+19,-46.1654142506975,2.5984937203097197e+20,-54.71554165221718
0.008000000000000076,-0.06399999999999999,5.244016218059392e+18,133.93894791717304,4.025335086954828e+19,-50.71564145661878,2.572042840135968e+20,-59.33663958289424
0.01200000000000008,-0.06399999999999999,7.427902422951673e+18,122.37620517638314,3.8470135053909746e+19,-58.29319600235219,2.5574121893852732e+20,-66.6488301771506
0.016000000000000084,-0.06399999999999999,9.410908584394955e+18,111.90499943101214,3.749997657624604e+19,-67.98378968050004,2.525807910985447e+20,-76.850029831971
0.020000000000000087,-0.06399999999999999,1.131084792278345e+19,101.34999376976552,3.5377879382209925e+19,-81.36515701571274,2.488885725726693e+20,-89.64540492002082
0.02400000000000009,-0.06399999999999999,1.3009912344405404e+19,81.46906569194749,3.391934399202985e+19,-97.55699088868366,2.4442345967569194e+20,-105.09132783753998
0.028000000000000094,-0.06399999999999999,1.3556551185912838e+19,68.1070243802549,3.1078184637293584e+19,-115.10128751895789,2.398378589728411e+20,-123.10160466345155
0.0320000000000001,-0.06399999999999999,1.437189298256473e+19,44.30941463836458,3.0243061302451626e+19,-136.08858460294184,2.342620185737723e+20,-143.38229800843973
0.0360000000000001,-0.06399999999999999,1.5793247259909458e+19,23.651830580243363,2.716480807906866e+19,-157.237152279851,2.2857190705019896e+20,-165.55596722676998
0.040000000000000105,-0.06399999999999999,1.520342679762593e+19,-1.341469401949382,2.574105788371434e+19,176.4111682211506,2.2308241553999705e+20,169.93834586828822
0.04400000000000011,-0.06399999999999999,1.6416602645182208e+19,-29.99570904831294,2.3518918047419466e+19,150.28584466677404,2.176459900428061e+20,143.71784278917423
0.04800000000000011,-0.06399999999999999,1.6251424711343057e+19,-58.60774420519083,2.104075327956356e+19,121.6080982068056,2.1058973948399285e+20,115.57574698309531
0.052000000000000116,-0.06399999999999999,1.5959914651322968e+19,-86.74844198167946,1.9592986002304025e+19,93.68995061723845,2.0368171896034332e+20,86.21745898820771
0.05600000000000012,-0.06399999999999999,1.4791257139361382e+19,-119.57174273706144,1.696499543851452e+19,61.616586573659355,1.9882614003466882e+20,55.68162764606443
0.06000000000000012,-0.06399999999999999,1.5104588144728764e+19,-149.96769557869823,1.6162324326152534e+19,28.69003414380253,1.9313710451650167e+20,23.770270811563126
0.06400000000000013,-0.06399999999999999,1.4942746486791682e+19,174.51579132179165,1.5016726589256751e+19,0.05229632562202527,1.8769827150988473e+20,-9.62512827709487
0.06800000000000013,-0.06399999999999999,1.3823227757880074e+19,142.1373212000073,1.3543455598105407e+19,-35.15700557786933,1.821890981865596e+20,-44.048709970111496
0.07200000000000013,-0.06399999999999999,1.3620937278091874e+19,106.48708185448645,1.214560699918209e+19,-72.20632360764154,1.7698698521448487e+20,-79.3528541701487
0.07600000000000014,-0.06399999999999999,1.3774145487531708e+19,69.159832316265,1.0720552889673218e+19,-111.17302568818776,1.714358614435631e+20,-115.66246219369918
-0.08,-0.059999999999999984,1.3279492965527323e+19,-116.06744951857674,1.0253627083990188e+19,-121.6131548565966,1.6991881338120258e+20,-123.26748287350607
-0.076,-0.059999999999999984,1.4058597886835597e+19,-78.61416457773655,1.205182446907001e+19,-79.96454437004478,1.7568290966475286e+20,-85.55648616459116
-0.072,-0.059999999999999984,1.5768859661388317e+19,-43.88242884954283,1.302374460478258e+19,-41.422834022287994,1.8160385887344696e+20,-48.17420006979166
-0.06799999999999999,-0.059999999999999984,1.5431762868766472e+19,-9.469791520668235,1.3559105940563786e+19,-5.6611165910763726,1.871798775757666e+20,-11.82117894295328
-0.06399999999999999,-0.059999999999999984,1.683101052909813e+19,30.544588154068425,1.5875718574619912e+19,31.520531182758774,1.9236128138091335e+20,23.183791987684774
-0.059999999999999984,-0.059999999999999984,1.6979954477540178e+19,65.17665564429625,1.7511331508730022e+19,63.76687041654877,1.9899415311272657e+20,57.86272748995248
-0.05599999999999998,-0.059999999999999984,1.7033052127497722e+19,96.19757445108071,1.7957282068272015e+19,98.0911893161651,2.0580395346750764e+20,91.30782187593472
-0.05199999999999998,-0.059999999999999984,1.8119801956480958e+19,131.02710392188266,2.0727955256921977e+19,130.30490382923674,2.120578597951718e+20,123.05933575700041
-0.04799999999999997,-0.059999999999999984,1.8398298598995431e+19,159.1086037796497,2.213801780635403e+19,159.11283511138018,2.1962015720647285e+20,153.54697388426888
-0.04399999999999997,-0.059999999999999984,1.916103865457303e+19,-169.84902154890696,2.38293008029863e+19,-170.31178536249823,2.255787887064789e+20,-177.20756743074065
-0.039999999999999966,-0.059999999999999984,1.8115337296237328e+19,-140.56582446507173,2.777563223115672e+19,-142.57463529478096,2.318253030578272e+20,-149.99230873568058
-0.03599999999999996,-0.059999999999999984,1.7438944219487357e+19,-115.38102373849114,2.9348028672469754e+19,-116.2794995755906,2.3891611144546258e+20,-124.53602123843235
-0.03199999999999996,-0.059999999999999984,1.7531658220960772e+19,-94.40327983281266,3.169061095738814e+19,-92.91443876036091,2.46234246149345e+20,-100.93044462023026
-0.027999999999999955,-0.059999999999999984,1.5828574488970136e+19,-70.54624134820504,3.4869165655744967e+19,-71.7266726571341,2.5136359169830722e+20,-79.66508385911332
-0.023999999999999952,-0.059999999999999984,1.47870013287288e+19,-51.68621436410015,3.6316442358628393e+19,-52.09994117423681,2.5802718298123082e+20,-60.69761284148811
-0.01999999999999995,-0.059999999999999984,1.3233542938136672e+19,-35.325415032831955,3.99701428509531e+19,-34.87828962336864,2.6224613681452977e+20,-44.19882246619842
-0.015999999999999945,-0.059999999999999984,1.1352999553393523e+19,-23.484452418990944,4.25395494697134e+19,-22.262993804251952,2.6691948390275305e+20,-30.732357823742237
-0.011999999999999941,-0.059999999999999984,9.195998180118413e+18,-14.182611169531317,4.410641582476858e+19,-11.017001634364028,2.7058312073934045e+20,-19.806707484636682
-0.007999999999999938,-0.059999999999999984,5.737000693146761e+18,-6.156433331842103,4.559078548253785e+19,-1.7942002786857882,2.727296859160086e+20,-12.247522152536773
-0.003999999999999934,-0.059999999999999984,3.1913533634935864e+18,6.883781313721856,4.5955970520518935e+19,1.7856170623536107,2.752800227257131e+20,-7.267580408313754
6.938893903907228e-17,-0.059999999999999984,7.656596363066391e+17,-141.46542452725328,4.702581919292638e+19,2.783932929635412,2.7606239073504523e+20,-5.746956501457663
0.004000000000000073,-0.059999999999999984,2.8353501672076293e+18,-175.87306441268566,4.647515289238009e+19,1.6369622035467855,2.7474535296333903e+20,-7.313159578021633
0.008000000000000076,-0.059999999999999984,5.176049649742291e+18,-178.4067485753871,4.566332866223817e+19,-2.7265590355774383,2.7279855168208837e+20,-11.970353248697148
0.01200000000000008,-0.059999999999999984,8.592058797345524e+18,164.58962496752576,4.476502428067494e+19,-10.846976491485448,2.713623184237468e+20,-19.771329286052282
0.016000000000000084,-0.059999999999999984,1.1256530427769717e+19,159.23705416752048,4.147818559117837e+19,-22.30529026703237,2.6677333176070786e+20,-30.72326126723319
0.020000000000000087,-0.059999999999999984,1.2731398146113274e+19,146.8743112552888,4.043119054047374e+19,-36.05685479842487,2.6266063577056166e+20,-44.484562619223965
0.02400000000000009,-0.059999999999999984,1.5428443303115733e+19,129.27892734219614,3.732210043093352e+19,-51.61562910110285,2.5749818604146403e+20,-60.58272181480009
0.028000000000000094,-0.059999999999999984,1.574382150657567e+19,111.7355364636513,3.3955000859061375e+19,-71.67787354405002,2.517333206189437e+20,-79.45875988591091
0.0320000000000001,-0.059999999999999984,1.7496688096695572e+19,88.89779257938778,3.2037914721946817e+19,-91.80484130776063,2.4499800511213352e+20,-100.95538938777364
0.0360000000000001,-0.059999999999999984,1.7427255657144644e+19,63.333537606847706,2.930958152911768e+19,-116.38893140066425,2.3892849002172318e+20,-124.43984757035152
0.040000000000000105,-0.059999999999999984,1.7419697556713644e+19,37.79797854521439,2.6852419274231583e+19,-143.4337633616551,2.3221250243124193e+20,-149.88931298503928
0.04400000000000011,-0.059999999999999984,1.8424781325062881e+19,10.823022882321979,2.455825746201704e+19,-169.0792240183045,2.2567382389544885e+20,-177.4451640146957
0.04800000000000011,-0.059999999999999984,1.8177989663256566e+19,-23.0068262095839,2.2307315819643273e+19,160.10720641014296,2.1975103225164002e+20,153.46307122547503
0.052000000000000116,-0.059999999999999984,1.6812926473370755e+19,-48.76305579063799,2.014584998205873e+19,129.93914548747097,2.1255456380256938e+20,123.36005839021222
0.05600000000000012,-0.059999999999999984,1.7644873563004764e+19,-81.76989431049691,1.8726150877569855e+19,97.14425063748229,2.059599412754989e+20,91.15054110135645
0.06000000000000012,-0.059999999999999984,1.6321545457523454e+19,-116.87514780963267,1.7632351508095754e+19,65.75895318405755,1.9974709434243203e+20,57.9312177468226
0.06400000000000013,-0.059999999999999984,1.6145901137568813e+19,-149.82966602308028,1.503310693275441e+19,32.286641814496555,1.9422714832142162e+20,23.247449626280265
0.06800000000000013,-0.059999999999999984,1.5238075661051011e+19,172.02455415357414,1.3167510493946302e+19,-7.990355026841651,1.865969202220703e+20,-11.999980875860313
0.07200000000000013,-0.059999999999999984,1.4559996810420543e+19,136.44422478058766,1.1775487272479113e+19,-42.384555142616506,1.8179963873135372e+20,-48.198635743068444
0.07600000000000014,-0.059999999999999984,1.4643908568528298e+19,100.37504259231041,1.138849490760384e+19,-82.30697040528207,1.7459330181589323e+20,-85.13213155915962
-0.08,-0.05599999999999998,1.4218193263857727e+19,-88.59677367654265,1.0095853712675602e+19,-90.96800307399165,1.7377615154411743e+20,-95.09328673860567
-0.076,-0.05599999999999998,1.524225390505781e+19,-50.65344384276929,1.1242966490044965e+19,-50.5619582175268,1.7945758898412323e+20,-56.13431248850029
-0.072,-0.05599999999999998,1.6862036431393614e+19,-11.398216935369632,1.202286753144635e+19,-14.779458185565352,1.8598689111155153e+20,-18.19873222252417
-0.06799999999999999,-0.05599999999999998,1.6438404789819863e+19,25.378021525201397,1.3853631416775141e+19,23.382011506043057,1.9272336108634155e+20,19.019704078700375
-0.06399999999999999,-0.05599999999999998,1.7920519233469334e+19,60.91758799611757,1.59260824500117e+19,62.56588239298507,1.9845481538176726e+20,55.46668981765224
-0.059999999999999984,-0.05599999999999998,1.8485877891105694e+19,99.2716563314771,1.7800988576282642e+19,97.24606799543155,2.0579277012384452e+20,90.9834713440526
-0.05599999999999998,-0.05599999999999998,1.91198384795706e+19,130.85438913188455,1.867004137639655e+19,134.7231827291884,2.119972762099201e+20,125.47296274663218
-0.05199999999999998,-0.05599999999999998,1.9876268218020086e+19,166.08716972833005,2.2112109899247575e+19,165.1787095171684,2.197204949916495e+20,158.55963123286392
-0.04799999999999997,-0.05599999999999998,2.0148464190647415e+19,-160.8580989637653,2.4259892369239437e+19,-161.64122511406208,2.279851913037003e+20,-169.7510555545197
-0.04399999999999997,-0.05599999999999998,2.0890257953757766e+19,-129.8485352972587,2.6822293040870765e+19,-132.47569866126005,2.3554871922212032e+20,-139.43058081369517
-0.039999999999999966,-0.05599999999999998,2.0979461552441397e+19,-102.65012570351234,2.938756542217019e+19,-101.17932676398694,2.4308497781111823e+20,-110.65391299364465
-0.03599999999999996,-0.05599999999999998,2.0457379925060653e+19,-76.44953823759805,3.3028628803227873e+19,-74.94392790291222,2.5047971153971197e+20,-83.9892330148018
-0.03199999999999996,-0.05599999999999998,2.081647728601508e+19,-50.78705216561466,3.5598001428046795e+19,-50.50357177493705,2.580438686285465e+20,-59.25421122724861
-0.027999999999999955,-0.05599999999999998,1.9807032486827553e+19,-28.13361796281108,3.885370741679362e+19,-27.202891372589754,2.661859069141971e+20,-36.613610810278836
-0.023999999999999952,-0.05599999999999998,1.6951366441280174e+19,-8.417506906536705,4.159380311117357e+19,-6.736055698992739,2.7203453133777076e+20,-16.84156853075674
-0.01999999999999995,-0.05599999999999998,1.6732523254589045e+19,9.407783849925536,4.443460211813776e+19,9.456132100523767,2.7851928965068633e+20,0.6786635714920686
-0.015999999999999945,-0.05599999999999998,1.4202962728579326e+19,25.71539137800232,4.7372301695236915e+19,24.955396226362797,2.8365987290578816e+20,15.371160172214427
-0.011999999999999941,-0.05599999999999998,1.1682174039650314e+19,33.84155476331168,4.944424670797922e+19,36.421411189026905,2.878628620757807e+20,26.724932644452874
-0.007999999999999938,-0.05599999999999998,7.322590186475724e+18,51.17563322442314,5.200149430029201e+19,45.47554774108537,2.9091596706246007e+20,35.1168712864372
-0.003999999999999934,-0.05599999999999998,3.7158514875662623e+18,37.591412525469494,5.305625446470411e+19,50.4224576096464,2.9202391686825945e+20,40.21117937985645
6.938893903907228e-17,-0.05599999999999998,4.1574399995117626e+17,-122.7472728222631,5.3515410941983154e+19,51.92255658205358,2.9277631725040632e+20,41.9309161909782
0.004000000000000073,-0.05599999999999998,3.288971798711352e+18,-151.00361678388148,5.2571329734886244e+19,50.19861482886809,2.9291403874709858e+20,40.19436906760513
0.008000000000000076,-0.05599999999999998,6.557081253652632e+18,-136.15054224144552,5.159341921173815e+19,44.59901124840448,2.9004008887782543e+20,35.168431114454066
0.01200000000000008,-0.05599999999999998,1.0327465323096857e+19,-142.1767157167875,5.045285247355005e+19,35.83555215953686,2.8751955097987357e+20,26.671852193973887
0.016000000000000084,-0.05599999999999998,1.345288643904853e+19,-149.70739664093819,4.789475776239072e+19,24.81734219624648,2.831844324234546e+20,15.338843902048463
0.020000000000000087,-0.05599999999999998,1.5383038106876932e+19,-170.50476496822606,4.489442644897278e+19,9.34237126986527,2.7746797167467617e+20,0.8182518511812233
0.02400000000000009,-0.05599999999999998,1.8103841452016935e+19,172.1935489367727,4.179633830492694e+19,-7.888800920038977,2.719714369917739e+20,-16.582412211871123
0.028000000000000094,-0.05599999999999998,1.9659905140671e+19,152.64161044609932,3.94123790732775e+19,-27.734926069584553,2.653633211222816e+20,-36.643981043551975
0.0320000000000001,-0.05599999999999998,1.927760897241488e+19,128.12401065517216,3.5762198353921217e+19,-50.6163878419081,2.5766224768466728e+20,-59.249474160423766
0.0360000000000001,-0.05599999999999998,2.0902862809557283e+19,107.14413589779177,3.2655372810072904e+19,-76.31640119572633,2.5061356453342655e+20,-84.05543736255477
0.040000000000000105,-0.05599999999999998,2.1546352643898106e+19,76.68386578425878,2.8996579258561196e+19,-103.6074703525906,2.42957469973881e+20,-110.77059065270787
0.04400000000000011,-0.05599999999999998,2.118972360095339e+19,47.19590202676939,2.6741477493175103e+19,-131.23812493843093,2.357291754103807e+20,-139.40375205171617
0.04800000000000011,-0.05599999999999998,2.0318070047998677e+19,17.208946464165933,2.408146880357323e+19,-165.05343268826414,2.2803311431407223e+20,-169.5505947586743
0.052000000000000116,-0.05599999999999998,1.8945887889989865e+19,-15.818510072918196,2.1426371864440197e+19,167.02001801435645,2.1992181717712706e+20,158.2389377815873
0.05600000000000012,-0.05599999999999998,2.0071610585225056e+19,-47.29016710805539,1.903228932577061e+19,130.5936383801727,2.1257556443898325e+20,125.60334385626358
0.06000000000000012,-0.05599999999999998,1.8758561762544685e+19,-81.76927426803057,1.7332836142553338e+19,96.31164357217746,2.0522565005893524e+20,91.16303503395089
0.06400000000000013,-0.05599999999999998,1.7493752782353945e+19,-119.29659483461215,1.5538280723674866e+19,61.63677216726216,1.9962120035820372e+20,55.61361245515421
0.06800000000000013,-0.05599999999999998,1.6812275443515056e+19,-156.2790794124308,1.4393987998254877e+19,25.382917413892994,1.923002072459303e+20,19.2168007306392
0.07200000000000013,-0.05599999999999998,1.654603820855152e+19,169.0262923488675,1.322762870860058e+19,-12.270267797346863,1.8598971942211387e+20,-18.127598522478028
0.07600000000000014,-0.05599999999999998,1.5793095974516697e+19,128.91959029551444,1.1831286868725508e+19,-48.25269992285074,1.8015081587656878e+20,-56.43866722420258
-0.08,-0.05199999999999998,1.598029627056696e+19,-65.04621465573021,9.573092964992934e+18,-62.57644441174442,1.7772625400344088e+20,-68.61951056445415
-0.076,-0.05199999999999998,1.573567898520443e+19,-24.430916899163794,1.1132224228786985e+19,-25.369793245059643,1.8441790651323567e+20,-28.601323519545485
-0.072,-0.05199999999999998,1.705970779194185e+19,16.875832736766977,1.2723389553969281e+19,19.04459080076694,1.9084203955195524e+20,10.469940579455127
-0.06799999999999999,-0.05199999999999998,1.9007123348782203e+19,56.02974582989098,1.3829702124655845e+19,54.760696956306006,1.9747279299932806e+20,48.82105076175608
-0.06399999999999999,-0.05199999999999998,1.9081710596870283e+19,93.29685841854207,1.4875817290729839e+19,90.76681513436536,2.0491756657421635e+20,86.19675805376251
-0.059999999999999984,-0.05199999999999998,2.007141236271495e+19,130.4882936337007,1.7505335285274038e+19,132.5627752507252,2.1225177814049315e+20,123.22263651787912
-0.05599999999999998,-0.05199999999999998,2.1355724449678184e+19,165.29567714804867,1.898823457026925e+19,165.77325322066332,2.1952350775451805e+20,158.69514682974375
-0.05199999999999998,-0.05199999999999998,2.1784266489301565e+19,-160.53720872029675,2.3050692340290613e+19,-160.35787698987343,2.288299046930994e+20,-167.09216209529976
-0.04799999999999997,-0.05199999999999998,2.2296845595190395e+19,-127.95143865586795,2.5666904908382646e+19,-126.4772785413102,2.364382094655547e+20,-133.7702717984618
-0.04399999999999997,-0.05199999999999998,2.3689529298383622e+19,-93.90965326989573,2.741421277206986e+19,-96.02940347106026,2.458608701015478e+20,-102.4068194618682
-0.039999999999999966,-0.05199999999999998,2.3657407533863666e+19,-63.405801032994475,3.1415295700391526e+19,-63.11720120269125,2.5364403189866624e+20,-72.44710280026817
-0.03599999999999996,-0.05199999999999998,2.3369269270913483e+19,-36.01241147285995,3.384624695261135e+19,-36.061475832212054,2.6243863132033565e+20,-44.314398670206465
-0.03199999999999996,-0.05199999999999998,2.410234774019668e+19,-9.226046120408649,3.845381947014083e+19,-9.275105679762126,2.7064315656475833e+20,-18.259622598822133
-0.027999999999999955,-0.05199999999999998,2.34033542674084e+19,15.540449796340033,4.082054443548438e+19,14.862595606298292,2.7924250105666198e+20,5.502468043086599
-0.023999999999999952,-0.05199999999999998,2.050994292593152e+19,34.7199949627255,4.557871723410239e+19,36.60226811780565,2.8765035129003518e+20,26.84162524034901
-0.01999999999999995,-0.05199999999999998,1.959149215932199e+19,56.284235062905296,4.996602455977097e+19,54.92870135914209,2.954504359859938e+20,45.36590459340574
-0.015999999999999945,-0.05199999999999998,1.7097857648908843e+19,72.7933278889669,5.310499536103874e+19,70.48264447443918,3.0124755014639524e+20,60.952284314349065
-0.011999999999999941,-0.05199999999999998,1.3751852995820845e+19,85.25429049923784,5.714030927318181e+19,83.5589219286462,3.057479968344344e+20,73.09315831208862
-0.007999999999999938,-0.05199999999999998,8.765371866812728e+18,90.82182144576501,5.904763928457336e+19,92.23525052871649,3.096410369980249e+20,82.12258273616717
-0.003999999999999934,-0.05199999999999998,5.442964106240539e+18,92.60552826306457,6.020076987261808e+19,98.5316405527845,3.132943772628382e+20,87.6555873018255
6.938893903907228e-17,-0.05199999999999998,7.16447776058422e+17,176.5676639587766,6.15518846913855e+19,99.57053242488922,3.139838824929928e+20,89.40291294101517
0.004000000000000073,-0.05199999999999998,5.433232039460073e+18,-83.63760150492003,6.046407868041485e+19,98.71729074485738,3.1341109271404865e+20,87.3830829235735
0.008000000000000076,-0.05199999999999998,9.054390644431589e+18,-92.40991184696578,5.913239471711586e+19,92.83983349543007,3.104185356987776e+20,82.28844482731952
0.01200000000000008,-0.05199999999999998,1.30431748310131e+19,-96.54865983305052,5.71581190663674e+19,83.6402323949107,3.067216828304005e+20,73.17799867108566
0.016000000000000084,-0.05199999999999998,1.6077463965466522e+19,-107.9188226530504,5.3574397274716316e+19,71.15985898421938,3.009729405439857e+20,60.757254568587896
0.020000000000000087,-0.05199999999999998,2.0077627160102085e+19,-126.81660016769862,5.033632708816725e+19,55.6402134573626,2.9435302483861553e+20,45.25966164613919
0.02400000000000009,-0.05199999999999998,2.0803824953594393e+19,-142.77839797327255,4.623041294545308e+19,36.34525656835518,2.8810438647316863e+20,26.851692166904126
0.028000000000000094,-0.05199999999999998,2.251455669462861e+19,-163.40218614291027,4.2093449852659384e+19,14.97953984506071,2.7939706331768914e+20,5.3397817783713295
0.0320000000000001,-0.05199999999999998,2.313852388972787e+19,170.33350368287486,3.788153462119249e+19,-9.123588860989745,2.7188111383977086e+20,-18.32537485302334
0.0360000000000001,-0.05199999999999998,2.5227240059830907e+19,145.63179734499664,3.4968805403450716e+19,-36.664324641632874,2.626007750640552e+20,-44.45131720410092
0.040000000000000105,-0.05199999999999998,2.2928255233368863e+19,115.7262189481185,3.181431349719165e+19,-63.80935975013965,2.5401410115284586e+20,-72.33180157389175
0.04400000000000011,-0.05199999999999998,2.3417723567725974e+19,86.09454681278673,2.7612763226268455e+19,-93.49457916481325,2.4538995520531828e+20,-102.5889105317742
0.04800000000000011,-0.05199999999999998,2.339387024845257e+19,54.68985551450604,2.52903854523057e+19,-125.8829326521695,2.3663565164169314e+20,-133.97749912849943
0.052000000000000116,-0.05199999999999998,2.3155019395777827e+19,19.340511967374432,2.2640785053250347e+19,-159.58448653291717,2.2914467680615036e+20,-167.2536836062115
0.05600000000000012,-0.05199999999999998,2.0856443522214613e+19,-14.33731201370935,1.9654203288816894e+19,166.60562058640886,2.1991458558226737e+20,158.78098249835188
0.06000000000000012,-0.05199999999999998,1.92254836368012e+19,-50.369842243092044,1.7540494743186973e+19,130.29809734844076,2.130581289362795e+20,122.97320877834895
0.06400000000000013,-0.05199999999999998,1.8746171715875262e+19,-84.09271450859144,1.6044747096890882e+19,94.71206114586214,2.0486761425444186e+20,86.4779383564279
0.06800000000000013,-0.05199999999999998,1.8321990394148264e+19,-123.66861637533567,1.462408571426387e+19,57.5490264537913,1.974200899758631e+20,48.70069838719136
0.07200000000000013,-0.05199999999999998,1.6873597635225424e+19,-162.14251827315462,1.2254734354267156e+19,22.7333355277156,1.9163063922991717e+20,10.677526994865092
0.07600000000000014,-0.05199999999999998,1.7467753553692705e+19,156.36474361924482,1.1494933202301383e+19,-21.898085414848488,1.851810453406408e+20,-28.789400670815237
-0.08,-0.04799999999999997,1.622631270529426e+19,-39.52698150004548,1.0302252384051544e+19,-35.60472623482914,1.8217850558824867e+20,-42.98574577359832
-0.076,-0.04799999999999997,1.7646666569858707e+19,5.6254017122766555,1.1176242530206663e+19,0.46745008120172354,1.8878852150757573e+20,-2.3821115110790436
-0.072,-0.04799999999999997,1.8947279306149515e+19,43.78794642648618,1.2471778711551291e+19,43.8646364309614,1.9511486223857333e+20,37.946964119561294
-0.06799999999999999,-0.04799999999999997,2.0160103641816646e+19,83.89740987028216,1.3957405653806193e+19,83.36005083355207,2.026743284895489e+20,77.25008807509268
-0.06399999999999999,-0.04799999999999997,2.0981436519581757e+19,123.380564006043,1.6792498206485725e+19,121.14066099167334,2.1042086420785552e+20,115.75800255334518
-0.059999999999999984,-0.04799999999999997,2.238302493614011e+19,162.55099466145944,1.7918849097027695e+19,160.39723290172412,2.187142775555091e+20,153.53448969009781
-0.05599999999999998,-0.04799999999999997,2.381912083745944e+19,-162.32168026967287,2.087373403281027e+19,-162.10069938184938,2.2824797606367042e+20,-169.58744024743064
-0.05199999999999998,-0.04799999999999997,2.504679218846539e+19,-126.99139914128769,2.3155299171336806e+19,-123.60772244565833,2.369929478696442e+20,-133.91963162558525
-0.04799999999999997,-0.04799999999999997,2.580325518945449e+19,-90.09399229065068,2.59510323892455e+19,-90.88701430712572,2.4619534145331878e+20,-99.42747461131026
-0.04399999999999997,-0.04799999999999997,2.7325299019576623e+19,-56.7599616163415,2.913195994671682e+19,-56.33887078260486,2.5595762374801395e+20,-66.43314543136187
-0.039999999999999966,-0.04799999999999997,2.7416147258877485e+19,-24.77755870179046,3.355247414988552e+19,-24.878913901529817,2.6629964519666732e+20,-35.189195705579316
-0.03599999999999996,-0.04799999999999997,2.794060223147746e+19,4.175134935096893,3.801126977679215e+19,3.9822252206751347,2.7558528168530595e+20,-5.79387387871876
-0.03199999999999996,-0.04799999999999997,2.7742289208347226e+19,30.50728274814249,4.233158641124398e+19,30.586293353830524,2.8538150067787314e+20,22.012718188220404
-0.027999999999999955,-0.04799999999999997,2.741709504469725e+19,55.797482522649325,4.6757400710653846e+19,56.16697442236197,2.955632284809953e+20,47.122453583061414
-0.023999999999999952,-0.04799999999999997,2.5447670131241443e+19,81.68193802246115,5.16885872504366e+19,80.78282837088777,3.047165707868244e+20,69.51431375352047
-0.01999999999999995,-0.04799999999999997,2.3536637320553034e+19,99.64028020560278,5.634139138619074e+19,99.78333913369364,3.1415842047551144e+20,89.3657968213333
-0.015999999999999945,-0.04799999999999997,2.0092585172735926e+19,118.35036068385726,6.1230270433286e+19,116.29450288706904,3.21126193336364e+20,105.96194430285827
-0.011999999999999941,-0.04799999999999997,1.5956757644000039e+19,132.28981966691657,6.552099590899806e+19,130.34216615461742,3.280620836160421e+20,119.32863817071453
-0.007999999999999938,-0.04799999999999997,1.11180334437913e+19,140.31498219515916,6.800614100305127e+19,140.4236303132602,3.322759915354417e+20,128.97501407012496
-0.003999999999999934,-0.04799999999999997,6.717103059083613e+18,147.14053480489966,7.0598119006288e+19,146.4208050265511,3.3529519105084516e+20,134.7602829514576
6.938893903907228e-17,-0.04799999999999997,4.718486814511766e+16,104.58822979198644,7.212185141455765e+19,148.03806676481057,3.358518212128575e+20,136.79863654787695
0.004000000000000073,-0.04799999999999997,5.709837645480194e+18,-37.220493675084995,7.078331803252277e+19,146.55972694516103,3.355699281669725e+20,134.76069098879037
0.008000000000000076,-0.04799999999999997,1.0764174151785447e+19,-41.431650262958904,6.885644053385125e+19,140.4279790093427,3.3187833802137456e+20,128.9002728814683
0.01200000000000008,-0.04799999999999997,1.6604097310360015e+19,-50.38673834004729,6.459899214891819e+19,130.16557530138408,3.2801651520869165e+20,119.1997029924579
0.016000000000000084,-0.04799999999999997,2.038477482449495e+19,-66.06227996698055,6.085810738203781e+19,116.63764040931174,3.2047639183436127e+20,106.04389876823969
0.020000000000000087,-0.04799999999999997,2.3208755555890446e+19,-79.26153831175483,5.629083629879414e+19,100.96688339211336,3.1366974424938014e+20,89.28280432593347
0.02400000000000009,-0.04799999999999997,2.675734323057681e+19,-99.0659118181946,5.15554853092903e+19,79.88494092017939,3.0462404369286726e+20,69.75470559369901
0.028000000000000094,-0.04799999999999997,2.7606107368515555e+19,-122.85425692130026,4.711522817730658e+19,55.75538026353873,2.953052444044622e+20,46.90302851846991
0.0320000000000001,-0.04799999999999997,2.742643147401161e+19,-149.80684491324237,4.146805692309053e+19,31.13072513876732,2.862398071816977e+20,21.95936486172136
0.0360000000000001,-0.04799999999999997,2.841462527415304e+19,-175.7937927273511,3.782792690248569e+19,3.9276615151121437,2.753275789602861e+20,-5.654496924443945
0.040000000000000105,-0.04799999999999997,2.69399412393049e+19,153.91364211063205,3.288066285695083e+19,-26.58050832830208,2.6590686917964107e+20,-35.24229185343926
0.04400000000000011,-0.04799999999999997,2.684987166497813e+19,120.021586087302,2.9486191943860404e+19,-57.127726392563545,2.564138313440271e+20,-66.72669165067533
0.04800000000000011,-0.04799999999999997,2.712630814952205e+19,89.71490943994864,2.619160520579384e+19,-89.69983274583949,2.4616392604687008e+20,-99.44612120429228
0.052000000000000116,-0.04799999999999997,2.4232757120195277e+19,53.455272081818265,2.3174033554671194e+19,-125.54055650809342,2.3674193878004652e+20,-133.9650823730931
0.05600000000000012,-0.04799999999999997,2.3247795299341783e+19,18.45853028646811,2.0128624574532194e+19,-162.47774866654194,2.2754060252891513e+20,-169.5679266887879
0.06000000000000012,-0.04799999999999997,2.174985206136469e+19,-20.00057537964795,1.8680500726643454e+19,160.01113170684056,2.1898121330739203e+20,153.59555787182637
0.06400000000000013,-0.04799999999999997,2.185112549783841e+19,-59.32632860449073,1.6374454581523956e+19,119.66398353189798,2.106205450935538e+20,115.898238238603
0.06800000000000013,-0.04799999999999997,2.0383582137487716e+19,-95.3272139113822,1.3910392645923801e+19,83.35631363908388,2.0247032584138542e+20,77.2226935737774
0.07200000000000013,-0.04799999999999997,1.910098771537398e+19,-135.5364023324058,1.2109209682635547e+19,40.1318172801839,1.9525146222810386e+20,37.71835070728005
0.07600000000000014,-0.04799999999999997,1.6868972975243287e+19,-176.0424926857117,1.0713356002606746e+19,5.312725302475457,1.893148663860512e+20,-2.2372967414174956
-0.08,-0.04399999999999997,1.75232563173101e+19,-13.960851850936312,9.799557217686624e+18,-15.330297017211157,1.8619764141976456e+20,-19.211957800224504
-0.076,-0.04399999999999997,1.900658946962399e+19,29.199392657073417,1.124655769986155e+19,34.71360224254052,1.9251516988800218e+20,22.671933441223885
-0.072,-0.04399999999999997,2.016270867189968e+19,71.03323677105763,1.268661358106786e+19,71.39734930012168,2.0025200073416442e+20,63.39334082828631
-0.06799999999999999,-0.04399999999999997,2.1743536190790074e+19,109.18670180143836,1.3831152674117048e+19,109.82493762735511,2.0899919729819042e+20,104.02594541485237
-0.06399999999999999,-0.04399999999999997,2.3005635078997627e+19,152.81578490070618,1.6127523070583448e+19,149.7636423039187,2.1646217284601148e+20,143.5902837765574
-0.059999999999999984,-0.04399999999999997,2.4904270415191208e+19,-170.61279037435088,1.7303597356312123e+19,-171.1218258715406,2.260350613124802e+20,-177.36626488910622
-0.05599999999999998,-0.04399999999999997,2.700308485517733e+19,-132.34387084605942,1.9873241321993564e+19,-131.50528777368297,2.3518268360732246e+20,-139.28356628177534
-0.05199999999999998,-0.04399999999999997,2.786835867697147e+19,-93.43332965382704,2.3758139663753703e+19,-95.55524120955684,2.454794811465213e+20,-102.30615905472868
-0.04799999999999997,-0.04399999999999997,2.9786292526822986e+19,-58.67668650826985,2.6153939668495815e+19,-57.06498121096947,2.5546566149136633e+20,-66.45704350097273
-0.04399999999999997,-0.04399999999999997,3.1033874242889425e+19,-22.2272274503181,3.065945202578153e+19,-24.238858071611357,2.6757800724875415e+20,-32.16129558706416
-0.039999999999999966,-0.04399999999999997,3.2406622714703413e+19,9.184999690280346,3.4890143116247884e+19,9.810455203585146,2.7845246435072062e+20,0.7157467666257245
-0.03599999999999996,-0.04399999999999997,3.1565266997586555e+19,41.776189539034526,4.009556867342099e+19,43.17633067601396,2.8913555291374915e+20,31.720060701179182
-0.03199999999999996,-0.04399999999999997,3.328768602966801e+19,72.20056160308005,4.518364326727144e+19,71.58208715688903,3.0134235973423405e+20,60.92300802802426
-0.027999999999999955,-0.04399999999999997,3.2830431639246356e+19,98.58907260598944,5.198631967361675e+19,98.55909363284442,3.136151700695442e+20,87.61861955335108
-0.023999999999999952,-0.04399999999999997,3.1652133555744223e+19,124.23630034570974,5.763444958469383e+19,123.35351788051209,3.2391727672449545e+20,111.60476200370606
-0.01999999999999995,-0.04399999999999997,2.901456605525506e+19,144.93144399141684,6.434763001362715e+19,143.85565007919232,3.3395038094244997e+20,132.7331731866237
-0.015999999999999945,-0.04399999999999997,2.5704552116803596e+19,161.84294172817187,7.006111196367139e+19,163.2793089104014,3.4384641852210125e+20,150.65840833429291
-0.011999999999999941,-0.04399999999999997,2.1695188480940675e+19,174.89621682048812,7.498416498979244e+19,177.37056174747266,3.5233399944736696e+20,165.15865721392015
-0.007999999999999938,-0.04399999999999997,1.4144728821227536e+19,-172.03227541119634,8.034429505672005e+19,-172.0794447178788,3.572001552494269e+20,175.4025195817505
-0.003999999999999934,-0.04399999999999997,7.654902708300314e+18,-171.1001582851969,8.296515494746705e+19,-165.58572023324507,3.611182108814637e+20,-178.2217051971682
6.938893903907228e-17,-0.04399999999999997,2.0757596676609437e+17,26.515104446860008,8.413095045519432e+19,-163.46039999601916,3.614872763788486e+20,-175.9959210961176
0.004000000000000073,-0.04399999999999997,7.931781280236537e+18,20.458797791657577,8.377793042289911e+19,-165.702502558628,3.6099112172376175e+20,-178.1412218608105
0.008000000000000076,-0.04399999999999997,1.4887140658604792e+19,8.356304078604301,8.078119586307647e+19,-171.60542258798085,3.569209726583825e+20,175.56892744080236
0.01200000000000008,-0.04399999999999997,2.0941184678751724e+19,-1.380582186558771,7.640709599442552e+19,177.52698316192115,3.5141485690287705e+20,165.0427735427092
0.016000000000000084,-0.04399999999999997,2.698683931550056e+19,-16.471128997285202,7.034551183080354e+19,162.78757372139205,3.437529862998897e+20,150.8355692945076
0.020000000000000087,-0.04399999999999997,2.926125974970563e+19,-37.584256177638586,6.410848199782021e+19,144.10101495862793,3.34288096227939e+20,132.85939393661286
0.02400000000000009,-0.04399999999999997,3.081926272782562e+19,-58.13440461074151,5.801372706088056e+19,122.53323624980986,3.240066679577279e+20,111.79541005215253
0.028000000000000094,-0.04399999999999997,3.2631084245091537e+19,-81.09385883364328,5.0983303659128316e+19,99.13341248400332,3.127044875603265e+20,87.53576002147156
0.0320000000000001,-0.04399999999999997,3.3243571266483237e+19,-108.28901454859306,4.581305414238227e+19,70.60098767850391,3.0129738657719825e+20,60.884657899655956
0.0360000000000001,-0.04399999999999997,3.2118113518957625e+19,-139.4899107108554,3.982716483948232e+19,41.63910313879469,2.8963713621871454e+20,31.806456305487806
0.040000000000000105,-0.04399999999999997,3.2247858466636403e+19,-170.999193936426,3.4809064058840515e+19,10.256156942179814,2.7809468246176537e+20,0.7353655389940881
0.04400000000000011,-0.04399999999999997,3.128375243508079e+19,156.85083725816543,3.019153643357358e+19,-21.592405970746608,2.6693038424045588e+20,-32.0968303774437
0.04800000000000011,-0.04399999999999997,2.9612992902044144e+19,122.19672768171982,2.6284887943664472e+19,-56.592831512656765,2.5567120008850027e+20,-66.56224452189151
0.052000000000000116,-0.04399999999999997,2.698819429570269e+19,86.79873722805891,2.3816722496532926e+19,-96.61519550952526,2.4617605978586104e+20,-102.39671856462704
0.05600000000000012,-0.04399999999999997,2.7567377799996256e+19,47.73881835763661,2.020749866580931e+19,-131.94647499011913,2.351110544240643e+20,-139.23955218903876
0.06000000000000012,-0.04399999999999997,2.4614921794396815e+19,10.762441601146735,1.918443337535712e+19,-171.46925729440642,2.2567484184451813e+20,-177.30707524307047
0.06400000000000013,-0.04399999999999997,2.198870618556675e+19,-30.79281688938097,1.4976904093434507e+19,151.07725943818048,2.1717734523270637e+20,143.51048282328668
0.06800000000000013,-0.04399999999999997,2.1516350716827595e+19,-69.63257445722451,1.3718496560285653e+19,112.29696470311798,2.0855074921419293e+20,103.86540143512737
0.07200000000000013,-0.04399999999999997,2.0442705724232745e+19,-109.24618307691642,1.2550462412964018e+19,69.58827465738388,2.000423330671678e+20,63.31353261630274
0.07600000000000014,-0.04399999999999997,1.9707439487736795e+19,-152.90591837963743,1.0286094269344326e+19,27.180198142921927,1.9315264066764846e+20,22.333050130674913
-0.08,-0.039999999999999966,1.977476230303196e+19,8.390112061080501,9.573120726331419e+18,9.83353446686529,1.893496410498051e+20,2.7574092731962367
-0.076,-0.039999999999999966,1.968722605730674e+19,52.501667199157,1.091438564937539e+19,54.50538739360205,1.9734145709483852e+20,45.77923750662196
-0.072,-0.039999999999999966,2.131042105359865e+19,93.34445976072149,1.2722129823635827e+19,93.31356802693074,2.049478859687118e+20,87.57249964780517
-0.06799999999999999,-0.039999999999999966,2.373486026176492e+19,136.3978361284459,1.3189711785097701e+19,136.78116230627558,2.1440423798547785e+20,128.94714558456752
-0.06399999999999999,-0.039999999999999966,2.554729031277091e+19,179.3842304018452,1.5285114125875925e+19,177.8943958930288,2.227417767871589e+20,169.8885134839827
-0.059999999999999984,-0.039999999999999966,2.681615375108137e+19,-142.64634169742573,1.747194284644282e+19,-143.43958446933993,2.332206873140279e+20,-149.8644452280229
-0.05599999999999998,-0.039999999999999966,2.8763398741626397e+19,-102.32180969700055,2.091524067338978e+19,-102.76780300482484,2.4319468132723907e+20,-110.72052871773708
-0.05199999999999998,-0.039999999999999966,3.0651953875220304e+19,-63.52834674658106,2.397786650144812e+19,-63.17176888278739,2.5322668185699693e+20,-72.36192728816049
-0.04799999999999997,-0.039999999999999966,3.311117233228048e+19,-24.971258912119364,2.8187392736633987e+19,-25.471814868558532,2.662746032705924e+20,-35.330434862312536
-0.04399999999999997,-0.039999999999999966,3.5400629392116527e+19,9.541319216777017,3.1804788388780913e+19,11.728880295082828,2.7817084379363898e+20,0.6100300589064828
-0.039999999999999966,-0.039999999999999966,3.642274442128538e+19,45.562482497218035,3.6673128609630384e+19,44.69398335519435,2.9074154016013032e+20,34.97039069718265
-0.03599999999999996,-0.039999999999999966,3.8616301176372126e+19,77.54896565898578,4.16267685720833e+19,79.29782301338781,3.047212074913739e+20,67.68981553358435
-0.03199999999999996,-0.039999999999999966,3.867700360086865e+19,109.33819293727211,4.841311187439007e+19,109.71673076497376,3.1833430381708594e+20,98.512710425531
-0.027999999999999955,-0.039999999999999966,4.0510611499840815e+19,138.83320072771133,5.714446022907971e+19,138.8938245978268,3.313969888047448e+20,127.0241778444542
-0.023999999999999952,-0.039999999999999966,3.9669856248388395e+19,163.3112347748838,6.441701298629837e+19,164.9639207474946,3.45425934142293e+20,152.87032986057667
-0.01999999999999995,-0.039999999999999966,3.610924119032287e+19,-172.3110459718089,7.2728641300171964e+19,-171.90115908765125,3.5745182463115697e+20,175.44699189959442
-0.015999999999999945,-0.039999999999999966,3.263052438304071e+19,-150.30994864110107,8.091248850892248e+19,-152.32948884742487,3.689029660843927e+20,-165.1138639514098
-0.011999999999999941,-0.039999999999999966,2.711701435699937e+19,-134.5264580308688,8.904481712267652e+19,-136.32391340829324,3.784186568041975e+20,-149.51849628367944
-0.007999999999999938,-0.039999999999999966,1.894621397731386e+19,-123.16788103296904,9.551259046702716e+19,-124.54176808110815,3.853900701019367e+20,-138.1751107426591
-0.003999999999999934,-0.039999999999999966,9.131885350937289e+18,-115.78080756970705,9.88562216047794e+19,-117.27838399870788,3.907259805946989e+20,-131.34748065699605
6.938893903907228e-17,-0.039999999999999966,1.4029359229860773e+17,36.374189352432865,1.0016310202151277e+20,-114.88729904387935,3.919100490736565e+20,-128.80142592734572
0.004000000000000073,-0.039999999999999966,9.282422838404581e+18,59.199894003080196,9.963196511751512e+19,-117.41485637056812,3.9088366580017575e+20,-131.17900592415987
0.008000000000000076,-0.039999999999999966,1.9230404207436653e+19,55.40053509121967,9.456946160102683e+19,-125.23895431245121,3.855975401313704e+20,-138.09097700885002
0.01200000000000008,-0.039999999999999966,2.689853612946397e+19,42.6292043542468,8.866526561003695e+19,-135.6976272956336,3.793815302439677e+20,-149.57214752298088
0.016000000000000084,-0.039999999999999966,3.2557737961459528e+19,27.79631935975444,8.131215205497899e+19,-152.66400603769586,3.696263834424288e+20,-165.23869373391614
0.020000000000000087,-0.039999999999999966,3.770783129072579e+19,7.782570670587371,7.345468671008624e+19,-172.41683089739877,3.5865941390384117e+20,175.41573314719105
0.02400000000000009,-0.039999999999999966,3.908506626720215e+19,-15.535070783866095,6.4300359869933855e+19,164.20694210520628,3.4532744706426595e+20,152.69643410383324
0.028000000000000094,-0.039999999999999966,3.931431033804495e+19,-42.004679478052964,5.717923483518008e+19,139.00010153199,3.310448867039276e+20,126.99276215664406
0.0320000000000001,-0.039999999999999966,3.964600107255061e+19,-70.813595142338,4.9112669705434866e+19,108.90796267116734,3.180569058200078e+20,98.50888887298031
0.0360000000000001,-0.039999999999999966,3.836066534037402e+19,-101.60944107734959,4.2577206123320254e+19,78.23629154378749,3.0479108682117205e+20,67.84376883871505
0.040000000000000105,-0.039999999999999966,3.666252095808368e+19,-135.13103032400164,3.708228173531728e+19,45.0348250763166,2.9088301856210056e+20,35.09988449304487
0.04400000000000011,-0.039999999999999966,3.581003814582039e+19,-170.60788822041707,3.2042781637955777e+19,10.202439394668698,2.7850268476542458e+20,0.8203220146073446
0.04800000000000011,-0.039999999999999966,3.272840609195237e+19,152.5854625749803,2.7318519244475056e+19,-25.866368573137695,2.657999034492032e+20,-35.24186760525155
0.052000000000000116,-0.039999999999999966,3.0712261023093756e+19,115.977194885201,2.4839410592714367e+19,-64.30922731125162,2.5404677663018146e+20,-72.34159941607388
0.05600000000000012,-0.039999999999999966,2.9032468111247434e+19,76.12043370546493,2.0809701979543167e+19,-100.1177315281499,2.4213387882624087e+20,-110.70873518868403
0.06000000000000012,-0.039999999999999966,2.8054083399509987e+19,38.533258719381074,1.8103289541040206e+19,-142.50605152865535,2.326928140240478e+20,-150.30958029651725
0.06400000000000013,-0.039999999999999966,2.5783878734151717e+19,-2.866308859083894,1.5835717201318406e+19,-179.94311453012557,2.225771779992715e+20,169.9009722900314
0.06800000000000013,-0.039999999999999966,2.2890975365606425e+19,-44.68281185250922,1.339147099660294e+19,134.6261713201906,2.1398604560186176e+20,129.14858230645973
0.07200000000000013,-0.039999999999999966,2.2500909561597895e+19,-85.02704830666072,1.1757215073722055e+19,96.7320154063739,2.054909283768722e+20,87.71361249624364
0.07600000000000014,-0.039999999999999966,2.033485708315936e+19,-127.35599972381547,1.0978815222803984e+19,49.40275549368686,1.967012777130809e+20,45.540598225522174
-0.08,-0.03599999999999996,1.992933820964765e+19,30.33457160352083,9.045911706448589e+18,30.656432761479703,1.9359372477229557e+20,23.620897064392523
-0.076,-0.03599999999999996,2.188711996890216e+19,70.84132131178379,1.0283847958679642e+19,73.68755615232881,2.0056430184024343e+20,66.95477889293839
-0.072,-0.03599999999999996,2.3576473704128164e+19,117.14149867694728,1.1655717953702881e+19,119.23680485895574,2.091631098950868e+20,110.07418448539823
-0.06799999999999999,-0.03599999999999996,2.5513384766215053e+19,158.03681509697608,1.322129064040447e+19,156.31152372014319,2.193126095720146e+20,152.25139479680752
-0.06399999999999999,-0.03599999999999996,2.778879904708058e+19,-156.98327348787785,1.5238405383938144e+19,-161.52299588973403,2.281578507904876e+20,-165.92624253037604
-0.059999999999999984,-0.03599999999999996,3.0761432067652424e+19,-117.05894066132596,1.723053865879521e+19,-119.3220982254799,2.3922866289998168e+20,-124.5433720159605
-0.05599999999999998,-0.03599999999999996,3.2569900052330115e+19,-75.6743713649458,2.026940596335398e+19,-76.42287058802339,2.505548838340554e+20,-83.91463111254792
-0.05199999999999998,-0.03599999999999996,3.4698091340193e+19,-36.189103530644054,2.5383310066420335e+19,-36.34794334250246,2.6159346503172892e+20,-44.10588858715536
-0.04799999999999997,-0.03599999999999996,3.6780314169398264e+19,3.8258394249762393,2.764735958543256e+19,4.221324827661954,2.762684566830252e+20,-5.645987712355701
-0.04399999999999997,-0.03599999999999996,3.987202962210293e+19,42.15009466891493,3.2969797768906187e+19,41.00216312231892,2.8930365250543957e+20,31.918380654951417
-0.039999999999999966,-0.03599999999999996,4.302754056828368e+19,77.80918778721926,3.857283411831974e+19,77.3350534680303,3.048781081915427e+20,67.90053214303673
-0.03599999999999996,-0.03599999999999996,4.47869933747093e+19,113.25281225252593,4.48145624665363e+19,113.97489352165765,3.198156786903013e+20,102.29297108633654
-0.03199999999999996,-0.03599999999999996,4.681733734899213e+19,145.74347659922623,5.3256441392535585e+19,145.75471908289504,3.3536651593634093e+20,134.63918664884935
-0.027999999999999955,-0.03599999999999996,4.932972653848106e+19,177.17827769831393,6.233389884414068e+19,177.89709728161182,3.517903996916016e+20,165.05396489947614
-0.023999999999999952,-0.03599999999999996,4.836019392730277e+19,-154.8313540541416,7.314284019603273e+19,-154.98088197745014,3.6718306510037497e+20,-167.31506008524224
-0.01999999999999995,-0.03599999999999996,4.681999205912625e+19,-129.1124337775862,8.395981630265467e+19,-128.8470109432579,3.8292961740728474e+20,-142.71790287128334
-0.015999999999999945,-0.03599999999999996,4.264306242724863e+19,-107.76371231790579,9.465967429472738e+19,-107.48656410596381,3.9654059731716296e+20,-121.8105719913711
-0.011999999999999941,-0.03599999999999996,3.4936656063230104e+19,-90.05286268344105,1.057279065320353e+20,-90.14472418072472,4.0922185469410155e+20,-104.81992508561035
-0.007999999999999938,-0.03599999999999996,2.5244835172466414e+19,-76.6564339763148,1.1433166458717659e+20,-77.16337770878422,4.1824336363861397e+20,-92.3285774596536
-0.003999999999999934,-0.03599999999999996,1.328729850366361e+19,-66.17085859622408,1.209562321110301e+20,-69.45131627463294,4.238257427621156e+20,-84.70266003408817
6.938893903907228e-17,-0.03599999999999996,5.904922395365761e+17,41.16150897204856,1.2358691997499163e+20,-66.35831952161837,4.259544863479221e+20,-82.11818034692114
0.004000000000000073,-0.03599999999999996,1.3094307452685984e+19,111.3806689796879,1.1984762979889781e+20,-69.0914640190394,4.24732306637274e+20,-84.71468049169529
0.008000000000000076,-0.03599999999999996,2.5508920023560454e+19,104.24025723933372,1.1428643101562277e+20,-76.86818747122622,4.181850741252141e+20,-92.3013513705978
0.01200000000000008,-0.03599999999999996,3.482745743588487e+19,89.18626530500467,1.056628003957487e+20,-89.33765572552755,4.0878133327807244e+20,-104.85741387599035
0.016000000000000084,-0.03599999999999996,4.184406008891083e+19,73.4393640138237,9.431442883107194e+19,-107.04799359929626,3.972252155877026e+20,-121.81500501688926
0.020000000000000087,-0.03599999999999996,4.639653620079243e+19,50.49620858717194,8.353268029485187e+19,-129.18529943544004,3.829290198919107e+20,-142.79222507974427
0.02400000000000009,-0.03599999999999996,4.8263414067174605e+19,24.862729030835776,7.180093380363246e+19,-154.5105425686563,3.6735645598585304e+20,-167.38528936502706
0.028000000000000094,-0.03599999999999996,4.78084330481648e+19,-3.1497913101858575,6.17724889645321e+19,177.08536851863553,3.51980805796883e+20,165.16289033368923
0.0320000000000001,-0.03599999999999996,4.718040887200318e+19,-33.74060737503128,5.30303222889309e+19,146.89935710568005,3.352028136735113e+20,134.74384329676838
0.0360000000000001,-0.03599999999999996,4.578079315290916e+19,-66.44669535706893,4.520444151048657e+19,113.02223354849848,3.197665344433005e+20,102.4377153803538
0.040000000000000105,-0.03599999999999996,4.370116563109924e+19,-101.99059129291746,3.819934357546656e+19,78.4238450376218,3.03942847165684e+20,67.81819399471802
0.04400000000000011,-0.03599999999999996,4.0559634201796624e+19,-138.40969627841324,3.3034380340167873e+19,41.097746675370104,2.8946822307073484e+20,31.913349913848
0.04800000000000011,-0.03599999999999996,3.75763162047744e+19,-175.50384169601548,2.7718412361662657e+19,4.330835835786115,2.759516055182376e+20,-5.6122393355876605
0.052000000000000116,-0.03599999999999996,3.3662968182482326e+19,144.41321496145025,2.356567221061581e+19,-36.211090340170735,2.6262866873692956e+20,-44.15350632108579
0.05600000000000012,-0.03599999999999996,3.163779534194296e+19,104.13384149754555,2.124380600340077e+19,-75.48979992363583,2.5100412992992834e+20,-84.02347844514848
0.06000000000000012,-0.03599999999999996,2.9483698520775123e+19,63.68567567346427,1.7793859953024354e+19,-116.88981409874111,2.3911870116256956e+20,-124.36226182254336
0.06400000000000013,-0.03599999999999996,2.7264236968687604e+19,22.32764896789263,1.5874118490539858e+19,-159.42776273491572,2.2833322934930437e+20,-165.6232443047954
0.06800000000000013,-0.03599999999999996,2.5475454620682686e+19,-20.01621553985557,1.3358834869592056e+19,156.7943781205144,2.1839518589686917e+20,152.4387405563628
0.07200000000000013,-0.03599999999999996,2.406211233541926e+19,-63.176481910783984,1.14969207121472e+19,116.39573345361629,2.0934289973010265e+20,109.72911853803971
0.07600000000000014,-0.03599999999999996,2.2252826669775e+19,-109.27689148668185,1.043117407827151e+19,69.48568435642828,2.0146238643771015e+20,67.09101879002243
-0.08,-0.03199999999999996,2.0839964423184564e+19,51.91867352058986,8.100142397030372e+18,49.04549340539162,1.9666295320975625e+20,42.206168531160344
-0.076,-0.03199999999999996,2.320825352945903e+19,93.3301139441575,9.86490720723602e+18,90.35735425285502,2.047834986293504e+20,86.27238198827082
-0.072,-0.03199999999999996,2.4926856632296382e+19,136.95099366769483,1.107058454483341e+19,134.85125619657833,2.14789127551307e+20,130.23347777842383
-0.06799999999999999,-0.03199999999999996,2.6591684331605823e+19,-177.75210111365712,1.2431057404874646e+19,-178.02602265041088,2.243238756853613e+20,173.7227901812066
-0.06399999999999999,-0.03199999999999996,2.922428955448694e+19,-135.57227023326217,1.4765295145660213e+19,-135.08125846086295,2.342775968838482e+20,-143.41654862498683
-0.059999999999999984,-0.03199999999999996,3.2503846235475677e+19,-93.24952728707264,1.7131912317290875e+19,-93.41006862080295,2.456946614932179e+20,-100.90543321716791
-0.05599999999999998,-0.03199999999999996,3.4691381549553488e+19,-50.55817686684565,2.0613785795035054e+19,-49.87240363658636,2.5841650775917635e+20,-59.154522616519266
-0.05199999999999998,-0.03199999999999996,3.88097855705778e+19,-10.037102938302201,2.3888491394342777e+19,-8.905933512654114,2.7053471885195487e+20,-18.050906264991394
-0.04799999999999997,-0.03199999999999996,4.1645158321043186e+19,30.883759224570184,2.8255142682910867e+19,32.49350831720697,2.8559474766536593e+20,21.766651202448923
-0.04399999999999997,-0.03199999999999996,4.468772860432457e+19,70.9356835361152,3.2236179338019705e+19,70.3865674598596,3.0196117953063846e+20,60.782493511362844
-0.039999999999999966,-0.03199999999999996,4.9599771923471835e+19,108.95937116016582,3.988583637183053e+19,108.25500872234385,3.182683375992119e+20,98.59839384968994
-0.03599999999999996,-0.03199999999999996,5.215833800422041e+19,145.9643163867459,4.696092270611508e+19,145.67746607072905,3.35832883395163e+20,134.87975931593417
-0.03199999999999996,-0.03199999999999996,5.669502404467535e+19,-177.8153485915135,5.5914373791809634e+19,-177.8914568873327,3.5349561949747295e+20,169.2080703938023
-0.027999999999999955,-0.03199999999999996,5.890278526808963e+19,-144.62378204760049,6.815588839902646e+19,-144.823992187291,3.730464880717839e+20,-158.48018493962894
-0.023999999999999952,-0.03199999999999996,6.087144902161084e+19,-115.53300054389935,8.043041273510417e+19,-114.97973498841117,3.9211895757781546e+20,-128.99730337886737
-0.01999999999999995,-0.03199999999999996,5.9773336342923354e+19,-87.77202714607469,9.472485512649828e+19,-86.98982106827651,4.1117020521681243e+20,-102.34204452190042
-0.015999999999999945,-0.03199999999999996,5.466171592080324e+19,-63.217217196780446,1.119104981731993e+20,-63.50317902694465,4.283267571530585e+20,-79.48404490300044
-0.011999999999999941,-0.03199999999999996,4.740713060636627e+19,-44.53398334092809,1.258275115084977e+20,-44.55844670406981,4.42781472532316e+20,-60.833994200468844
-0.007999999999999938,-0.03199999999999996,3.495714760402254e+19,-29.05407353140483,1.3898844928874799e+20,-29.538389640593397,4.561154886515484e+20,-47.004600329096505
-0.003999999999999934,-0.03199999999999996,1.8039698410382934e+19,-23.107441543104137,1.4835856454160237e+20,-20.569896465046025,4.624622373664188e+20,-38.52914397543416
6.938893903907228e-17,-0.03199999999999996,1.0305582703080041e+18,140.36441175045655,1.5215883677006427e+20,-17.804168305453846,4.6455808569409497e+20,-35.60129814497287
0.004000000000000073,-0.03199999999999996,1.8259833592848425e+19,156.5574795834444,1.4786302395479297e+20,-20.728339310267476,4.631023275696793e+20,-38.60552437545534
0.008000000000000076,-0.03199999999999996,3.4874110604783116e+19,149.55055294591634,1.3879109825852847e+20,-29.646060147788788,4.555731673338106e+20,-47.180328808584804
0.01200000000000008,-0.03199999999999996,4.7135711987683795e+19,135.33570562645926,1.2523157203214223e+20,-44.458296465782865,4.4265272795826546e+20,-60.77146962582083
0.016000000000000084,-0.03199999999999996,5.553185440367366e+19,115.65582997286465,1.1122442971444054e+20,-63.96520357009685,4.2841922830187817e+20,-79.48748828445869
0.020000000000000087,-0.03199999999999996,5.915010843630695e+19,93.01699006566251,9.375912527282785e+19,-87.51629226937301,4.1139176071040415e+20,-102.31540901253801
0.02400000000000009,-0.03199999999999996,6.115411645760492e+19,65.53349268697416,8.020401074246156e+19,-114.67369220853844,3.918221113707631e+20,-128.97085919647563
0.028000000000000094,-0.03199999999999996,5.800244206446476e+19,34.38561613307828,6.670047166335003e+19,-145.3500284719754,3.7299775947798335e+20,-158.52014943620628
0.0320000000000001,-0.03199999999999996,5.700475597992058e+19,1.9124766213978384,5.553759264903604e+19,-178.56923154308666,3.536910549090279e+20,169.18252206972787
0.0360000000000001,-0.03199999999999996,5.411934452670046e+19,-33.965551947915536,4.771291529694672e+19,146.20231008969714,3.35901636429586e+20,135.00336757762642
0.040000000000000105,-0.03199999999999996,4.931081539423871e+19,-71.1813569788402,4.012905024970572e+19,110.36749286285831,3.1773768956962085e+20,98.72723901169262
0.04400000000000011,-0.03199999999999996,4.540584048622042e+19,-108.51105990289949,3.317950242407357e+19,71.54683565585955,3.012109016171033e+20,60.86801344855456
0.04800000000000011,-0.03199999999999996,4.237300141039173e+19,-148.50154312486222,2.856364607159504e+19,31.759498816480182,2.8602132345172643e+20,21.88771289683582
0.052000000000000116,-0.03199999999999996,3.780866263248716e+19,170.74167453565255,2.3493977681097343e+19,-11.558402356233637,2.717348370007264e+20,-18.183205345952487
0.05600000000000012,-0.03199999999999996,3.5205953245682115e+19,129.9422385605,2.0193154668116836e+19,-51.71252433306589,2.578966982240562e+20,-59.187081504809925
0.06000000000000012,-0.03199999999999996,3.162255442643086e+19,87.70780787413891,1.7029825082660145e+19,-95.68083677398498,2.4559655800804396e+20,-100.89317471783187
0.06400000000000013,-0.03199999999999996,2.9856897519674364e+19,44.06702079495982,1.4608523319414362e+19,-136.94714165972837,2.3418651736740715e+20,-143.3206986616013
0.06800000000000013,-0.03199999999999996,2.7226072701290615e+19,0.7877542328230999,1.2928583721755283e+19,-179.81657683724586,2.2361628041440218e+20,173.98897862420228
0.07200000000000013,-0.03199999999999996,2.5329748871805936e+19,-42.36215341591825,1.1152974850187375e+19,137.6261015054012,2.145638308465434e+20,130.29215728573666
0.07600000000000014,-0.03199999999999996,2.255305403794702e+19,-88.7094810963488,9.947101783214346e+18,93.7456490043815,2.043981319565909e+20,86.44624898761667
-0.08,-0.027999999999999955,2.1700997591626576e+19,64.80629848383849,8.793681363295635e+18,62.53082423523781,1.9877707494351153e+20,59.08121734036485
-0.076,-0.027999999999999955,2.5313896684547076e+19,110.99144840382006,8.988670484772627e+18,112.6682289871514,2.0825441299533414e+20,103.95950837832747
-0.072,-0.027999999999999955,2.705070756487656e+19,153.51252091641217,1.0338708347168199e+19,155.282472203748,2.1757041190949775e+20,148.47745601884054
-0.06799999999999999,-0.027999999999999955,2.7737563249494966e+19,-160.26315309650815,1.1292121762012453e+19,-159.94439557172802,2.2838734738074554e+20,-166.86877831392167
-0.06399999999999999,-0.027999999999999955,3.045902147281954e+19,-115.27141737172872,1.4127693928254534e+19,-115.17683643298273,2.4004248788138433e+20,-122.98580066907763
-0.059999999999999984,-0.027999999999999955,3.473642924341755e+19,-70.5968257030629,1.5107105084478435e+19,-74.78972960032115,2.5198121742410298e+20,-79.92400111347753
-0.05599999999999998,-0.027999999999999955,3.834636854890992e+19,-28.558493931035652,1.961837225270381e+19,-26.161148892837115,2.6628702560733646e+20,-36.580328524323896
-0.05199999999999998,-0.027999999999999955,4.157828149326581e+19,15.362221203312005,2.3461911693119947e+19,15.080549449742621,2.8002883095653053e+20,5.550061240526528
-0.04799999999999997,-0.027999999999999955,4.6155559350482215e+19,56.988714783867,2.69699296100098e+19,58.3061080946985,2.9520670558687435e+20,47.131113497411576
-0.04399999999999997,-0.027999999999999955,5.074752592396485e+19,97.94142828984289,3.3248994500371436e+19,97.77730309570474,3.1284447470959487e+20,87.65031248539579
-0.039999999999999966,-0.027999999999999955,5.6797051929235235e+19,138.41516956888694,4.012586112684974e+19,140.27477793728923,3.319576034566065e+20,126.94959767585311
-0.03599999999999996,-0.027999999999999955,6.255619834205885e+19,177.8401910393772,4.879922955317871e+19,177.6032743610819,3.512955864606274e+20,165.08266026945827
-0.03199999999999996,-0.027999999999999955,6.848952144785849e+19,-145.63311089857112,5.928760030555089e+19,-145.9455916466615,3.7325948022020886e+20,-158.55614310724786
-0.027999999999999955,-0.027999999999999955,7.362332065844131e+19,-110.2512990426779,7.191510485402992e+19,-110.01793026075875,3.9480027123868434e+20,-124.24264080848205
-0.023999999999999952,-0.027999999999999955,7.677486055947828e+19,-76.94625382487467,8.915681044012861e+19,-77.10866514468259,4.1884054124564716e+20,-92.37708286995428
-0.01999999999999995,-0.027999999999999955,7.739089640197e+19,-46.97959217600289,1.0792700820166997e+20,-47.545750154429854,4.4016131426110394e+20,-63.518287187823866
-0.015999999999999945,-0.027999999999999955,7.419140480576535e+19,-21.560883504197008,1.2909578494594959e+20,-20.8665212247834,4.628552254144587e+20,-38.518557440186406
-0.011999999999999941,-0.027999999999999955,6.498237834390747e+19,1.6483059133497922,1.523632149926761e+20,0.7451496473209764,4.8180694988327164e+20,-18.081680900889307
-0.007999999999999938,-0.027999999999999955,4.905498957102258e+19,16.646808370202304,1.7192900149254013e+20,17.144812539269026,4.968692954079718e+20,-2.6086373926230495
-0.003999999999999934,-0.027999999999999955,2.585345609738863e+19,27.00781646323295,1.8713867565997218e+20,27.389036239680475,5.0562024508329296e+20,6.950976284507153
6.938893903907228e-17,-0.027999999999999955,2.030122870078762e+17,-55.98611848465525,1.9229521305519853e+20,30.743153472244295,5.0906012245315695e+20,10.180800306026693
0.004000000000000073,-0.027999999999999955,2.610469018380985e+19,-152.23586933602843,1.858380401043122e+20,27.07459894313397,5.056554019544746e+20,6.928574666268351
0.008000000000000076,-0.027999999999999955,4.915548522444744e+19,-162.58864669049527,1.723404911772927e+20,17.24521535402825,4.9637142596700026e+20,-2.67706982380054
0.01200000000000008,-0.027999999999999955,6.4408626266303635e+19,-179.10909480618443,1.522025892809331e+20,0.6086406374513382,4.8185707293786184e+20,-17.982360753812774
0.016000000000000084,-0.027999999999999955,7.388105414319589e+19,159.36383292659363,1.2939822758835053e+20,-21.00988014830903,4.6244392061821544e+20,-38.56872818314138
0.020000000000000087,-0.027999999999999955,7.688930820261762e+19,133.94907247346447,1.0823673863541865e+20,-47.5819167025242,4.4108070517225115e+20,-63.420824267817274
0.02400000000000009,-0.027999999999999955,7.57773936923232e+19,102.91928920285856,8.913126118951607e+19,-77.17109907900026,4.1909608851192506e+20,-92.41663441342313
0.028000000000000094,-0.027999999999999955,7.2434076457555894e+19,70.10220007420472,7.303809445435437e+19,-110.10953592580334,3.9566591439695603e+20,-124.16911868593887
0.0320000000000001,-0.027999999999999955,6.8203049243500904e+19,34.623158009342156,5.9236819468708905e+19,-145.21456948281852,3.7308011349689146e+20,-158.62794176788543
0.0360000000000001,-0.027999999999999955,6.158041354328655e+19,-2.221241067169799,4.773925594214374e+19,177.67212564337308,3.5148925159819936e+20,165.01699855789428
0.040000000000000105,-0.027999999999999955,5.686679659084566e+19,-41.74400941230122,3.9802850707015614e+19,138.32123207793458,3.3036622147102133e+20,126.96661326260376
0.04400000000000011,-0.027999999999999955,5.216253552822261e+19,-82.76458663758422,3.279728014871903e+19,99.71134517233477,3.133405944011561e+20,87.50175693005376
0.04800000000000011,-0.027999999999999955,4.698742576330785e+19,-122.80975856492162,2.656191930071374e+19,55.4675604641984,2.952160909433192e+20,46.896110140866384
0.052000000000000116,-0.027999999999999955,4.239608192573757e+19,-163.63040199001549,2.268709776923455e+19,13.149961046635648,2.79914180947385e+20,5.397781223867268
0.05600000000000012,-0.027999999999999955,3.785066251426425e+19,152.512998045419,1.9702014307433533e+19,-27.10747299358335,2.6434778941737665e+20,-36.741748572465774
0.06000000000000012,-0.027999999999999955,3.438490303378913e+19,107.56284759318174,1.5703491848859394e+19,-69.97684935128139,2.5074377721132093e+20,-79.78739158022199
0.06400000000000013,-0.027999999999999955,3.195894297747504e+19,62.79737960383526,1.316794177652611e+19,-111.88561823915745,2.389307977835231e+20,-123.24571177268724
0.06800000000000013,-0.027999999999999955,2.816006777439807e+19,19.18396168058821,1.2280462568236587e+19,-158.88525261101586,2.2830123538309805e+20,-167.2135050285339
0.07200000000000013,-0.027999999999999955,2.7116148644315054e+19,-24.344377081979356,1.0433436679003296e+19,157.1423073381486,2.1754926931888443e+20,148.5949743836472
0.07600000000000014,-0.027999999999999955,2.4635830445975626e+19,-70.20992896510329,9.07486242522079e+18,114.20621224614604,2.0739101953087573e+20,103.96007199646918
-0.08,-0.023999999999999952,2.298187577946104e+19,80.24118822488107,6.689400652750882e+18,75.65495056510242,2.0186181770612143e+20,73.89714257003928
-0.076,-0.023999999999999952,2.4825681507780096e+19,125.95488602475315,7.897212420458854e+18,128.5737255086223,2.1144402695013027e+20,119.46889313169054
-0.072,-0.023999999999999952,2.7240730306107163e+19,172.14578292861754,8.818790556054857e+18,169.88738316047,2.222998247409792e+20,164.92804820145983
-0.06799999999999999,-0.023999999999999952,3.0640638304598827e+19,-141.31996211355292,1.02464647443471e+19,-143.75209312461362,2.3219812458913894e+20,-149.88916448390765
-0.06399999999999999,-0.023999999999999952,3.4319888174324e+19,-97.7924089522323,1.3413676255411177e+19,-102.51132691291298,2.4468956471232712e+20,-105.10603630774693
-0.059999999999999984,-0.023999999999999952,3.723547561888162e+19,-51.70412075849803,1.4634254544400364e+19,-49.98075307355703,2.5747545033556676e+20,-60.570563146789034
-0.05599999999999998,-0.023999999999999952,4.122705564904205e+19,-8.412456639832158,1.7125296424296374e+19,-9.860755993107116,2.716902450471439e+20,-16.600116553577553
-0.05199999999999998,-0.023999999999999952,4.538575728591819e+19,36.04869782682741,2.181126817062964e+19,36.099398288631185,2.8742682783870075e+20,26.93403449618804
-0.04799999999999997,-0.023999999999999952,5.1477919179637514e+19,79.32229683498494,2.5799126599171576e+19,79.45496317531017,3.050910261611549e+20,69.6954671543181
-0.04399999999999997,-0.023999999999999952,5.777704838902667e+19,122.08064641193707,3.18667520934194e+19,122.00636380356023,3.2344447053899766e+20,111.70687271866643
-0.039999999999999966,-0.023999999999999952,6.500179757443291e+19,164.80661219580534,3.95260841461391e+19,165.38574463120383,3.450967074396399e+20,152.7063763982932
-0.03599999999999996,-0.023999999999999952,7.1672169174279135e+19,-154.44157464888525,4.818783184104792e+19,-154.5407878809779,3.676733721616215e+20,-167.2484443295576
-0.03199999999999996,-0.023999999999999952,8.037244579361171e+19,-114.74906362154158,6.013951802811347e+19,-114.61433155872965,3.9198420136047287e+20,-128.81216767275416
-0.027999999999999955,-0.023999999999999952,8.909517817760442e+19,-76.52437089083254,7.528495007329985e+19,-76.37268373012331,4.186591587758583e+20,-92.40087649030525
-0.023999999999999952,-0.023999999999999952,9.647790037876212e+19,-41.559643029118824,9.600564443199262e+19,-40.95947234974475,4.4548753046087375e+20,-58.07952541874542
-0.01999999999999995,-0.023999999999999952,1.0163956214396366e+20,-8.913880135110796,1.2196582037657205e+20,-8.651586492333228,4.731411978551043e+20,-26.824936746398926
-0.015999999999999945,-0.023999999999999952,1.0134744258131091e+20,20.350467040123515,1.516194082263113e+20,20.420149203600808,4.9927375777070534e+20,0.5204628816815227
-0.011999999999999941,-0.023999999999999952,9.245297147948451e+19,45.21463603554218,1.845276569536867e+20,44.927528551335875,5.2376909124933406e+20,23.331109409519193
-0.007999999999999938,-0.023999999999999952,7.252029362588766e+19,63.51998060693103,2.157287681456403e+20,63.72978950486016,5.4264838060271154e+20,40.54326977463756
-0.003999999999999934,-0.023999999999999952,4.013983492938249e+19,76.94093587365691,2.397611035573031e+20,75.62788167770131,5.543037246230211e+20,51.29583937289975
6.938893903907228e-17,-0.023999999999999952,6.822084180093377e+17,139.40470396129476,2.490836544645924e+20,79.50886041240695,5.578645328369462e+20,54.9562672336987
0.004000000000000073,-0.023999999999999952,4.0202506975682355e+19,-104.36470106086652,2.3976980630043486e+20,75.51827293796804,5.5439401322249565e+20,51.32717929478568
0.008000000000000076,-0.023999999999999952,7.144882537858078e+19,-116.35255333911945,2.1584698355215398e+20,63.57910783921302,5.421410631648381e+20,40.48055193375444
0.01200000000000008,-0.023999999999999952,9.218192746635185e+19,-135.0029262744335,1.8516794928468073e+20,45.24480763436971,5.225645838215872e+20,23.414423029735342
0.016000000000000084,-0.023999999999999952,1.0134393076727238e+20,-159.76709172990797,1.5219989193703463e+20,20.374511476753057,4.99907049702945e+20,0.6536314946537799
0.020000000000000087,-0.023999999999999952,1.0037725497784838e+20,171.23499890268388,1.2148271681368159e+20,-8.488990455297966,4.744891932926558e+20,-26.93373047786761
0.02400000000000009,-0.023999999999999952,9.62283326074674e+19,138.4941713967685,9.628787685656219e+19,-41.23866963740378,4.4536191763061945e+20,-58.12497882542539
0.028000000000000094,-0.023999999999999952,8.924580777753444e+19,103.18332296287869,7.608516110157057e+19,-77.3826255285899,4.1826795806829884e+20,-92.3798982786961
0.0320000000000001,-0.023999999999999952,7.996133897544434e+19,65.2919097734373,5.982145954274477e+19,-114.72398052553399,3.9328635047439466e+20,-129.0925368619872
0.0360000000000001,-0.023999999999999952,7.27329721062977e+19,25.528109143973015,4.852246044345444e+19,-154.95488549794635,3.6798074729928733e+20,-167.33376506795545
0.040000000000000105,-0.023999999999999952,6.4586341087176335e+19,-15.073709600243628,3.828880582001772e+19,164.12705922415657,3.450404656628903e+20,152.82889698840054
0.04400000000000011,-0.023999999999999952,5.665699853969998e+19,-56.87548384088815,3.1382323455834235e+19,123.16414223344825,3.236138195965262e+20,111.71671058824246
0.04800000000000011,-0.023999999999999952,5.112385386506305e+19,-99.02741345456866,2.572516973799891e+19,80.2326230288273,3.0501852545169975e+20,69.58373899939798
0.052000000000000116,-0.023999999999999952,4.545251540017119e+19,-143.94360137902504,2.204162447021026e+19,35.49222811700069,2.874353696547724e+20,26.939571762402156
0.05600000000000012,-0.023999999999999952,4.162608750819274e+19,172.5731543534495,1.7435604016980074e+19,-7.536756169119481,2.7148466856453315e+20,-16.670534136876373
0.06000000000000012,-0.023999999999999952,3.701419079505659e+19,126.44749326560073,1.579961087027844e+19,-54.19537211097123,2.5730908390126223e+20,-60.621856417659075
0.06400000000000013,-0.023999999999999952,3.4398328036822753e+19,82.44422639285922,1.2722101024439493e+19,-96.41192954074248,2.4508915774070155e+20,-105.06342438288532
0.06800000000000013,-0.023999999999999952,3.1430689307689034e+19,38.118619320349,1.1108983541231624e+19,-145.71742720283464,2.3158478604488386e+20,-150.0647163445582
0.07200000000000013,-0.023999999999999952,2.785438336009115e+19,-8.260103566141657,9.123544323507529e+18,172.8537002525221,2.2175784951569918e+20,164.87355362865168
0.07600000000000014,-0.023999999999999952,2.5663444997092487e+19,-55.303389415074456,7.562378272991256e+18,123.27876351418021,2.1132299924713508e+20,119.73188149253791
-0.08,-0.01999999999999995,2.4248924932295983e+19,94.11040723650721,5.933131225601041e+18,95.22859284251777,2.0522444376618556e+20,86.36852047652441
-0.076,-0.01999999999999995,2.587867019675654e+19,138.64159051416135,6.985109498787803e+18,140.20027122724903,2.1497801466434575e+20,132.68575044626598
-0.072,-0.01999999999999995,2.9409972126424445e+19,-173.03504543231765,7.486687521832757e+18,-172.3128323362489,2.2605117716126774e+20,178.78379114106238
-0.06799999999999999,-0.01999999999999995,3.2548289188388192e+19,-127.78838223431907,9.345819982180125e+18,-128.3384411505628,2.3588406274631752e+20,-135.168490571145
-0.06399999999999999,-0.01999999999999995,3.4418278235964097e+19,-82.8607117893966,1.1548565632872692e+19,-81.0696638855112,2.4828305822466903e+20,-89.55650595793782
-0.059999999999999984,-0.01999999999999995,4.103468462190393e+19,-35.61594362227541,1.2594483782910857e+19,-33.74845119126994,2.6229049449247834e+20,-44.29757831531081
-0.05599999999999998,-0.01999999999999995,4.4288951669864915e+19,10.158042682867645,1.5636163616851173e+19,7.212747628065082,2.7831493205002306e+20,0.6955243618976058
-0.05199999999999998,-0.01999999999999995,4.980098960899915e+19,55.06322654003595,1.9635880719259304e+19,56.30083255328891,2.9473606872506633e+20,45.27767591978128
-0.04799999999999997,-0.01999999999999995,5.683436565020055e+19,99.67501509894905,2.4500147423048376e+19,100.54374229674092,3.134958447228166e+20,89.40707264061632
-0.04399999999999997,-0.01999999999999995,6.452882565407514e+19,144.38031543603887,2.8530822535628956e+19,145.44122988704154,3.347052577222723e+20,132.89858598002309
-0.039999999999999966,-0.01999999999999995,7.301944022320491e+19,-172.40694660731688,3.7010403839115805e+19,-172.38650011371337,3.5721105494767626e+20,175.65801339982562
-0.03599999999999996,-0.01999999999999995,8.24447620707412e+19,-128.97233727236213,4.681606336576488e+19,-129.9217069819713,3.830279999090271e+20,-142.72880645697853
-0.03199999999999996,-0.01999999999999995,9.585112397102037e+19,-87.69948226780203,5.887659419383447e+19,-88.2077012090753,4.114331434381882e+20,-102.3962821222717
-0.027999999999999955,-0.01999999999999995,1.0929675162412974e+20,-47.37875178065262,7.662370840147971e+19,-47.05381810704775,4.4141342355303334e+20,-63.64525138417702
-0.023999999999999952,-0.01999999999999995,1.2146607966166804e+20,-8.386073427666172,1.0069903170796025e+20,-8.162409421706183,4.724357695739016e+20,-26.940061135476416
-0.01999999999999995,-0.01999999999999995,1.3305317585536195e+20,26.89978296506472,1.3447275975423707e+20,27.454116635920737,5.0660682429103564e+20,6.919555142854731
-0.015999999999999945,-0.01999999999999995,1.3903308389964902e+20,59.826212205821186,1.7504889044849833e+20,59.92291396804059,5.381080801128975e+20,37.06551367530912
-0.011999999999999941,-0.01999999999999995,1.3368881182809453e+20,87.92829550635271,2.2412702423860616e+20,87.79660493495686,5.67288249483498e+20,62.37638854261075
-0.007999999999999938,-0.01999999999999995,1.098820811204144e+20,109.221625498494,2.7549115314143714e+20,109.50484160155987,5.90019166254318e+20,81.73923991289178
-0.003999999999999934,-0.01999999999999995,6.3134395743130845e+19,123.53362323802197,3.1675803436497004e+20,123.30020480814251,6.036015317051163e+20,93.73656340890109
6.938893903907228e-17,-0.01999999999999995,4.7509233676540525e+17,-26.058730429352742,3.3316539741451505e+20,128.23825285841616,6.083751174951069e+20,97.85160834847238
0.004000000000000073,-0.01999999999999995,6.323954754186344e+19,-56.578145872787054,3.1652352122684434e+20,123.50850965493309,6.043544532324813e+20,93.74535635540342
0.008000000000000076,-0.01999999999999995,1.1081418692186736e+20,-70.47659877221295,2.7508516849948836e+20,109.24847831249538,5.9009366545423296e+20,81.68655989537847
0.01200000000000008,-0.01999999999999995,1.348578213302166e+20,-92.802633195969,2.243710418128205e+20,87.58500346301436,5.6745299731364636e+20,62.517406603160595
0.016000000000000084,-0.01999999999999995,1.3909025369712953e+20,-120.39226921565621,1.752059128755688e+20,59.82871099418299,5.3784272341970217e+20,37.03136613667974
0.020000000000000087,-0.01999999999999995,1.3273578400122164e+20,-152.48446743274678,1.3337881825223487e+20,27.48251000507108,5.059924496846261e+20,6.93638733001133
0.02400000000000009,-0.01999999999999995,1.2163415528676798e+20,171.267618771972,1.0166086277158093e+20,-8.569659281260794,4.739955015724703e+20,-26.842499323036673
0.028000000000000094,-0.01999999999999995,1.0810967914701034e+20,132.55924275923698,7.704324671787686e+19,-47.1971734103071,4.407792445489035e+20,-63.544417572696275
0.0320000000000001,-0.01999999999999995,9.447482136184377e+19,92.75384792506084,5.987382645481637e+19,-87.2683045295776,4.1131173274336284e+20,-102.29793283977853
0.0360000000000001,-0.01999999999999995,8.340291273636295e+19,50.93176865001515,4.6451875933178495e+19,-130.61133762433732,3.837530231039901e+20,-142.86812060889616
0.040000000000000105,-0.01999999999999995,7.250836114413403e+19,8.310306800970716,3.6661985162175308e+19,-172.7348773431899,3.568920498546074e+20,175.3993052445422
0.04400000000000011,-0.01999999999999995,6.462768705453836e+19,-35.3027781092979,2.922430154062852e+19,144.39615853533363,3.3477254753364836e+20,132.83563774068867
0.04800000000000011,-0.01999999999999995,5.716557109755896e+19,-80.11814360512288,2.372136100919705e+19,100.7562524230314,3.1457487303405155e+20,89.38700488285444
0.052000000000000116,-0.01999999999999995,4.985040150213771e+19,-125.2414114079207,1.9078197033659384e+19,56.54246871508706,2.945205999228767e+20,45.26687968817988
0.05600000000000012,-0.01999999999999995,4.495962909657335e+19,-169.38142972175115,1.5355364814524279e+19,10.56136742755262,2.7848184349030112e+20,0.6666424359056846
0.06000000000000012,-0.01999999999999995,4.07936902764001e+19,144.30766181845837,1.3950423721021092e+19,-33.3011887533896,2.6217176801736e+20,-44.3013896194602
0.06400000000000013,-0.01999999999999995,3.5150249753574945e+19,98.0307338930373,1.1411379754055576e+19,-79.15001048195666,2.4878343879989048e+20,-89.66340998247564
0.06800000000000013,-0.01999999999999995,3.269064260426186e+19,54.306585133545425,1.0197323113356808e+19,-128.05180469157685,2.3633975560931695e+20,-135.23684877095758
0.07200000000000013,-0.01999999999999995,2.907232343513286e+19,6.798108207143897,8.569210489213637e+18,-174.96658729369008,2.2456129926070554e+20,178.85711662062945
0.07600000000000014,-0.01999999999999995,2.6280585894442865e+19,-40.5346134598301,7.365171997760453e+18,137.65195431780626,2.1427570983358346e+20,132.7548503185211
-0.08,-0.015999999999999945,2.4769237213543854e+19,103.38871867279282,5.197713907967451e+18,110.54742928630891,2.076420817159628e+20,96.91271216807169
-0.076,-0.015999999999999945,2.7445459323272966e+19,149.71563769481367,5.384984902902722e+18,159.54972871030574,2.159101160242182e+20,143.83631969229654
-0.072,-0.015999999999999945,3.017913843491097e+19,-162.71630854035996,6.073630967336755e+18,-163.81367787627448,2.2771655854304133e+20,-169.56290043588987
-0.06799999999999999,-0.015999999999999945,3.35481840148102e+19,-114.83057089178351,8.286552475612594e+18,-113.22312103403773,2.3961151189567242e+20,-122.93381103436566
-0.06399999999999999,-0.015999999999999945,3.7548282023785005e+19,-66.2961212573356,9.05757499767461e+18,-69.2369235576623,2.524576248243939e+20,-76.63331119335837
-0.059999999999999984,-0.015999999999999945,4.1686531394938356e+19,-22.301014443496637,1.141544515616131e+19,-24.119423035777523,2.670601469266509e+20,-30.690310010221605
-0.05599999999999998,-0.015999999999999945,4.798591641746364e+19,24.03207954278728,1.4012354501727975e+19,26.8282575901632,2.833553727940581e+20,15.287147762840506
-0.05199999999999998,-0.015999999999999945,5.338504070857108e+19,70.7955557518316,1.620136367799978e+19,71.79485914841179,3.014405430116018e+20,60.86476274779434
-0.04799999999999997,-0.015999999999999945,6.079786085810568e+19,116.70135498166589,2.0747730232063017e+19,117.20067132644722,3.2222994659790356e+20,106.01964466885235
-0.04399999999999997,-0.015999999999999945,7.03509887884106e+19,162.57119600904988,2.5579578276734226e+19,162.12212760000764,3.434198940780847e+20,150.75752598064486
-0.039999999999999966,-0.015999999999999945,8.118953848085597e+19,-151.69293370226939,3.257851019034074e+19,-152.12105721716566,3.687026506594367e+20,-165.22945526503221
-0.03599999999999996,-0.015999999999999945,9.452762593643463e+19,-107.66482941032477,4.176554607933764e+19,-107.75816816457467,3.9710185685810735e+20,-121.90904394245031
-0.03199999999999996,-0.015999999999999945,1.112601608551968e+20,-63.322831722252474,5.546400628029349e+19,-62.77065841570852,4.282755768532712e+20,-79.42618325122847
-0.027999999999999955,-0.015999999999999945,1.2892285626300486e+20,-20.89680664022926,7.447965692714112e+19,-21.11120563525597,4.626162845338437e+20,-38.59322927497807
-0.023999999999999952,-0.015999999999999945,1.512668716854095e+20,20.517028684616843,1.0072337699265762e+20,20.636504454701093,5.005024106210766e+20,0.6327009023020413
-0.01999999999999995,-0.015999999999999945,1.7456070337922944e+20,59.73963891260891,1.3886955232243707e+20,59.74346411203053,5.3890395020120936e+20,37.08585698849404
-0.015999999999999945,-0.015999999999999945,1.943676487714657e+20,96.29525481597794,1.940540399836367e+20,96.0118864790838,5.752782594244284e+20,70.04137512848827
-0.011999999999999941,-0.015999999999999945,1.9977701003308096e+20,128.02886072890772,2.6577738966468405e+20,128.30824627230388,6.074746630631758e+20,97.89333757194201
-0.007999999999999938,-0.015999999999999945,1.751586106195578e+20,154.16588140119907,3.515173450907814e+20,153.8604349731841,6.320994950575292e+20,119.14413052139328
-0.003999999999999934,-0.015999999999999945,1.070708875977193e+20,170.2912982306983,4.256692769406423e+20,170.87581409068318,6.470041191362033e+20,132.37979848715125
6.938893903907228e-17,-0.015999999999999945,4.3793783473740205e+17,98.06645480871124,4.561367137240719e+20,176.83168433194635,6.510633691670825e+20,136.76636923350438
0.004000000000000073,-0.015999999999999945,1.0607677317283198e+20,-9.139289221304495,4.256891199575201e+20,170.86720597993292,6.470405897165717e+20,132.40976167567035
0.008000000000000076,-0.015999999999999945,1.751981865149185e+20,-25.788847122376453,3.50439888670749e+20,153.846115098258,6.322034112403959e+20,119.15868772845293
0.01200000000000008,-0.015999999999999945,1.996778498313639e+20,-51.97936447863071,2.6624447879040205e+20,128.19817195246802,6.083996504442634e+20,97.91256510150751
0.016000000000000084,-0.015999999999999945,1.9364837837950983e+20,-83.90217855882688,1.9380643343735328e+20,96.45354649054059,5.7548665642167285e+20,69.94635405367896
0.020000000000000087,-0.015999999999999945,1.743443573937177e+20,-119.87707538635026,1.3954163696623891e+20,60.022382948784596,5.38032624353695e+20,37.07722487112636
0.02400000000000009,-0.015999999999999945,1.5151779592351318e+20,-159.35117833338413,1.0078918663309255e+20,20.53917253319023,4.998649259718026e+20,0.5595352777763511
0.028000000000000094,-0.015999999999999945,1.2925499916764447e+20,159.00621951597645,7.356674154680895e+19,-20.963366855533543,4.6221159508407747e+20,-38.598731158515974
0.0320000000000001,-0.015999999999999945,1.0992491735711715e+20,116.2335091503461,5.466146737124702e+19,-64.45574965165717,4.2792908845728845e+20,-79.46937302484164
0.0360000000000001,-0.015999999999999945,9.414804975597971e+19,72.52242583860335,4.17443010530273e+19,-108.03274644658163,3.968958726535043e+20,-121.71590970286975
0.040000000000000105,-0.015999999999999945,8.131415874583273e+19,28.107189233610125,3.2577069010345546e+19,-151.00992611429967,3.689241862928278e+20,-165.27386500237606
0.04400000000000011,-0.015999999999999945,6.94150752451656e+19,-17.217767197021217,2.584520285860443e+19,160.51783555846782,3.43238697297903e+20,150.76234228592708
0.04800000000000011,-0.015999999999999945,6.161755240625647e+19,-62.20220201562668,2.1118988170750472e+19,116.06126765607314,3.2106141924542035e+20,106.24218723756836
0.052000000000000116,-0.015999999999999945,5.458756046564085e+19,-108.86060020933796,1.6287895187229086e+19,68.28744882084747,3.011242703163454e+20,60.86947761523034
0.05600000000000012,-0.015999999999999945,4.761614248374629e+19,-156.47977050947395,1.3514770484674042e+19,21.925356962477956,2.8399237499670672e+20,15.23900000803304
0.06000000000000012,-0.015999999999999945,4.200316824016199e+19,158.50553712464492,1.1333377893285681e+19,-20.665596585043616,2.668871131484731e+20,-30.56006184348434
0.06400000000000013,-0.015999999999999945,3.757849476792112e+19,112.52309135667024,9.845970845732436e+18,-69.86213509410565,2.52133433186527e+20,-76.75801008568176
0.06800000000000013,-0.015999999999999945,3.3753615300630192e+19,64.1533485434101,7.33407101311857e+18,-119.17953262277382,2.3959344318737456e+20,-123.08156430568474
0.07200000000000013,-0.015999999999999945,3.064751065600705e+19,17.9974479313533,6.935050477559177e+18,-167.91774703064988,2.2778388472395838e+20,-169.78233440109247
0.07600000000000014,-0.015999999999999945,2.794261593324562e+19,-28.89107438804872,6.108400805637146e+18,143.25952980771723,2.16334548239838e+20,143.69295285962482
-0.08,-0.011999999999999941,2.5582512298667024e+19,110.8669144245048,4.172505266744222e+18,130.8162590688817,2.08750762592828e+20,105.4005954627704
-0.076,-0.011999999999999941,2.884832538562645e+19,158.0386050745048,3.768348795957353e+18,152.7473054737356,2.1804810592234734e+20,152.1173211812029
-0.072,-0.011999999999999941,3.104978224855575e+19,-153.49686067753368,5.105776638633648e+18,-146.90708180572528,2.3071534054008812e+20,-160.46286514390044
-0.06799999999999999,-0.011999999999999941,3.458521790886244e+19,-105.08701039295602,6.643678699285692e+18,-97.23827974606324,2.420973665227278e+20,-113.65822424698169
-0.06399999999999999,-0.011999999999999941,3.841386321584312e+19,-59.29013823496216,6.886607401501967e+18,-56.18561547927323,2.5570284002663236e+20,-66.51999223543692
-0.059999999999999984,-0.011999999999999941,4.344967413872091e+19,-10.031573023931502,8.335228737107543e+18,-11.863507871140579,2.6998608502488488e+20,-19.69668379096073
-0.05599999999999998,-0.011999999999999941,4.890717552554967e+19,36.22709616863901,1.1226177217259071e+19,36.17553619455862,2.8755054934566784e+20,26.611716422205554
-0.05199999999999998,-0.011999999999999941,5.765829212250713e+19,83.14026496918429,1.3010633630713481e+19,84.15837132146515,3.0690607440291765e+20,73.04532359176645
-0.04799999999999997,-0.011999999999999941,6.5915407470790795e+19,130.6762475614331,1.760065441382706e+19,130.10239601440745,3.2771333523500945e+20,119.18988089173125
-0.04399999999999997,-0.011999999999999941,7.651625067157905e+19,177.8827188042898,2.0736210354585674e+19,176.95586800973388,3.5147157896298024e+20,164.9351441582809
-0.039999999999999966,-0.011999999999999941,8.843906339524995e+19,-135.9740783957162,2.6392450248458605e+19,-135.03357117955278,3.792771549838505e+20,-149.65352096493066
-0.03599999999999996,-0.011999999999999941,1.055827869814699e+20,-89.87132936559891,3.5141971520638427e+19,-90.13812213596368,4.0908016800745174e+20,-104.84722689709912
-0.03199999999999996,-0.011999999999999941,1.2513355736110195e+20,-44.281110477868395,4.737296335049734e+19,-43.871618709365556,4.436616065631909e+20,-60.92386224527149
-0.027999999999999955,-0.011999999999999941,1.5193831015613658e+20,0.8977242270116716,6.507557654308076e+19,0.593274506291901,4.818301473716367e+20,-17.93155218302073
-0.023999999999999952,-0.011999999999999941,1.845201449285434e+20,44.98324953312184,9.208476603952357e+19,44.78735138067211,5.230876230612655e+20,23.440245983936645
-0.01999999999999995,-0.011999999999999941,2.2398686211609575e+20,87.8405134546391,1.341718170821237e+20,87.8163667279841,5.6746265543520826e+20,62.43998613559275
-0.015999999999999945,-0.011999999999999941,2.6621555867982394e+20,128.41808300212114,1.9946761072788816e+20,128.10765414347964,6.075447434258156e+20,97.9243215102531
-0.011999999999999941,-0.011999999999999941,2.98571593093431e+20,165.174111779631,2.9842084184286914e+20,165.15656207009354,6.415491110273759e+20,127.87771873969017
-0.007999999999999938,-0.011999999999999941,2.885489529195678e+20,-164.04006511064375,4.3284081837336684e+20,-164.32297033498682,6.636104824833695e+20,150.00056631751016
-0.003999999999999934,-0.011999999999999941,1.905049041628283e+20,-143.05152991325383,5.7118401949074745e+20,-143.23028772100812,6.760335024857443e+20,162.28871375754326
6.938893903907228e-17,-0.011999999999999941,5.7555079660602515e+17,-30.97363985956609,6.344294074884437e+20,-135.5581807797774,6.814459792099035e+20,166.04905262394283
0.004000000000000073,-0.011999999999999941,1.91282780017408e+20,36.70112316788432,5.710194279617504e+20,-143.18919591887382,6.767780650951917e+20,162.33695041913379
0.008000000000000076,-0.011999999999999941,2.8923174768898212e+20,15.79884530596778,4.328709579366834e+20,-164.21948506041417,6.634103576492269e+20,150.039371828708
0.01200000000000008,-0.011999999999999941,2.986224878035114e+20,-14.937813380952683,2.988045499590513e+20,165.02888268532402,6.41825541829976e+20,128.00903909090277
0.016000000000000084,-0.011999999999999941,2.6587432728696757e+20,-51.728155552808346,1.995948080146886e+20,128.22198523749293,6.08631310369399e+20,97.91190343339859
0.020000000000000087,-0.011999999999999941,2.2430560035725237e+20,-92.22621891929465,1.3445848486217184e+20,87.7839757028522,5.675406278570777e+20,62.41347256217906
0.02400000000000009,-0.011999999999999941,1.8495160121477035e+20,-135.09065005386998,9.123435689633189e+19,44.6815616105851,5.2263609419106314e+20,23.4242406641428
0.028000000000000094,-0.011999999999999941,1.5285392062228493e+20,-179.35089260961914,6.469335393197062e+19,1.3386887718206266,4.818840660958107e+20,-17.98372746004006
0.0320000000000001,-0.011999999999999941,1.2541624190340296e+20,135.58120018275267,4.660583619994899e+19,-43.84292011395596,4.431687795803214e+20,-60.84342424568955
0.0360000000000001,-0.011999999999999941,1.0456917481786026e+20,89.54551399298863,3.5512908749425246e+19,-89.66617803276998,4.0970222499814474e+20,-104.83792490893859
0.040000000000000105,-0.011999999999999941,8.869720678455519e+19,43.89886007689166,2.6042102745100095e+19,-135.10962413796216,3.7950355275309384e+20,-149.6236280897014
0.04400000000000011,-0.011999999999999941,7.58691443387438e+19,-2.3453930102733938,1.948117443090949e+19,176.97533430100742,3.5241957374197924e+20,165.07009238125897
0.04800000000000011,-0.011999999999999941,6.553780433507258e+19,-48.886212355722606,1.6093590998184028e+19,131.26482641375208,3.282928339485612e+20,119.2459308941195
0.052000000000000116,-0.011999999999999941,5.643530861960979e+19,-96.72005737030014,1.1891824039604912e+19,84.9317877704541,3.057050818070084e+20,73.08399513057552
0.05600000000000012,-0.011999999999999941,4.932064669562418e+19,-144.0877544670226,1.062939452439724e+19,39.26889835376994,2.8861977896053437e+20,26.812606144722576
0.06000000000000012,-0.011999999999999941,4.506097539584074e+19,169.62869882192194,8.132001286449302e+18,-7.308738739050731,2.710783199533487e+20,-19.652230991434937
0.06400000000000013,-0.011999999999999941,3.814189734971829e+19,122.8529930630593,7.296431002036838e+18,-61.017949976751666,2.561486894936527e+20,-66.66780563666586
0.06800000000000013,-0.011999999999999941,3.4114695962375197e+19,75.11826885194473,6.796614644704865e+18,-101.65774317175008,2.4218744553349916e+20,-113.58266474446351
0.07200000000000013,-0.011999999999999941,3.2399713276402954e+19,27.221243736862768,5.692006811217468e+18,-159.45576247183615,2.3102718940546984e+20,-160.39966469420477
0.07600000000000014,-0.011999999999999941,2.772431416070045e+19,-21.96590174405628,4.27747459520775e+18,151.36528136722285,2.1920857614578985e+20,152.32402355612606
-0.08,-0.007999999999999938,2.692133455812563e+19,117.71467900109982,2.2137256126844485e+18,122.6320502521732,2.0963860612327896e+20,110.82527584966182
-0.076,-0.007999999999999938,2.8972947469847343e+19,164.18865390407277,3.5221126895501373e+18,173.4545402629282,2.1975224933674035e+20,158.56313619928912
-0.072,-0.007999999999999938,3.24145348978031e+19,-146.22024592663627,3.243257348295209e+18,-152.97990487591966,2.3178855255651697e+20,-153.86881015048817
-0.06799999999999999,-0.007999999999999938,3.5369279441615925e+19,-98.76058694907613,4.218773969851329e+18,-106.95565663782756,2.450431380208708e+20,-106.70386640485721
-0.06399999999999999,-0.007999999999999938,3.935157517922527e+19,-50.1721864539382,5.516065027932643e+18,-52.12837208557773,2.5803995198953783e+20,-59.276294250323986
-0.059999999999999984,-0.007999999999999938,4.585912139935037e+19,-3.3755421821876865,5.570601318957197e+18,5.141577637351738,2.7423670126216928e+20,-12.152731672048606
-0.05599999999999998,-0.007999999999999938,5.185129950498866e+19,43.99363991260691,7.549942424838215e+18,48.2650297260293,2.9183885560750834e+20,35.339876597261956
-0.05199999999999998,-0.007999999999999938,5.922989212389759e+19,93.51240064183258,8.87586110538451e+18,89.50478669078599,3.098141096227878e+20,82.12265675048329
-0.04799999999999997,-0.007999999999999938,6.858244509967156e+19,140.02577110167596,1.1711722231698962e+19,139.36917243414487,3.331545953224857e+20,128.7642164209032
-0.04399999999999997,-0.007999999999999938,8.088386074912532e+19,-172.21762670551038,1.5138328227345523e+19,-172.40555659247707,3.5770030615427626e+20,175.5785703382148
-0.039999999999999966,-0.007999999999999938,9.562497128001121e+19,-123.93278877361831,1.892486845198881e+19,-124.92161206279991,3.8618856902480324e+20,-138.2650669957666
-0.03599999999999996,-0.007999999999999938,1.1465364229638896e+20,-77.04246862407052,2.5675790949903704e+19,-77.49379169712552,4.176015639917519e+20,-92.36976422287735
-0.03199999999999996,-0.007999999999999938,1.3876585476179673e+20,-30.18194276576023,3.6021302233510425e+19,-28.79080405955687,4.5527443325132354e+20,-47.050885913920936
-0.027999999999999955,-0.007999999999999938,1.7195893260094613e+20,17.282075693436763,4.935265736604601e+19,17.24072973178806,4.963949121208652e+20,-2.6280535635818856
-0.023999999999999952,-0.007999999999999938,2.155906040056613e+20,63.63849937115658,7.217564387747223e+19,64.04265851676303,5.422879982501013e+20,40.60992102583632
-0.01999999999999995,-0.007999999999999938,2.74901061319698e+20,109.50498023282925,1.0966796122221966e+20,109.52140674718703,5.8888837539195565e+20,81.69837945663332
-0.015999999999999945,-0.007999999999999938,3.5038932697934443e+20,153.98892114643238,1.753961168708232e+20,154.06601990523444,6.322907358783869e+20,119.10094964230804
-0.011999999999999941,-0.007999999999999938,4.330202576740492e+20,-164.21928806277802,2.884477491537101e+20,-164.20619378965137,6.637741394892788e+20,149.9855381303924
-0.007999999999999938,-0.007999999999999938,4.7394243291313275e+20,-127.61841073160222,4.736289631909192e+20,-127.71717822281971,6.883877520850239e+20,169.22678967955818
-0.003999999999999934,-0.007999999999999938,3.541867958223664e+20,-101.18623399596271,7.073130061436256e+20,-101.18406851042488,7.480917975575942e+20,174.75716274063774
6.938893903907228e-17,-0.007999999999999938,1.3616487529261563e+18,27.299567966479497,8.309341105634969e+20,-91.2328174793367,7.995927235749916e+20,174.81285587839332
0.004000000000000073,-0.007999999999999938,3.5411786780104825e+20,78.91461462482064,7.07297061574799e+20,-101.18790808366916,7.469561797983508e+20,174.85946538411244
0.008000000000000076,-0.007999999999999938,4.7289975216324726e+20,52.33362434525658,4.734379645982913e+20,-127.55561958773453,6.880756645125757e+20,169.25943704800005
0.01200000000000008,-0.007999999999999938,4.3264910227718695e+20,15.77348936930282,2.880423456200575e+20,-164.0993844614775,6.637657010865393e+20,149.98903708102245
0.016000000000000084,-0.007999999999999938,3.497428606668106e+20,-26.036000139665877,1.7534045552467912e+20,153.94287527397165,6.325333266893156e+20,119.11189093626905
0.020000000000000087,-0.007999999999999938,2.7542572586967292e+20,-70.4883665753314,1.0911930907109289e+20,109.40154571921296,5.905242979356212e+20,81.69910424341438
0.02400000000000009,-0.007999999999999938,2.1647279542131723e+20,-116.17771509587318,7.219809865429822e+19,63.958976828420035,5.429933104768328e+20,40.60487128093396
0.028000000000000094,-0.007999999999999938,1.716481777448337e+20,-162.9039645316052,4.9309845958869254e+19,16.261472126938408,4.968756736388874e+20,-2.577848175849207
0.0320000000000001,-0.007999999999999938,1.3946176246572597e+20,150.52397602731324,3.55597553955088e+19,-30.00425986106713,4.5517066002820157e+20,-47.1196232626521
0.0360000000000001,-0.007999999999999938,1.1410832888702625e+20,102.57168096143826,2.5887959085307367e+19,-76.56747861490705,4.184934788375259e+20,-92.31330507763914
0.040000000000000105,-0.007999999999999938,9.547529178735238e+19,55.531919919733575,1.9256198603434762e+19,-123.45977374833205,3.863298114603714e+20,-138.23552197165338
0.04400000000000011,-0.007999999999999938,8.018422230725937e+19,7.64476360466906,1.340654650699345e+19,-174.0644164966054,3.573925998732656e+20,175.62383529923198
0.04800000000000011,-0.007999999999999938,6.898172591114351e+19,-39.711886780565436,1.124324684002687e+19,139.13650387357393,3.3213314107300046e+20,128.75163180132236
0.052000000000000116,-0.007999999999999938,5.934779822032161e+19,-86.96905775527006,9.339890469299763e+18,87.82686736711264,3.104478067491569e+20,82.12418708823961
0.05600000000000012,-0.007999999999999938,5.190040528875764e+19,-135.15811160141982,7.344067419049605e+18,44.18695666252127,2.9156113139685687e+20,35.10245061111326
0.06000000000000012,-0.007999999999999938,4.564906984121922e+19,177.25667218514775,5.464351353091656e+18,1.0788169969200312,2.7350598746051353e+20,-11.89346680022294
0.06400000000000013,-0.007999999999999938,4.078299675070661e+19,128.48631541111735,5.850367235656209e+18,-47.77306215434915,2.5852688198341807e+20,-59.18237180133758
0.06800000000000013,-0.007999999999999938,3.5942836462895186e+19,81.04604567040393,3.8614437186277806e+18,-103.83585739209586,2.4432972848225226e+20,-106.6045142737291
0.07200000000000013,-0.007999999999999938,3.135100466035837e+19,33.83490383163078,2.719500166936587e+18,-143.4507885247706,2.319914597059717e+20,-154.01508953463596
0.07600000000000014,-0.007999999999999938,2.8453435436669334e+19,-14.354690535098419,3.3443539322875075e+18,162.07288071755144,2.1970721728893793e+20,158.5025008256558
-0.08,-0.003999999999999934,2.6301483220116922e+19,121.51358069811043,1.8672105969184812e+18,111.92430153840643,2.0992188812306216e+20,114.5034008563668
-0.076,-0.003999999999999934,2.9285488782438568e+19,167.07894206855957,1.6617263515851768e+18,152.11995543819188,2.2078559888939346e+20,162.34389682062798
-0.072,-0.003999999999999934,3.2340629993992008e+19,-142.89676974358463,1.1834845603022753e+18,-139.41009440249917,2.331436307098198e+20,-149.78935527386128
-0.06799999999999999,-0.003999999999999934,3.532439417913809e+19,-93.31860814279129,2.098474883049763e+18,-105.91289837058828,2.453625090312453e+20,-102.60130124281706
-0.06399999999999999,-0.003999999999999934,4.0670491085922116e+19,-46.087321798430885,3.0250278017471027e+18,-46.428277972531454,2.596212396389643e+20,-54.78219613146386
-0.059999999999999984,-0.003999999999999934,4.618644156850747e+19,2.115789232725721,3.423961240941092e+18,-1.2592133402866101,2.7511283564016245e+20,-7.114772475644414
-0.05599999999999998,-0.003999999999999934,5.253542447554917e+19,50.029196465926965,3.3886940422433546e+18,48.623068293374665,2.926692740443645e+20,40.16650031977796
-0.05199999999999998,-0.003999999999999934,6.0309476273973125e+19,98.52933784441872,4.494714273226631e+18,97.98487273591522,3.127692519311106e+20,87.56766069767725
-0.04799999999999997,-0.003999999999999934,7.110229092577148e+19,146.41734277868255,5.592671381796303e+18,150.2776549269771,3.36099803466485e+20,134.6189470491199
-0.04399999999999997,-0.003999999999999934,8.22660076711193e+19,-164.93794554352132,7.822090170941142e+18,-165.25268741736056,3.6060950368370885e+20,-178.04570221053666
-0.039999999999999966,-0.003999999999999934,9.825960732683582e+19,-117.27065571542074,9.591009096706286e+18,-114.1695883463706,3.9096954670828926e+20,-131.2878151193251
-0.03599999999999996,-0.003999999999999934,1.2070905963679103e+20,-68.79631933615767,1.3725635487429011e+19,-69.33517711802607,4.234966543261088e+20,-84.81433544891296
-0.03199999999999996,-0.003999999999999934,1.4862908458652202e+20,-20.94165534579368,1.799453038382091e+19,-21.434538991321315,4.621354477189155e+20,-38.43206113761882
-0.027999999999999955,-0.003999999999999934,1.863284390565162e+20,27.16365737012423,2.6700528338177475e+19,26.28611924532046,5.061968955443023e+20,7.025115502434065
-0.023999999999999952,-0.003999999999999934,2.4012272673089742e+20,75.54359936131323,3.966960362517391e+19,75.39906953393638,5.549506852069498e+20,51.31764571045848
-0.01999999999999995,-0.003999999999999934,3.1666545084164394e+20,123.53775065263825,6.356637712194225e+19,123.5662650724882,6.032886255164167e+20,93.77380414684389
-0.015999999999999945,-0.003999999999999934,4.259110783622787e+20,170.90771112946766,1.076865327198382e+20,170.6970888364018,6.463000503867739e+20,132.40920865199598
-0.011999999999999941,-0.003999999999999934,5.71484155231339e+20,-143.1693131416925,1.9027430621576056e+20,-143.0511777359062,6.76379047359514e+20,162.35309580934444
-0.007999999999999938,-0.003999999999999934,7.073726823015825e+20,-101.15967890173035,3.5375009800958444e+20,-101.23362833850037,7.472293833578126e+20,174.83682672052876
-0.003999999999999934,-0.003999999999999934,6.09171505647026e+20,-69.03087335597066,6.086061006860017e+20,-69.01550714574581,1.0578197032540003e+21,173.2874669066301
6.938893903907228e-17,-0.003999999999999934,2.0523385803420707e+17,-47.205921196236254,7.703593107405803e+20,-56.4454384280995,1.3403080125344928e+21,173.30043327555668
0.004000000000000073,-0.003999999999999934,6.094053300200564e+20,111.00874769683075,6.097253115581265e+20,-68.9985872636166,1.0570148884521171e+21,173.2462105512728
0.008000000000000076,-0.003999999999999934,7.076639806571763e+20,78.81798079792146,3.540325345339249e+20,-101.04053870489606,7.473872099251274e+20,174.8905364611131
0.01200000000000008,-0.003999999999999934,5.714211950105834e+20,36.67945838783977,1.9016762457997027e+20,-143.4526029168923,6.756159238685831e+20,162.3722022598275
0.016000000000000084,-0.003999999999999934,4.257103693221109e+20,-9.219992440756963,1.067100198326877e+20,170.68518274710894,6.450617846473829e+20,132.3274281967235
0.020000000000000087,-0.003999999999999934,3.162077062781075e+20,-56.44897173681203,6.376870082913977e+19,123.0295812451878,6.03953193028623e+20,93.71676523374292
0.02400000000000009,-0.003999999999999934,2.399613835945763e+20,-104.46485998267877,4.005018795194303e+19,75.19261170219639,5.5386249196528225e+20,51.24029493506417
0.028000000000000094,-0.003999999999999934,1.859073655138346e+20,-152.7614260872633,2.630018630368901e+19,27.36533452678566,5.062862894490117e+20,6.9762816209580905
0.0320000000000001,-0.003999999999999934,1.4847807033010605e+20,159.0874368018553,1.8751115513988624e+19,-20.36316380244329,4.624296545149235e+20,-38.44292416965254
0.0360000000000001,-0.003999999999999934,1.1988272734368612e+20,110.45168670856317,1.3478032136242199e+19,-74.59614632470735,4.239774701558816e+20,-84.73710672268822
0.040000000000000105,-0.003999999999999934,9.908314965321354e+19,62.79390377927306,1.0245259611405142e+19,-124.37402489898221,3.9163898489799383e+20,-131.11325727072858
0.04400000000000011,-0.003999999999999934,8.338954072703951e+19,14.724117726260971,8.333988442382711e+18,-166.18315487409765,3.614861022569292e+20,-178.1806970693914
0.04800000000000011,-0.003999999999999934,7.106945069826368e+19,-33.26838448265955,5.85490972610523e+18,144.95199972862335,3.347212740602891e+20,134.7665949108653
0.052000000000000116,-0.003999999999999934,6.157029379937727e+19,-81.53344942430518,3.749287263776902e+18,99.5833174234965,3.132678649971412e+20,87.49775564969025
0.05600000000000012,-0.003999999999999934,5.295924296264205e+19,-130.38519344930185,4.1312037606525107e+18,65.41286646246122,2.9313117251064526e+20,40.175168084185124
0.06000000000000012,-0.003999999999999934,4.630891403138125e+19,-177.53439277632424,3.1613977608601083e+18,13.585813065319448,2.7554426561519354e+20,-7.149939669034213
0.06400000000000013,-0.003999999999999934,4.081086389838854e+19,133.60273217417298,2.36507354397238e+18,-43.451208523103084,2.5978818350371298e+20,-54.9088660320381
0.06800000000000013,-0.003999999999999934,3.643643226799534e+19,87.29022093578881,1.1994296337199183e+18,-129.67891727849576,2.4636368819718616e+20,-102.46969014561445
0.07200000000000013,-0.003999999999999934,3.212018497409222e+19,38.43792831707146,2.2058260562779162e+18,-128.45780323437728,2.3223345438100645e+20,-150.0229750761531
0.07600000000000014,-0.003999999999999934,2.924219645891235e+19,-9.918340784179982,1.4409714131505347e+18,168.191087736826,2.2108469444386193e+20,162.4853393764581
-0.08,6.938893903907228e-17,2.5759612263033504e+19,122.51340992148175,1.0972094229339223e+18,83.6811633255094,2.1053010857836282e+20,115.78566501528199
-0.076,6.938893903907228e-17,2.8922320108473053e+19,170.91629888748307,2.6228166566406138e+17,-123.07080325827349,2.213414189802816e+20,163.64296534102988
-0.072,6.938893903907228e-17,3.2195602401286038e+19,-139.66283218890018,2.1984972298339562e+17,139.65623484589003,2.3248934811210452e+20,-148.77473663241258
-0.06799999999999999,6.938893903907228e-17,3.559386881498748e+19,-92.96443096431685,5.249945913485179e+16,-23.201651570672055,2.4541334369376023e+20,-101.1339353744653
-0.06399999999999999,6.938893903907228e-17,4.080665114859775e+19,-43.92278854276802,6.133743518794916e+17,-112.34698833772164,2.599459626107392e+20,-53.41827475121995
-0.059999999999999984,6.938893903907228e-17,4.688174880745112e+19,3.0268607985418257,6.645342737355146e+17,-167.75314622294624,2.7573476929628868e+20,-5.651123788880721
-0.05599999999999998,6.938893903907228e-17,5.282410067941997e+19,52.07627938639498,2.266394389521531e+17,-136.07544916365973,2.927884251247776e+20,41.93034324038109
-0.05199999999999998,6.938893903907228e-17,6.160555207205594e+19,99.69071653154298,3.9920033854139654e+17,175.84616773123267,3.1390031826777355e+20,89.36904010186532
-0.04799999999999997,6.938893903907228e-17,7.162787270843066e+19,148.9429309015298,3.311581256641526e+17,50.39871050504494,3.3709554162672835e+20,136.81696408529086
-0.04399999999999997,6.938893903907228e-17,8.371539901158007e+19,-162.67314645051755,3.5338632327146874e+17,66.69705679084672,3.6302113198438115e+20,-175.89374260416182
-0.039999999999999966,6.938893903907228e-17,1.007589364744571e+20,-114.63407584405518,8.694493524581198e+17,-18.08123301566539,3.926949823691086e+20,-128.99848724444746
-0.03599999999999996,6.938893903907228e-17,1.2234025255590802e+20,-66.36985793248628,9.276909271387735e+17,-66.85400788708431,4.2611929910498315e+20,-82.05420855394391
-0.03199999999999996,6.938893903907228e-17,1.5144816127830786e+20,-17.910529202983092,9.503498183913015e+17,-17.949794679144844,4.650852785758096e+20,-35.5866268690409
-0.027999999999999955,6.938893903907228e-17,1.913947328385303e+20,30.82902305332213,4.965500715841881e+17,-98.41851416009165,5.094737324856535e+20,10.134972689933075
-0.023999999999999952,6.938893903907228e-17,2.4878536186977452e+20,79.44572920310674,5.222930942563754e+17,-132.24059252864535,5.5852528308074794e+20,54.99062017613858
-0.01999999999999995,6.938893903907228e-17,3.320738237867136e+20,128.23231474565907,1.4531498134092317e+17,-13.722773782844333,6.086468424162708e+20,97.99806676280495
-0.015999999999999945,6.938893903907228e-17,4.5679108645880424e+20,176.8130878112915,6.296654632366106e+17,99.77805340787124,6.518868055012941e+20,136.79095802693053
-0.011999999999999941,6.938893903907228e-17,6.339502283608643e+20,-135.5488122137526,6.103851967010375e+16,-8.949028359183467,6.821262365544942e+20,165.99304292201342
-0.007999999999999938,6.938893903907228e-17,8.296368396937298e+20,-91.18066327194381,6.601342117003195e+17,112.29740333928514,7.997621291697905e+20,174.88337268269242
-0.003999999999999934,6.938893903907228e-17,7.702509139559792e+20,-56.36437149391785,8.930495783635923e+17,-45.41829225542987,1.3397843515731314e+21,173.36074839230912
6.938893903907228e-17,6.938893903907228e-17,6.696560236541268e+17,-12.104855407494709,1.804608961040753e+17,122.20407512218145,1.8299916307670662e+21,175.50844179993138
0.004000000000000073,6.938893903907228e-17,7.701768353431256e+20,123.55623705579502,1.0962056708574469e+18,-70.38658852728393,1.3406109851396164e+21,173.3492741272397
0.008000000000000076,6.938893903907228e-17,8.31676190624626e+20,88.76731660820322,2.487555834368651e+17,80.88291187291601,8.008634202468462e+20,174.88970016730136
0.01200000000000008,6.938893903907228e-17,6.342611811948263e+20,44.42627777746213,8.006468214894817e+17,119.21982279573028,6.824438211999351e+20,166.01988026491682
0.016000000000000084,6.938893903907228e-17,4.560065080853144e+20,-3.1676383843790514,1.0056558499200419e+18,-15.683306456607438,6.504295679466852e+20,136.7694607690834
0.020000000000000087,6.938893903907228e-17,3.3274839680712016e+20,-51.65225240128821,3.4570026454389677e+17,-69.25340694912522,6.08126401446664e+20,97.91959934044756
0.02400000000000009,6.938893903907228e-17,2.4920166491360897e+20,-100.50542218372415,5.786298431048694e+17,41.53548196056252,5.5814588981170484e+20,55.01044390917796
0.028000000000000094,6.938893903907228e-17,1.912458080887432e+20,-149.29954672024294,8.981308990475095e+17,138.37681967701462,5.0983649340613657e+20,10.121245166997543
0.0320000000000001,6.938893903907228e-17,1.5147508640217845e+20,162.05825511935987,1.2939142820060493e+18,-173.18867385437883,4.658006659311097e+20,-35.70148659014611
0.0360000000000001,6.938893903907228e-17,1.2219445002532892e+20,113.83936841570171,4.4140537863479795e+17,7.65552268685394,4.2633758057900966e+20,-82.13392353430618
0.040000000000000105,6.938893903907228e-17,1.0042467113014839e+20,65.15174933935079,8.249471431091948e+17,-96.1228370770939,3.923415114931592e+20,-128.97848676513922
0.04400000000000011,6.938893903907228e-17,8.369573070111793e+19,16.35394484915432,4.3189363658836224e+17,-23.53933693262164,3.622074405280235e+20,-175.9731175298441
0.04800000000000011,6.938893903907228e-17,7.1678359332803035e+19,-32.41236157454713,3.8784674332289574e+17,21.644083284848534,3.3591721229935614e+20,136.81140628992426
0.052000000000000116,6.938893903907228e-17,6.055945716377705e+19,-80.51561654074422,3.519147607017151e+17,60.34794062352811,3.134389535583978e+20,89.3518814903915
0.05600000000000012,6.938893903907228e-17,5.23886871187756e+19,-128.60764938363783,4.209028915948485e+17,89.90974967526779,2.9318847782350078e+20,41.98814153409485
0.06000000000000012,6.938893903907228e-17,4.685268820917895e+19,-175.62168670745663,9.753094725464808e+17,-139.94937046353022,2.7609821436176915e+20,-5.508615148339556
0.06400000000000013,6.938893903907228e-17,3.9855207082544456e+19,135.53974398240126,3.7446729499181677e+17,-108.62565112659783,2.6002362506792383e+20,-53.192679506414976
0.06800000000000013,6.938893903907228e-17,3.6327035249065783e+19,87.70473723190678,1.0323978074728664e+18,-31.78418565066206,2.4569133029239033e+20,-100.94554125387826
0.07200000000000013,6.938893903907228e-17,3.275706127269553e+19,40.49362664218689,3.133944681797585e+17,21.619961224999983,2.337909434875072e+20,-148.8180444018987
0.07600000000000014,6.938893903907228e-17,3.016722217122818e+19,-10.37543059683888,1.4070592243968046e+18,-19.472200541301486,2.2178746552239663e+20,163.65438127605137
-0.08,0.004000000000000073,2.590841390122534e+19,121.60818013991367,1.0804456663174628e+18,-72.63400578141648,2.1063584261581118e+20,114.63762508411864
-0.076,0.004000000000000073,2.948737001768487e+19,169.34601880406422,2.3972649842366833e+18,-16.900246944612668,2.2120800694039724e+20,162.21807337432998
-0.072,0.004000000000000073,3.166468491897723e+19,-142.41328710456352,1.289963812998922e+18,57.15906319363635,2.3293679397243126e+20,-150.07578791664204
-0.06799999999999999,0.004000000000000073,3.651458978406437e+19,-95.48306418841452,2.0012691051371922e+18,92.25242799823914,2.4589124641135198e+20,-102.3656029042955
-0.06399999999999999,0.004000000000000073,4.107151278291185e+19,-46.525187762446265,2.2931641532593462e+18,151.14380126626497,2.586122418575607e+20,-54.70318703706439
-0.059999999999999984,0.004000000000000073,4.5656086438156075e+19,1.8828720253187894,3.6834749263143465e+18,-173.47131205662615,2.7529746353111325e+20,-7.199527131561616
-0.05599999999999998,0.004000000000000073,5.310943364598123e+19,49.117658564796585,3.976617123967778e+18,-114.96092988909672,2.9293274467948298e+20,40.1382287281434
-0.05199999999999998,0.004000000000000073,6.140212219834784e+19,97.89710474351448,4.5308772160760074e+18,-89.7238921277208,3.128170160966159e+20,87.42145022745511
-0.04799999999999997,0.004000000000000073,7.0762407449667944e+19,147.00964820652825,6.493688072075606e+18,-36.67574311110065,3.3575058808099786e+20,134.8219371348657
-0.04399999999999997,0.004000000000000073,8.292884257950597e+19,-165.74600462479117,7.247409724297516e+18,13.856386711249609,3.611172055822945e+20,-178.07372167525867
-0.039999999999999966,0.004000000000000073,9.914484882421503e+19,-116.81749387184072,1.0243476676759953e+19,56.99158945176532,3.898360679783332e+20,-131.24824921188537
-0.03599999999999996,0.004000000000000073,1.201849526385543e+20,-68.81410572699106,1.3180702623476304e+19,111.45427850686687,4.2401485728562145e+20,-84.70293635202108
-0.03199999999999996,0.004000000000000073,1.4826984161710676e+20,-20.80435987657683,1.8902700639285797e+19,158.44582033057054,4.626270574907778e+20,-38.65184857811985
-0.027999999999999955,0.004000000000000073,1.868591891210389e+20,27.25341681835225,2.677397737564209e+19,-152.3243580694914,5.0601144977612997e+20,6.9076362520463075
-0.023999999999999952,0.004000000000000073,2.398331374134336e+20,75.58177370229413,4.0568112000201605e+19,-105.00457856058144,5.542084731901985e+20,51.26236104472678
-0.01999999999999995,0.004000000000000073,3.1678862789838314e+20,123.59459505088336,6.363417410962815e+19,-55.75426014338496,6.028654842902932e+20,93.83254466286112
-0.015999999999999945,0.004000000000000073,4.2538864876644073e+20,170.81237812768933,1.0724166361933057e+20,-9.627566945042226,6.45783544869706e+20,132.3320923825053
-0.011999999999999941,0.004000000000000073,5.716820908367477e+20,-143.07318688151497,1.9082686373542396e+20,36.63013647899818,6.750205644464803e+20,162.37919377369718
-0.007999999999999938,0.004000000000000073,7.076506345790456e+20,-101.22396379584336,3.540156208573916e+20,78.89869992090529,7.476078604166602e+20,174.85351782473376
-0.003999999999999934,0.004000000000000073,6.09456952884689e+20,-68.96855622601558,6.101426364005758e+20,111.03044970162294,1.0586109961766514e+21,173.27192171625998
6.938893903907228e-17,0.004000000000000073,7.89448336661261e+17,-104.35194561007512,7.707858086225872e+20,123.57160709150335,1.3402853452400333e+21,173.33438102854672
0.004000000000000073,0.004000000000000073,6.094152187708178e+20,110.98285963357155,6.08989526571181e+20,111.00691228023753,1.0579006446089095e+21,173.2400645934961
0.008000000000000076,0.004000000000000073,7.072870652258888e+20,78.85224352019921,3.5305575622798665e+20,78.76719086039692,7.470605739671519e+20,174.8319861737118
0.01200000000000008,0.004000000000000073,5.7124108263051985e+20,36.90511162442793,1.9109495722238765e+20,36.958952349930655,6.76017186460861e+20,162.3525175790142
0.016000000000000084,0.004000000000000073,4.2564261443998764e+20,-9.1518823206885,1.0640476763255126e+20,-9.064894627004117,6.462008718858505e+20,132.38761007799403
0.020000000000000087,0.004000000000000073,3.170186144786227e+20,-56.415678359298695,6.238043336893542e+19,-56.43424663987509,6.041439808351325e+20,93.73887367283024
0.02400000000000009,0.004000000000000073,2.3994477690196283e+20,-104.66820759659254,3.922117300077047e+19,-103.77051268843398,5.5420963047676084e+20,51.31982304317156
0.028000000000000094,0.004000000000000073,1.8610228886428864e+20,-152.74109869153204,2.636155804176781e+19,-151.50698770781113,5.065567053164303e+20,6.968120556856531
0.0320000000000001,0.004000000000000073,1.4798143876272574e+20,159.2759405072028,1.9024552523634217e+19,157.92820476020404,4.625089529882566e+20,-38.56790277273065
0.0360000000000001,0.004000000000000073,1.2079259622045308e+20,110.82944848252922,1.3562059509116563e+19,110.32404469489703,4.2380692675461474e+20,-84.72349224170705
0.040000000000000105,0.004000000000000073,9.9343068723138e+19,62.75473386084202,9.037673791294239e+18,62.634441412412855,3.901548815124312e+20,-131.28539855483987
0.04400000000000011,0.004000000000000073,8.298428739424844e+19,14.855716961446523,7.591218275090848e+18,11.04170774343888,3.611828456969577e+20,-178.24405905297104
0.04800000000000011,0.004000000000000073,7.1119537109583356e+19,-34.34206770947249,6.227901195867487e+18,-36.70101567299362,3.35731153871279e+20,134.75551548742058
0.052000000000000116,0.004000000000000073,6.110068476252409e+19,-82.14517262691255,4.64381933448676e+18,-80.47266829725231,3.1248559895647414e+20,87.66698894221544
0.05600000000000012,0.004000000000000073,5.263276940011954e+19,-129.37816238708734,4.33931206072111e+18,-134.30785247532816,2.9247341551191566e+20,40.26973085035166
0.06000000000000012,0.004000000000000073,4.577063613681324e+19,-178.68325246758818,2.71701504383291e+18,-178.11976899927578,2.7600874928305976e+20,-7.068688103441398
0.06400000000000013,0.004000000000000073,4.1255177460202004e+19,133.528263755069,2.4865335614627036e+18,127.25690965378321,2.5942364930067163e+20,-54.745398738582544
0.06800000000000013,0.004000000000000073,3.6065147819456434e+19,85.61669627488949,1.353198040561959e+18,72.81668292506689,2.4546334931431578e+20,-102.22114512884579
0.07200000000000013,0.004000000000000073,3.2828286327020065e+19,37.61013253810396,1.547583935563934e+18,39.47367842614517,2.3276718923240292e+20,-149.9026749877735
0.07600000000000014,0.004000000000000073,2.8869071297165558e+19,-9.72660595683837,1.686458416583038e+18,-2.105753614346397,2.2091854317860313e+20,162.57928902247068
-0.08,0.008000000000000076,2.6094218149469934e+19,116.25597651742855,2.554032306683082e+18,-60.77922774644857,2.0931686786555983e+20,110.8605849346385
-0.076,0.008000000000000076,2.9030266975510204e+19,165.30619260077995,3.212962226469859e+18,-20.031094594750158,2.1982940421946442e+20,158.20814395347168
-0.072,0.008000000000000076,3.220373014535578e+19,-145.23684868703435,4.043731533260062e+18,25.94511173608394,2.3096839238718626e+20,-153.8609785486079
-0.06799999999999999,0.008000000000000076,3.599700542756608e+19,-97.39218261491365,4.514587191767661e+18,86.1620816997695,2.4414369905406404e+20,-106.65589289935792
-0.06399999999999999,0.008000000000000076,4.027304144959437e+19,-51.833636110219445,4.895898911578191e+18,127.91816328297784,2.571996181942129e+20,-59.31085728108717
-0.059999999999999984,0.008000000000000076,4.53591980906488e+19,-2.526567845509128,6.565539020074886e+18,178.54035055066112,2.728125231316598e+20,-11.99213169747113
-0.05599999999999998,0.008000000000000076,5.224186602130209e+19,45.511449741178296,7.07316501882496e+18,-138.8056889075984,2.9144002704033337e+20,35.19167919348068
-0.05199999999999998,0.008000000000000076,5.949048504330745e+19,92.57137043584147,9.166948027920041e+18,-86.5513621574437,3.106208341003401e+20,82.25281300873235
-0.04799999999999997,0.008000000000000076,6.766839848606787e+19,140.45224507526908,1.0425156941992083e+19,-36.612371998631,3.330178319338757e+20,128.8956187722715
-0.04399999999999997,0.008000000000000076,7.97402029649832e+19,-172.18783112348748,1.4214022169774053e+19,7.835296135333275,3.581473373045744e+20,175.43956470065805
-0.039999999999999966,0.008000000000000076,9.552581492177994e+19,-124.98389168480307,1.9120606644577976e+19,55.01574377861398,3.8601227333276664e+20,-138.21689117494324
-0.03599999999999996,0.008000000000000076,1.1414063371661677e+20,-76.480402437825,2.4964696455687057e+19,103.71650324326679,4.1873936382103644e+20,-92.37098502738537
-0.03199999999999996,0.008000000000000076,1.3915398151830141e+20,-29.824769329092177,3.507464009038351e+19,149.49810434902287,4.552944495529869e+20,-46.96269875516721
-0.027999999999999955,0.008000000000000076,1.7256842700370746e+20,17.333225213661024,4.938326869913167e+19,-163.11920074508762,4.9656165134415266e+20,-2.6283261519644547
-0.023999999999999952,0.008000000000000076,2.1603267451861117e+20,63.80320161561998,7.191591172866586e+19,-116.09471984724243,5.42148391345592e+20,40.59748685500887
-0.01999999999999995,0.008000000000000076,2.7507892657429106e+20,109.2159896743216,1.1042572511134376e+20,-70.10235721361461,5.902905584487331e+20,81.52366294387583
-0.015999999999999945,0.008000000000000076,3.510434883809293e+20,153.99687614656796,1.754047879301566e+20,-26.001299194356076,6.3184352316596e+20,119.20231051367753
-0.011999999999999941,0.008000000000000076,4.317674331025677e+20,-164.3208967254655,2.883357878632427e+20,15.741476537222413,6.630636004216233e+20,149.96158776103078
-0.007999999999999938,0.008000000000000076,4.735245724553239e+20,-127.75289669657337,4.7395017816883226e+20,52.32711857202909,6.88103571807555e+20,169.25340903029897
-0.003999999999999934,0.008000000000000076,3.5339824349712784e+20,-101.03881258076265,7.072771143101446e+20,78.81817549666742,7.467671390827909e+20,174.89696366399383
6.938893903907228e-17,0.008000000000000076,5.168235207404174e+17,105.10572764433509,8.307947130037005e+20,88.80913304606116,7.99591874593084e+20,174.85159608645964
0.004000000000000073,0.008000000000000076,3.539542733808677e+20,78.90292939739908,7.072782307115181e+20,78.8630953251141,7.467381696491183e+20,174.83747650631204
0.008000000000000076,0.008000000000000076,4.741674583474913e+20,52.25312137340086,4.740973694346249e+20,52.402843834864726,6.883630844373082e+20,169.23639165586889
0.01200000000000008,0.008000000000000076,4.3349619846551346e+20,15.806388758178718,2.883291991173628e+20,15.655610055810186,6.637439696197093e+20,149.99985561961694
0.016000000000000084,0.008000000000000076,3.500204948079016e+20,-26.19914198975935,1.750663545497068e+20,-26.075780003700526,6.315999170693033e+20,119.15923691975387
0.020000000000000087,0.008000000000000076,2.7498432032239383e+20,-70.55383936317794,1.1054225752410014e+20,-70.33692735156959,5.883853735425614e+20,81.68559336750776
0.02400000000000009,0.008000000000000076,2.1577343977255564e+20,-116.46389814521478,7.2673860838253765e+19,-116.5799351228231,5.423600626502266e+20,40.51460435270031
0.028000000000000094,0.008000000000000076,1.7210348117449346e+20,-162.97411477932692,4.897838061175536e+19,-163.27807951926368,4.954555976515548e+20,-2.6016013817515686
0.0320000000000001,0.008000000000000076,1.3857716868477346e+20,150.01452664856453,3.506388510476037e+19,149.86505689384276,4.559239439703928e+20,-46.96012100086043
0.0360000000000001,0.008000000000000076,1.147419441894169e+20,102.72107603200062,2.5125827598095516e+19,102.43187606988953,4.1798369890387965e+20,-92.43730342478861
0.040000000000000105,0.008000000000000076,9.537616213103472e+19,55.690265430461096,1.893023158667704e+19,57.6207377991718,3.857506528308925e+20,-138.25893316578598
0.04400000000000011,0.008000000000000076,8.119822601792494e+19,8.158307340360986,1.4466420465290244e+19,8.967166550151102,3.5816354508276256e+20,175.46944059345813
0.04800000000000011,0.008000000000000076,6.8718953747279725e+19,-38.445618913989414,1.1295639270190862e+19,-41.226178802860666,3.3200794152646404e+20,129.0023645539277
0.052000000000000116,0.008000000000000076,5.8823676789077385e+19,-87.73646604674282,8.852374985501156e+18,-85.1078326546595,3.1034982368839716e+20,82.10262106306246
0.05600000000000012,0.008000000000000076,5.045418977596253e+19,-135.48463319263925,7.729144382799148e+18,-144.82942799108756,2.9137711047266478e+20,35.151564841918066
0.06000000000000012,0.008000000000000076,4.52918181395508e+19,178.34385962404363,5.487450319905693e+18,-170.44444398628775,2.7316209555954113e+20,-11.941817630721973
0.06400000000000013,0.008000000000000076,4.06537623646308e+19,128.44298723853007,4.96162575019588e+18,127.59936858509211,2.5737803005675953e+20,-59.20473662293029
0.06800000000000013,0.008000000000000076,3.5069917469746827e+19,80.42301775714266,3.8985055602357325e+18,77.56220674305825,2.4410937955733858e+20,-106.51940968626042
0.07200000000000013,0.008000000000000076,3.215301745556298e+19,34.782301409729946,3.3981481817168287e+18,27.24624867344454,2.3080184195677448e+20,-154.0707044211166
0.07600000000000014,0.008000000000000076,2.903103038550302e+19,-12.006245975993142,2.421290256650498e+18,1.849091750582015,2.2042645528039427e+20,158.69465981094268
-0.08,0.01200000000000008,2.4946629904184537e+19,111.89399517591072,3.107293919488212e+18,-62.91006705274201,2.0836943048240058e+20,105.07833282897
-0.076,0.01200000000000008,2.868651753040145e+19,158.31510485931312,4.556759176528947e+18,-18.670548892676866,2.1888827694420473e+20,152.42585150886063
-0.072,0.01200000000000008,3.15611112400871e+19,-152.79489151810134,5.55175609029334e+18,27.198062107166475,2.2991058195058118e+20,-160.6514072066784
-0.06799999999999999,0.01200000000000008,3.538854047356371e+19,-105.09523470145794,6.260676466553731e+18,77.39474379432694,2.4165731950896395e+20,-113.61835925739888
-0.06399999999999999,0.01200000000000008,3.9555887796546765e+19,-58.36346094200954,7.748830525755441e+18,118.77472160840605,2.5502067518814935e+20,-66.70171940263492
-0.059999999999999984,0.01200000000000008,4.383026537466836e+19,-10.880367285706077,9.329370532740164e+18,165.36511032275797,2.7060610832032796e+20,-19.673024358803477
-0.05599999999999998,0.01200000000000008,4.973328974025051e+19,36.89740241685593,1.0378987346123581e+19,-144.8806472543414,2.8784341784607297e+20,26.654992895630897
-0.05199999999999998,0.01200000000000008,5.680807564940572e+19,83.24923582454547,1.3073755099418356e+19,-94.91651364389698,3.055843221289598e+20,73.12643708191453
-0.04799999999999997,0.01200000000000008,6.519327521817379e+19,131.05529467345468,1.6261084149167747e+19,-47.374355403743515,3.2751096135895345e+20,119.32621267741081
-0.04399999999999997,0.01200000000000008,7.542752598663088e+19,177.7503357923393,2.1582774837576024e+19,-1.87302954284438,3.5115942394165985e+20,165.11399718876797
-0.039999999999999966,0.01200000000000008,8.784551145034824e+19,-135.76256433125732,2.7307552696353083e+19,44.28290482351094,3.783927376038657e+20,-149.62860932898667
-0.03599999999999996,0.01200000000000008,1.0590579228748728e+20,-89.90279575568442,3.4690920640881754e+19,89.16965314661503,4.0785048536498595e+20,-104.87479634968028
-0.03199999999999996,0.01200000000000008,1.2639907067670194e+20,-44.2578185629757,4.811066040614153e+19,136.27223110871347,4.4413485099388345e+20,-60.8682292770586
-0.027999999999999955,0.01200000000000008,1.510390170217429e+20,0.8625703028500341,6.483754117356332e+19,-178.9233281732916,4.815744311502489e+20,-17.96312899006024
-0.023999999999999952,0.01200000000000008,1.8429643606687305e+20,45.01134636987369,9.190355253969507e+19,-134.8358548990632,5.23402547667232e+20,23.381371151644853
-0.01999999999999995,0.01200000000000008,2.229357524555783e+20,87.49312046667548,1.3435045644587747e+20,-92.67824327440512,5.665683988939391e+20,62.39487559706932
-0.015999999999999945,0.01200000000000008,2.658076913968138e+20,128.29000713053833,1.9883585646701e+20,-51.66043984503371,6.072645387476548e+20,97.96346085559829
-0.011999999999999941,0.01200000000000008,2.992695813132767e+20,165.23876976569878,2.988776535661072e+20,-14.934768974717175,6.41958953929621e+20,127.90414694951403
-0.007999999999999938,0.01200000000000008,2.8830612086838228e+20,-164.35374565504253,4.321562874598568e+20,15.723944864370388,6.63080233198625e+20,150.04201724522363
-0.003999999999999934,0.01200000000000008,1.905487729787305e+20,-143.21202311024248,5.716583087904796e+20,36.83634998404424,6.762763488089679e+20,162.40594630495696
6.938893903907228e-17,0.01200000000000008,2.2063445300108637e+17,-46.76288650762102,6.355461241553271e+20,44.41964808826796,6.821375097045196e+20,165.9958326401673
0.004000000000000073,0.01200000000000008,1.9018025658240644e+20,36.803479657724765,5.71836093109155e+20,36.85539737245553,6.754458713638509e+20,162.36080294885298
0.008000000000000076,0.01200000000000008,2.8923740506993168e+20,15.705343622596468,4.324690369164466e+20,15.75843600774657,6.629185870484802e+20,150.03939964283353
0.01200000000000008,0.01200000000000008,2.980173938855373e+20,-14.866938445220589,2.984596035113949e+20,-14.935666084519054,6.423488231559911e+20,127.98029515880422
0.016000000000000084,0.01200000000000008,2.6579375915432726e+20,-51.70488087931027,1.9986148176572894e+20,-51.79235267457705,6.080804755785136e+20,97.83461892479914
0.020000000000000087,0.01200000000000008,2.23365026668439e+20,-92.26904279258498,1.351663841428209e+20,-92.00446171431287,5.672053552624665e+20,62.375292347483054
0.02400000000000009,0.01200000000000008,1.849309513899521e+20,-134.94769408154383,9.20709946116246e+19,-134.58761104767817,5.239064698755955e+20,23.37311318434953
0.028000000000000094,0.01200000000000008,1.520739322137083e+20,-179.06356224789073,6.594280200746016e+19,-179.03654899267212,4.815842457952505e+20,-18.048553543582695
0.0320000000000001,0.01200000000000008,1.260030488905781e+20,135.99703878957519,4.7074174841497666e+19,136.82372552073932,4.434366944936415e+20,-60.842312508367776
0.0360000000000001,0.01200000000000008,1.0485439512430972e+20,90.20159920999647,3.5507105925552255e+19,89.3141611700402,4.0857366342741315e+20,-104.8893438866222
0.040000000000000105,0.01200000000000008,8.909245763360206e+19,43.925008905572746,2.682580721134039e+19,44.85766778368411,3.791010762173861e+20,-149.59540011015343
0.04400000000000011,0.01200000000000008,7.62611879845163e+19,-2.8023864781817456,2.0253803044886385e+19,-1.4821650875016334,3.514342995107692e+20,165.1121468807823
0.04800000000000011,0.01200000000000008,6.504557350640853e+19,-49.77735204467125,1.5964794647784786e+19,-50.800172557646775,3.270969374771653e+20,119.22159030879058
0.052000000000000116,0.01200000000000008,5.658679335770521e+19,-96.91070717793095,1.3896594061809623e+19,-99.14506352517618,3.064128782386653e+20,73.25013792088774
0.05600000000000012,0.01200000000000008,4.973963611354256e+19,-142.67227511329642,1.1664425808497668e+19,-143.3974359573123,2.8765654576931802e+20,26.962582932365287
0.06000000000000012,0.01200000000000008,4.4806160550200476e+19,169.96361558186294,9.284837493449968e+18,169.95989942969177,2.717158219237332e+20,-19.9033054421025
0.06400000000000013,0.01200000000000008,3.929119390235877e+19,122.00619945544068,6.915273868030076e+18,118.51370618195052,2.5613803564163796e+20,-66.78384807022913
0.06800000000000013,0.01200000000000008,3.479931845735751e+19,73.03535468625854,6.519973693829018e+18,78.12594595672702,2.4179840086773033e+20,-113.28276539141766
0.07200000000000013,0.01200000000000008,3.07623579310167e+19,26.782970688072147,5.380168914475919e+18,22.109195070780025,2.306949044203728e+20,-160.17695233737544
0.07600000000000014,0.01200000000000008,2.816531020108397e+19,-20.680475501238515,4.4950898354789985e+18,-25.146746847100186,2.190483566519726e+20,152.31578598824004
-0.08,0.016000000000000084,2.491810408061891e+19,106.67823825278099,5.161324539346988e+18,-87.36341985596613,2.0687010862197657e+20,96.95779899270292
-0.076,0.016000000000000084,2.7699046159787282e+19,149.17811715862686,6.48590339801958e+18,-34.274072000589385,2.1757121886890364e+20,143.48120352413042
-0.072,0.016000000000000084,2.9958832683223544e+19,-162.0416745965699,6.974335171916988e+18,15.815552311776642,2.2789385573825462e+20,-169.5385281829207
-0.06799999999999999,0.016000000000000084,3.276228906487016e+19,-115.2204246201701,7.571659588407752e+18,64.40520427964493,2.3987401275362437e+20,-123.03198152121233
-0.06399999999999999,0.016000000000000084,3.71610215063711e+19,-67.9801036044726,8.531613074261983e+18,113.06615661947484,2.5274795134504953e+20,-76.72274492424381
-0.059999999999999984,0.016000000000000084,4.1802824706054275e+19,-21.549450362884315,1.0648781831104571e+19,160.01932892616102,2.6725774502986727e+20,-30.545172222852116
-0.05599999999999998,0.016000000000000084,4.7635715908074136e+19,24.566073219406743,1.3426574186933887e+19,-155.06250287819952,2.8405470492154033e+20,15.42013262765681
-0.05199999999999998,0.016000000000000084,5.361782180131688e+19,71.71844866399672,1.6932140273903843e+19,-107.23445123857988,3.0083590804900354e+20,60.98301353728827
-0.04799999999999997,0.016000000000000084,6.108147936696296e+19,117.30966520071158,1.9915010722233025e+19,-61.59707462486869,3.222212243519687e+20,105.92345753948445
-0.04399999999999997,0.016000000000000084,7.055336972930012e+19,162.83852848573608,2.593434153352879e+19,-15.78399772721569,3.4466852225318525e+20,150.7863298728886
-0.039999999999999966,0.016000000000000084,8.150166883739556e+19,-151.8607038033549,3.3087245368691646e+19,28.189879140933666,3.6847151256283814e+20,-165.23199250056567
-0.03599999999999996,0.016000000000000084,9.479714144626015e+19,-107.6779568488743,4.173417014905531e+19,73.14448239600002,3.9731703135672684e+20,-121.69659340005697
-0.03199999999999996,0.016000000000000084,1.1059052535932492e+20,-63.712024641416136,5.611876533559087e+19,116.01177492982848,4.2778697361644906e+20,-79.46000514852715
-0.027999999999999955,0.016000000000000084,1.2954595573381752e+20,-20.98641650386172,7.323992850460174e+19,158.9499322958785,4.6267692165584165e+20,-38.57220437782821
-0.023999999999999952,0.016000000000000084,1.5132519377072354e+20,20.530223481198906,1.0099040364323406e+20,-159.25702656252554,4.9991611511652116e+20,0.5061274035287795
-0.01999999999999995,0.016000000000000084,1.7342080701234014e+20,59.872339598246995,1.3948901557251685e+20,-120.18108080870635,5.385161637970411e+20,37.14437321795544
-0.015999999999999945,0.016000000000000084,1.9392086097114215e+20,96.18647166555384,1.9384761139992776e+20,-83.62339343846841,5.751151170093645e+20,69.95773787552285
-0.011999999999999941,0.016000000000000084,1.9883640770630484e+20,128.2402968916187,2.6698155362810275e+20,-51.80670712202745,6.084991373362064e+20,97.96500984885007
-0.007999999999999938,0.016000000000000084,1.7547816823741425e+20,153.87464113026311,3.503205382730008e+20,-26.054850288516597,6.329389953501843e+20,119.12358215445795
-0.003999999999999934,0.016000000000000084,1.0582268841558532e+20,171.34823021129867,4.257827114511016e+20,-9.133866744795645,6.475114602057565e+20,132.2745972623507
6.938893903907228e-17,0.016000000000000084,8.744336817599882e+17,71.85966299399114,4.556802433084418e+20,-3.2569446566945413,6.501090207197452e+20,136.84380438571142
0.004000000000000073,0.016000000000000084,1.0682428060353811e+20,-8.942729069579567,4.2632003418754384e+20,-9.065428507627013,6.462504328798372e+20,132.39611903302261
0.008000000000000076,0.016000000000000084,1.7536095232862342e+20,-26.435821061447566,3.513967191082998e+20,-26.149888196083033,6.330128883799173e+20,119.18117745422444
0.01200000000000008,0.016000000000000084,1.9946909798382233e+20,-51.730859723330894,2.665352086862723e+20,-51.71929646205636,6.080828966773821e+20,97.91286599389603
0.016000000000000084,0.016000000000000084,1.933855474102679e+20,-83.74687370991757,1.9365557537053262e+20,-83.87868131056271,5.7625594841615886e+20,69.98469494481628
0.020000000000000087,0.016000000000000084,1.7415279938965042e+20,-120.27347975404457,1.3915356409802164e+20,-120.09956826822057,5.378559513967538e+20,37.10310199521299
0.02400000000000009,0.016000000000000084,1.5151226904323477e+20,-159.60137142931555,1.0165106780334313e+20,-159.42747630413191,4.997994686315202e+20,0.5178096472669765
0.028000000000000094,0.016000000000000084,1.2937682508025415e+20,158.91820223182756,7.346877042457258e+19,158.77642685881426,4.6239749692744296e+20,-38.55737310080507
0.0320000000000001,0.016000000000000084,1.1065451849263471e+20,116.1178898222427,5.382755048264318e+19,116.70877021773896,4.285739935421713e+20,-79.56115506084262
0.0360000000000001,0.016000000000000084,9.40309006130401e+19,72.05417355076733,4.188208509617186e+19,71.41024409854722,3.9695749795406086e+20,-121.68760809748011
0.040000000000000105,0.016000000000000084,8.133299666484524e+19,28.113183951375188,3.2327702080180617e+19,28.59259096989409,3.69349028444698e+20,-165.23287768907676
0.04400000000000011,0.016000000000000084,7.088636236173328e+19,-17.426479105744498,2.5529906407340966e+19,-18.062198612477786,3.443283269921609e+20,150.57275081508098
0.04800000000000011,0.016000000000000084,6.2262514046577525e+19,-63.26489569393977,1.9955074546478838e+19,-62.13023899896411,3.2149928992888914e+20,106.03594735152608
0.052000000000000116,0.016000000000000084,5.410692987457438e+19,-109.638335699942,1.6267778490521805e+19,-105.3040938833737,3.0194673567928386e+20,60.920524545106055
0.05600000000000012,0.016000000000000084,4.710880805135852e+19,-155.08575405568527,1.3440405187659432e+19,-157.14345581536176,2.8293936681905213e+20,15.414888124708485
0.06000000000000012,0.016000000000000084,4.240917017034972e+19,158.5144360407401,1.1147428265462116e+19,156.0553721288007,2.6697159090503005e+20,-30.79511415890463
0.06400000000000013,0.016000000000000084,3.7785225935112995e+19,111.52055967645397,9.521186865693948e+18,108.74631672670345,2.528650826822964e+20,-76.67107523632782
0.06800000000000013,0.016000000000000084,3.4236787646558855e+19,64.85784157179141,7.601537515134763e+18,57.65183324833399,2.393657540706706e+20,-123.10856694327332
0.07200000000000013,0.016000000000000084,3.0260882395385676e+19,18.529738740320372,6.443861030478045e+18,23.187080346044652,2.276199015969554e+20,-169.6577297105751
0.07600000000000014,0.016000000000000084,2.752203390995736e+19,-29.27182369540858,5.736144028368091e+18,-36.81756693381377,2.1657788985867144e+20,143.6661240959723
-0.08,0.020000000000000087,2.420420143453025e+19,93.80805418955399,6.308724118869429e+18,-87.51124100337792,2.0504255020423915e+20,86.54498613926202
-0.076,0.020000000000000087,2.6234994825894773e+19,139.25272606970353,7.269250374117447e+18,-36.22463418965114,2.14148254900333e+20,132.78507037149265
-0.072,0.020000000000000087,2.910791877956211e+19,-173.3274611495912,8.70657336988458e+18,6.726197991940403,2.2438358331711675e+20,179.04368031473933
-0.06799999999999999,0.020000000000000087,3.184551553668077e+19,-126.89218783726353,9.590359455679838e+18,52.5980863811044,2.3569900540217708e+20,-135.21586582110953
-0.06399999999999999,0.020000000000000087,3.59268755354972e+19,-80.50589417366845,1.0740986778299236e+19,96.61656681859371,2.483451023859319e+20,-89.56152822901534
-0.059999999999999984,0.020000000000000087,4.0175304885993144e+19,-36.168601040041075,1.2096847259677735e+19,141.84361814259574,2.6328178535839305e+20,-44.15035696899054
-0.05599999999999998,0.020000000000000087,4.543636141869564e+19,10.389506641218695,1.649732617241499e+19,-167.3620290763031,2.789428947947463e+20,0.466061619918199
-0.05199999999999998,0.020000000000000087,5.03106715457553e+19,55.16361137505447,1.941395469673977e+19,-125.18251796952335,2.945741211288833e+20,45.3153796245505
-0.04799999999999997,0.020000000000000087,5.698218119725066e+19,100.73422719775424,2.4236749797537178e+19,-77.36143469177512,3.134107851589425e+20,89.55178930627424
-0.04399999999999997,0.020000000000000087,6.4483117995952456e+19,144.92569504029038,2.892097113314216e+19,-35.71735509487685,3.3403299693690946e+20,132.7422557511603
-0.039999999999999966,0.020000000000000087,7.335486152906126e+19,-172.12954058492653,3.652715182420648e+19,7.776842979456771,3.5720548426472764e+20,175.5260864860376
-0.03599999999999996,0.020000000000000087,8.329102757221304e+19,-129.061788463357,4.58497924474975e+19,50.55265741036745,3.829964893283632e+20,-142.9167304312397
-0.03199999999999996,0.020000000000000087,9.505724125263351e+19,-87.51074720654084,5.950206132480028e+19,92.265643308252,4.109923104017295e+20,-102.40727203144945
-0.027999999999999955,0.020000000000000087,1.0751990890302395e+20,-46.96247244318627,7.751008910184471e+19,133.46656314243086,4.41988484461308e+20,-63.51899078234137
-0.023999999999999952,0.020000000000000087,1.2064065232408276e+20,-8.549134339742457,1.0074897312040932e+20,170.41965880405283,4.731730519510421e+20,-26.895977489614946
-0.01999999999999995,0.020000000000000087,1.3268377331441441e+20,27.606380201944123,1.3327889738277477e+20,-153.18477062053324,5.0696361615606684e+20,6.996730682420199
-0.015999999999999945,0.020000000000000087,1.3908049345944252e+20,59.98084818638567,1.7380321093161035e+20,-120.17388148043406,5.388553701403381e+20,37.100767173464895
-0.011999999999999941,0.020000000000000087,1.3467738679498672e+20,88.1012523475017,2.239502248763663e+20,-92.41259509380302,5.6591784986194005e+20,62.39303001273343
-0.007999999999999938,0.020000000000000087,1.0984797998484578e+20,109.19195525566057,2.754514602139279e+20,-70.44810599022942,5.894827413604967e+20,81.62753239192814
-0.003999999999999934,0.020000000000000087,6.264553884609331e+19,123.5282177770544,3.16508578976588e+20,-56.57551597942644,6.029112833325657e+20,93.86182071266735
6.938893903907228e-17,0.020000000000000087,3.14359755948857e+17,-52.986865297383865,3.322325758350899e+20,-51.84133510192605,6.087838923379122e+20,97.87194436890991
0.004000000000000073,0.020000000000000087,6.323136373888103e+19,-57.35204671141191,3.1662065163003095e+20,-56.416413083038776,6.041486728032923e+20,93.81228879020918
0.008000000000000076,0.020000000000000087,1.1070006259774192e+20,-70.38652628007236,2.7542011224626132e+20,-70.54465368747282,5.900079956971372e+20,81.77543149140689
0.01200000000000008,0.020000000000000087,1.3339139166012955e+20,-92.2272963997729,2.2403546085641617e+20,-92.34439827937902,5.660451200333233e+20,62.40322091859124
0.016000000000000084,0.020000000000000087,1.3959198642895467e+20,-120.72390481021607,1.740795433465417e+20,-119.8225544759918,5.382950243430238e+20,37.05875145185694
0.020000000000000087,0.020000000000000087,1.3292518414397424e+20,-152.515232111816,1.3435729250212754e+20,-152.6059770447904,5.072696062403497e+20,6.945555203439432
0.02400000000000009,0.020000000000000087,1.2237950285195782e+20,171.50217771218144,1.0050351358262783e+20,171.42438158965825,4.737862177403468e+20,-27.026715748357866
0.028000000000000094,0.020000000000000087,1.0889784442181966e+20,132.77495049951736,7.795104193023382e+19,133.18248395410134,4.414690192825527e+20,-63.63443499603598
0.0320000000000001,0.020000000000000087,9.527332068920712e+19,93.15428328866193,5.921236055904556e+19,92.70796177282432,4.1108202004520416e+20,-102.36728910590487
0.0360000000000001,0.020000000000000087,8.417715241729465e+19,50.72245856398645,4.563448219931161e+19,51.10401272144281,3.8297961380980693e+20,-142.77279561556267
0.040000000000000105,0.020000000000000087,7.329842175649408e+19,8.325262465684471,3.679327996937738e+19,10.498244358508833,3.5624373191998046e+20,175.6114582635101
0.04400000000000011,0.020000000000000087,6.322340973829392e+19,-35.70958453223226,2.9415687625984336e+19,-36.73275740630613,3.34277472062044e+20,132.76793149005576
0.04800000000000011,0.020000000000000087,5.634283570528868e+19,-81.07384388162066,2.3879346353987502e+19,-80.93317614623236,3.131304627283027e+20,89.32872990498724
0.052000000000000116,0.020000000000000087,5.018793717962002e+19,-126.31471733099468,1.8834417392831984e+19,-125.20836883445018,2.955644274942066e+20,45.308558241525745
0.05600000000000012,0.020000000000000087,4.5188253516305695e+19,-171.17945402963835,1.6186415434248485e+19,-167.89370573644746,2.7727481376801627e+20,0.6959730045500845
0.06000000000000012,0.020000000000000087,3.9549181036668305e+19,144.63822215526048,1.2653904642811544e+19,147.4812856241648,2.6312643935964358e+20,-44.31083124220187
0.06400000000000013,0.020000000000000087,3.5595599279758418e+19,98.87642060915032,1.0967204777302686e+19,94.39100857558883,2.498237619593558e+20,-89.84923748558768
0.06800000000000013,0.020000000000000087,3.183863121575507e+19,52.39136188586671,9.685535950340497e+18,55.346521019348174,2.3620716018310116e+20,-135.20404941324642
0.07200000000000013,0.020000000000000087,2.890947896084658e+19,5.914072558178683,8.082727058862414e+18,2.5224751111026786,2.2348132610102166e+20,178.77906567743625
0.07600000000000014,0.020000000000000087,2.700455799265773e+19,-40.85816164643975,7.295699241840326e+18,-37.35331419174254,2.153440222455332e+20,132.8537855282648
-0.08,0.02400000000000009,2.3268089357533704e+19,80.91768457933583,6.629792054352833e+18,-104.72777144162663,2.0225250231007107e+20,73.79205349637017
-0.076,0.02400000000000009,2.5716704802612543e+19,126.1869685201795,8.544276173585814e+18,-49.77452201929238,2.117936821488313e+20,119.28977977121762
-0.072,0.02400000000000009,2.8387829835187356e+19,173.02094434683949,8.665856948605861e+18,-5.883588298884665,2.218452727727189e+20,164.6774057892314
-0.06799999999999999,0.02400000000000009,3.0055697282510467e+19,-143.01057032161324,1.181507823417612e+19,31.66756263273047,2.3226411313764945e+20,-150.00950431560656
-0.06399999999999999,0.02400000000000009,3.4445035458135884e+19,-97.44458576634683,1.1963819699101886e+19,84.02762218500278,2.4392473345131158e+20,-105.18241026395198
-0.059999999999999984,0.02400000000000009,3.764649098623019e+19,-51.009508806628055,1.5716867376204552e+19,130.26756463486055,2.5782129311218532e+20,-60.62154015401628
-0.05599999999999998,0.02400000000000009,4.058659168920586e+19,-7.556517502421303,1.8449888736606077e+19,175.15365110529922,2.7111380043650345e+20,-16.827698115425665
-0.05199999999999998,0.02400000000000009,4.595612517602855e+19,37.07561339911801,2.169222854032822e+19,-140.52493713993468,2.868117782547535e+20,26.87193540678128
-0.04799999999999997,0.02400000000000009,5.194179758433203e+19,78.71930067337479,2.6151618979495997e+19,-98.61637875088945,3.058936956206199e+20,69.66875448642398
-0.04399999999999997,0.02400000000000009,5.77253519387802e+19,122.99647361091328,3.0560980529842344e+19,-57.31234002585631,3.241763167396472e+20,111.69099678538065
-0.039999999999999966,0.02400000000000009,6.478624413422823e+19,164.75172943782815,3.809889210594936e+19,-14.282233395155846,3.453708915660423e+20,152.80335853150746
-0.03599999999999996,0.02400000000000009,7.2809539515568824e+19,-154.7896076395146,4.7313091760495124e+19,25.298032745706188,3.672583418873349e+20,-167.29276894087513
-0.03199999999999996,0.02400000000000009,8.072652922307027e+19,-114.69601603267627,6.076722649824012e+19,65.17895660679316,3.9173700823835974e+20,-128.9468288088228
-0.027999999999999955,0.02400000000000009,8.769947390708636e+19,-77.1845469484768,7.618459794610654e+19,103.52306703884041,4.1848864429918604e+20,-92.37530265307149
-0.023999999999999952,0.02400000000000009,9.696744117098806e+19,-41.500554194809894,9.656344820915397e+19,138.71104324915007,4.4548226978264764e+20,-58.215572825068556
-0.01999999999999995,0.02400000000000009,1.010322450463097e+20,-8.397130654950573,1.2136678928381713e+20,171.08237911146213,4.740405506554808e+20,-26.933681386980656
-0.015999999999999945,0.02400000000000009,1.0051177860119932e+20,20.948260372225555,1.5138724403052e+20,-159.3628744643553,4.9958439792368884e+20,0.5881772396614456
-0.011999999999999941,0.02400000000000009,9.217309140002939e+19,45.01642060911758,1.8488765266160488e+20,-134.7003131515682,5.2294735550906545e+20,23.285312589253746
-0.007999999999999938,0.02400000000000009,7.187029541591066e+19,63.1173878421397,2.164827148233889e+20,-116.32494470517554,5.4215039609542056e+20,40.67874874365597
-0.003999999999999934,0.02400000000000009,3.966096747542212e+19,74.73343060605636,2.398794794834006e+20,-104.59513588857253,5.542525994461864e+20,51.340157893990195
6.938893903907228e-17,0.02400000000000009,1.0377632560708622e+18,71.20969117940066,2.495204190691775e+20,-100.39136029574865,5.583167893333989e+20,54.90305354091939
0.004000000000000073,0.02400000000000009,4.049146146027525e+19,-105.84365762087174,2.4010217384309844e+20,-104.53382317421378,5.534548665691187e+20,51.2907427050879
0.008000000000000076,0.02400000000000009,7.205997640542693e+19,-116.17994065180004,2.1663645410752365e+20,-116.49564392099903,5.4173142236250584e+20,40.55415922643695
0.01200000000000008,0.02400000000000009,9.192418671336994e+19,-134.60528639861246,1.8404898485216592e+20,-135.0409051219153,5.237461708451271e+20,23.357102794025263
0.016000000000000084,0.02400000000000009,1.0114536856566571e+20,-159.46526495674522,1.510711747909065e+20,-159.40547517828628,4.993516319617459e+20,0.5875311670155051
0.020000000000000087,0.02400000000000009,1.009888420277673e+20,171.31409339726656,1.2173539873683361e+20,171.31339797842796,4.736307215035932e+20,-26.95543566008922
0.02400000000000009,0.02400000000000009,9.571752215388085e+19,138.45306930207838,9.69926836282143e+19,138.27909443132842,4.461364765860228e+20,-58.078456273178936
0.028000000000000094,0.02400000000000009,8.873324069998603e+19,102.83905656999617,7.580759339649168e+19,102.78121468127577,4.178583405176367e+20,-92.36615083821704
0.0320000000000001,0.02400000000000009,8.054180119864146e+19,65.3698418012633,6.1551117206394585e+19,65.083555706468,3.9238048984217616e+20,-128.89352644146095
0.0360000000000001,0.02400000000000009,7.1876920247179305e+19,25.362878332249274,4.838905198561865e+19,25.8635323973074,3.6762526043199124e+20,-167.35167930758004
0.040000000000000105,0.02400000000000009,6.51413443398043e+19,-14.722937625593548,3.8912231447202234e+19,-14.155891305552647,3.453865207569834e+20,152.69835675824396
0.04400000000000011,0.02400000000000009,5.804405297870107e+19,-57.52183812851496,3.2464696275051164e+19,-58.04644195398099,3.2371874808514386e+20,111.70818056852818
0.04800000000000011,0.02400000000000009,5.230098735965579e+19,-99.94129214880142,2.5134664732916736e+19,-100.93858028949032,3.0535652780382834e+20,69.43466172597992
0.052000000000000116,0.02400000000000009,4.5927286509750895e+19,-143.88192331441908,2.1311159806917595e+19,-143.9103783020309,2.868790940468833e+20,26.697822788489532
0.05600000000000012,0.02400000000000009,4.122593160816744e+19,172.3684786274509,1.7314454180124848e+19,171.79922951129566,2.7222646901467352e+20,-16.66391775590363
0.06000000000000012,0.02400000000000009,3.838504466474733e+19,127.49192827285441,1.5353359108768735e+19,129.68347792563426,2.572355963635394e+20,-60.74688553847778
0.06400000000000013,0.02400000000000009,3.413795643217352e+19,81.27496731308058,1.1946590985214245e+19,87.40260593002014,2.4480943609348814e+20,-105.1741444720152
0.06800000000000013,0.02400000000000009,3.0822724430728344e+19,38.38527133127124,1.1045835374989816e+19,34.771359666413915,2.322983230215431e+20,-149.90010884672057
0.07200000000000013,0.02400000000000009,2.8190998983349797e+19,-8.002601491936304,8.979013342715384e+18,-3.9871168078983628,2.212776535039161e+20,164.88671947111524
0.07600000000000014,0.02400000000000009,2.449395253491204e+19,-53.13473161235121,8.885408050787024e+18,-49.43596825008977,2.1198204371081347e+20,119.30926802042681
-0.08,0.028000000000000094,2.2233005906693075e+19,63.55127306483924,7.947243336514748e+18,-113.5456011338476,1.994252860032147e+20,58.752267613200615
-0.076,0.028000000000000094,2.5061273956226347e+19,112.72202537858709,9.358558858709492e+18,-65.29395123138669,2.0821146533119767e+20,104.07052877805212
-0.072,0.028000000000000094,2.5654153380589175e+19,156.07466853279863,9.897089606697556e+18,-27.010931523254147,2.1755725667643838e+20,148.5513786794464
-0.06799999999999999,0.028000000000000094,2.944721787734558e+19,-158.9642587711033,1.2060108368301296e+19,20.721969926003823,2.285292517188923e+20,-167.0917906433867
-0.06399999999999999,0.028000000000000094,3.221807973324581e+19,-115.16933657974248,1.310885691887281e+19,70.07764653486525,2.3905065626289842e+20,-123.07892123304234
-0.059999999999999984,0.028000000000000094,3.439355461678996e+19,-71.77917222457896,1.6623042023758545e+19,105.73103441059527,2.5157101887125822e+20,-79.94087569081383
-0.05599999999999998,0.028000000000000094,3.801990521405682e+19,-26.41937362627548,1.9511079424057467e+19,152.98100211280592,2.6471535300142442e+20,-36.799907138572934
-0.05199999999999998,0.028000000000000094,4.259062956203612e+19,15.06376657044673,2.3081081438112862e+19,-163.3159457775882,2.808195996214753e+20,5.426329100036634
-0.04799999999999997,0.028000000000000094,4.617344254089517e+19,56.84633595391353,2.700199705828295e+19,-122.22125730254717,2.955615875820229e+20,47.182561288431685
-0.04399999999999997,0.028000000000000094,5.253487240515489e+19,98.16902241074202,3.2650687770795733e+19,-81.84658088611314,3.133127270551909e+20,87.5467898404566
-0.039999999999999966,0.028000000000000094,5.715968096711672e+19,138.55960243899295,3.897489283435476e+19,-41.213989904484905,3.311361049901913e+20,126.94982569363714
-0.03599999999999996,0.028000000000000094,6.165041234061446e+19,177.2768973855692,4.901199647858066e+19,-2.3426834841622286,3.5194602049841955e+20,165.04772693627598
-0.03199999999999996,0.028000000000000094,6.794479125919067e+19,-146.27736379874102,5.9865542176763036e+19,34.478297235388084,3.722232488182454e+20,-158.64622072730205
-0.027999999999999955,0.028000000000000094,7.2502428310078145e+19,-110.12573644418025,7.2190445121613234e+19,70.68890927794227,3.960102843767052e+20,-124.25656746172132
-0.023999999999999952,0.028000000000000094,7.550229641786919e+19,-76.92337729746258,8.984769899642148e+19,102.5657268358811,4.194550171371837e+20,-92.4031951443556
-0.01999999999999995,0.028000000000000094,7.750084905760052e+19,-47.08058930577696,1.0773415433602636e+20,132.7506348498989,4.402372221322235e+20,-63.504682207518414
-0.015999999999999945,0.028000000000000094,7.356963430205032e+19,-19.978026268676313,1.2975947827557651e+20,159.18549400740935,4.6291885011063125e+20,-38.54179326434219
-0.011999999999999941,0.028000000000000094,6.450838853449542e+19,0.4838294937000889,1.5222945168195384e+20,-178.98800263813837,4.811574680311063e+20,-17.932644452514804
-0.007999999999999938,0.028000000000000094,4.870957234447225e+19,16.850750521573733,1.7184845332842312e+20,-162.85963351845285,4.965732359264449e+20,-2.57070394055166
-0.003999999999999934,0.028000000000000094,2.6782286844375904e+19,26.487264505807286,1.8680278247000143e+20,-152.7224614273888,5.062393827110306e+20,7.072086877765663
6.938893903907228e-17,0.028000000000000094,5.85050516807847e+17,87.94337838236692,1.9219968610289985e+20,-149.08377164703228,5.0998686606656255e+20,10.170540399666681
0.004000000000000073,0.028000000000000094,2.7708209347024077e+19,-151.58882149652266,1.8688006404414433e+20,-152.79842356273795,5.057941789982657e+20,6.928248931679686
0.008000000000000076,0.028000000000000094,4.903650100602049e+19,-162.57261132090838,1.7211147258736604e+20,-162.7636439345314,4.969537262040496e+20,-2.574697996833359
0.01200000000000008,0.028000000000000094,6.4933989027561505e+19,-178.672432575341,1.5268668367243824e+20,-179.0625579373196,4.813914869479213e+20,-17.95978308158092
0.016000000000000084,0.028000000000000094,7.437356369730185e+19,159.6666175388419,1.3043468085551628e+20,159.47435730199805,4.634583994130149e+20,-38.692273522109794
0.020000000000000087,0.028000000000000094,7.770384353826749e+19,133.16917576883193,1.0753533519193203e+20,133.1508662104976,4.4136745717969925e+20,-63.59916382181468
0.02400000000000009,0.028000000000000094,7.60037654517111e+19,102.58251418870292,8.954639159174305e+19,103.34820144839331,4.186905893224936e+20,-92.3553198055669
0.028000000000000094,0.028000000000000094,7.198858290286716e+19,70.99736300799636,7.3136195301129085e+19,69.85636681415916,3.957114285890062e+20,-124.21446424007753
0.0320000000000001,0.028000000000000094,6.732721371858636e+19,34.52995502323533,5.904133694868373e+19,35.00968715217967,3.726171329774739e+20,-158.61538595642457
0.0360000000000001,0.028000000000000094,6.214181739755857e+19,-3.2763908019319072,4.8370059877008065e+19,-2.355329327425072,3.511791113384117e+20,164.93278641180996
0.040000000000000105,0.028000000000000094,5.699086056036924e+19,-42.19713901130337,3.966653264111128e+19,-40.59758960103435,3.3181415203883654e+20,126.93559394245942
0.04400000000000011,0.028000000000000094,5.198299021020397e+19,-82.37107861220807,3.2866289801927897e+19,-83.22297015708156,3.121386346268555e+20,87.61980436564367
0.04800000000000011,0.028000000000000094,4.697912589929535e+19,-123.41968148746766,2.7622318908501627e+19,-122.21969434355603,2.9512140212754665e+20,47.079324054806385
0.052000000000000116,0.028000000000000094,4.2271157180690506e+19,-164.25502276968203,2.207737555662359e+19,-166.8452819320445,2.7952297223799613e+20,5.525659248388206
0.05600000000000012,0.028000000000000094,3.877876698918776e+19,152.82046637554828,1.9188485677953024e+19,152.383823030976,2.6473073284535494e+20,-36.837182565425515
0.06000000000000012,0.028000000000000094,3.4801195024046776e+19,109.05698081871775,1.5290066648349405e+19,110.22944487801159,2.5160565252949826e+20,-79.77874241171898
0.06400000000000013,0.028000000000000094,3.1839032797756666e+19,65.85547055645303,1.3132667415939336e+19,60.21241647074273,2.393934753160235e+20,-123.16077985940943
0.06800000000000013,0.028000000000000094,2.8153283268916867e+19,18.866071100231036,1.2630789565892942e+19,21.656344709005506,2.2833549576628535e+20,-167.0108804846521
0.07200000000000013,0.028000000000000094,2.6579300331840045e+19,-23.5047814727791,9.849679240327496e+18,-26.081560540151305,2.1810249049163622e+20,148.62147541052462
0.07600000000000014,0.028000000000000094,2.449461480674498e+19,-67.57079558925575,7.981146320515297e+18,-69.09084149391411,2.0736707849209486e+20,104.07930973994014
-0.08,0.0320000000000001,2.1244808077275046e+19,45.761674962166126,8.77145670022091e+18,-131.4322675521042,1.9638960473147877e+20,42.2089407576925
-0.076,0.0320000000000001,2.3065061696695726e+19,92.74369452105923,9.162555242755178e+18,-88.30974311755577,2.04774354808963e+20,86.27218325310379
-0.072,0.0320000000000001,2.366865619595984e+19,137.0938364945734,1.1564748900927113e+19,-44.245654444765506,2.1357925450454326e+20,130.29604993884877
-0.06799999999999999,0.0320000000000001,2.748295920105408e+19,178.8126688196179,1.2519024978808801e+19,-0.0649927186410655,2.2374807797490794e+20,173.6936090914777
-0.06399999999999999,0.0320000000000001,3.010117787678551e+19,-135.8445211204016,1.5244863588855128e+19,45.00065970595145,2.335672638786328e+20,-143.2735048964218
-0.059999999999999984,0.0320000000000001,3.2045047377769026e+19,-93.71883731742338,1.7641786452862228e+19,88.85267770578425,2.4517825476372523e+20,-100.79304953729981
-0.05599999999999998,0.0320000000000001,3.5430437102865277e+19,-49.57389744106273,2.0380233010166186e+19,128.46479417461518,2.5772182061885276e+20,-59.22264596737836
-0.05199999999999998,0.0320000000000001,3.785828404748749e+19,-9.298527799696341,2.3710723362837783e+19,168.26171472751327,2.7239393784978827e+20,-18.196356892691313
-0.04799999999999997,0.0320000000000001,4.088526171639616e+19,32.78741660023694,2.8034719442818163e+19,-149.39582952502232,2.86534096491039e+20,21.915971417992374
-0.04399999999999997,0.0320000000000001,4.428672676271562e+19,71.94984315617675,3.365290077640763e+19,-110.10195769545973,3.0076118073012414e+20,60.72276404413999
-0.039999999999999966,0.0320000000000001,4.9967105813157085e+19,110.37568227451733,3.913678587244143e+19,-69.6568730599417,3.1774115505333744e+20,98.52856533180538
-0.03599999999999996,0.0320000000000001,5.323481444774272e+19,145.73312497703392,4.68690163125842e+19,-33.778257944418144,3.358934741331272e+20,134.75915074984056
-0.03199999999999996,0.0320000000000001,5.7018938254207115e+19,-177.9675692837616,5.626170837588557e+19,1.3612873563125456,3.5379906536101734e+20,169.15246278632654
-0.027999999999999955,0.0320000000000001,5.879495110050877e+19,-145.34141727149944,6.774449776409927e+19,34.84965866535181,3.726356861859872e+20,-158.67618084491954
-0.023999999999999952,0.0320000000000001,6.002446972834546e+19,-114.87609670602549,8.110584756535597e+19,65.59243067218742,3.922064126520435e+20,-128.89818373274244
-0.01999999999999995,0.0320000000000001,5.903861954084968e+19,-88.0611895168381,9.574817761348939e+19,93.02842276109943,4.1103396770929626e+20,-102.38944876974895
-0.015999999999999945,0.0320000000000001,5.597137828974767e+19,-64.54250059348445,1.1105819429600985e+20,115.78206449081443,4.2791864154775375e+20,-79.45361428259194
-0.011999999999999941,0.0320000000000001,4.690691157662701e+19,-44.127860176240155,1.2568461867435432e+20,135.46667966624827,4.428994171177478e+20,-60.9082097158666
-0.007999999999999938,0.0320000000000001,3.562827647134343e+19,-29.24503705884466,1.3946843994407392e+20,150.30337887910483,4.5590986584334e+20,-46.98328678187228
-0.003999999999999934,0.0320000000000001,1.857025925559263e+19,-20.66966480609906,1.487585238459149e+20,159.09010901912805,4.628418466410024e+20,-38.48605154897082
6.938893903907228e-17,0.0320000000000001,5.1384056259473344e+17,-18.68786508866022,1.5035218213357414e+20,162.22159704292233,4.656971142590701e+20,-35.6914013533841
0.004000000000000073,0.0320000000000001,1.8737926165457285e+19,161.88566720540146,1.4894989937036945e+20,159.23447360686987,4.625253517861069e+20,-38.616140202322796
0.008000000000000076,0.0320000000000001,3.566489358680824e+19,151.17013658744867,1.3961536662794874e+20,150.15595948169556,4.5552477555464045e+20,-47.08133562922199
0.01200000000000008,0.0320000000000001,4.85489144460842e+19,135.9004387699182,1.252917685973833e+20,135.1895138239115,4.4340245586349294e+20,-60.87786199043181
0.016000000000000084,0.0320000000000001,5.4933305482024124e+19,116.37679046926905,1.1081905640117356e+20,116.11274506393904,4.288914867020394e+20,-79.43025951294082
0.020000000000000087,0.0320000000000001,5.981030796970348e+19,93.1658462989652,9.529495663108052e+19,92.85638587695652,4.1148391141374774e+20,-102.38586392703118
0.02400000000000009,0.0320000000000001,5.992977785492793e+19,65.90769878899486,8.056781151015136e+19,65.05969872131062,3.9210302089418624e+20,-128.97268536222444
0.028000000000000094,0.0320000000000001,5.94126739094593e+19,33.905915894954234,6.883026933158609e+19,34.34184836296952,3.7272397326303665e+20,-158.62378829378704
0.0320000000000001,0.0320000000000001,5.644122558468753e+19,0.6362119793668357,5.693962702763264e+19,1.0117229200020261,3.5364063699314475e+20,169.14664927095544
0.0360000000000001,0.0320000000000001,5.300493554763933e+19,-33.656103047730916,4.642656954545823e+19,-33.34900829351196,3.3566267692620454e+20,134.7491062762127
0.040000000000000105,0.0320000000000001,4.9742536949775606e+19,-70.93827145771417,3.967216721764899e+19,-71.69298187039462,3.17230570431654e+20,98.61209965126618
0.04400000000000011,0.0320000000000001,4.536190532584271e+19,-109.97582318305534,3.352520768151914e+19,-109.98071459137223,3.0028555053589443e+20,60.83375088433757
0.04800000000000011,0.0320000000000001,4.166753102304409e+19,-147.97800650835677,2.723045770737554e+19,-149.7185483995386,2.8524088881323675e+20,21.830873887789494
0.052000000000000116,0.0320000000000001,3.838018742779558e+19,171.06059567325124,2.3855762866133803e+19,169.3478632272651,2.7126174446981602e+20,-18.218044210232062
0.05600000000000012,0.0320000000000001,3.4716872453819888e+19,129.37002382159088,2.0588179075721515e+19,128.27541807933986,2.5817016122219564e+20,-59.323748815861215
0.06000000000000012,0.0320000000000001,3.1925437688832115e+19,88.73798207517464,1.692063024861156e+19,88.07490882347709,2.456670532706172e+20,-101.02884143831415
0.06400000000000013,0.0320000000000001,2.9713909176479986e+19,44.53620730200026,1.4635185353320704e+19,43.13851166555488,2.341179317969858e+20,-143.4431354099817
0.06800000000000013,0.0320000000000001,2.7389496545532453e+19,-0.23810192498315114,1.301931658446461e+19,-0.08809921065623068,2.2384750616468862e+20,173.58979315750972
0.07200000000000013,0.0320000000000001,2.5099969536467497e+19,-42.906437931042696,1.1260782383339756e+19,-40.198349590354134,2.143471254755076e+20,130.19311573612003
0.07600000000000014,0.0320000000000001,2.2697292799556407e+19,-88.579572724348,9.473311627670393e+18,-85.93872301797907,2.050472731905709e+20,86.2887955103614
-0.08,0.0360000000000001,2.0262712684130574e+19,29.776147770081412,8.599891307209601e+18,-157.41210514588371,1.9264164802079746e+20,23.164647906996297
-0.076,0.0360000000000001,2.064069698193154e+19,74.2004836025061,9.614728397187502e+18,-106.83102122345782,2.0172235639376537e+20,66.91644827038587
-0.072,0.0360000000000001,2.35948196938235e+19,115.75364334848875,1.1352895869099667e+19,-67.15795018871366,2.093733782266458e+20,109.56431290470873
-0.06799999999999999,0.0360000000000001,2.600768558752857e+19,159.16816955347937,1.366438837860708e+19,-15.634042778303225,2.1923186065280664e+20,152.3589301137978
-0.06399999999999999,0.0360000000000001,2.6865720916240634e+19,-158.63131281281514,1.4482803817569343e+19,21.72352908502219,2.2849695252935364e+20,-165.72786045381875
-0.059999999999999984,0.0360000000000001,2.9879683213791703e+19,-117.29944974018929,1.8109653601728983e+19,62.26589702650794,2.3895041615487464e+20,-124.46279755885685
-0.05599999999999998,0.0360000000000001,3.1854613357588468e+19,-74.99330446073837,2.0815595969449767e+19,104.03299068504145,2.5047313927258872e+20,-83.81382771418849
-0.05199999999999998,0.0360000000000001,3.4994922717791597e+19,-35.75533234718099,2.448722359271158e+19,143.59851061668977,2.6272227709517336e+20,-44.25427570504314
-0.04799999999999997,0.0360000000000001,3.654745467742344e+19,5.147178074559026,2.824991612030413e+19,-176.67623665516638,2.764460391012931e+20,-5.704323859361385
-0.04399999999999997,0.0360000000000001,3.96715882600804e+19,41.61518268449824,3.2447199929449607e+19,-138.45483917017984,2.8882032560930764e+20,31.79123183349576
-0.039999999999999966,0.0360000000000001,4.247574436238555e+19,78.08254727329206,3.911196067122975e+19,-102.0286318218534,3.051261877924528e+20,67.81142018557618
-0.03599999999999996,0.0360000000000001,4.502665731730785e+19,113.89197041346542,4.5153038993876074e+19,-67.16133344355191,3.1934416258841936e+20,102.15555172318632
-0.03199999999999996,0.0360000000000001,4.707958901468119e+19,146.11416732478142,5.365566131104045e+19,-34.09291458552228,3.3528437671822426e+20,134.7595620912038
-0.027999999999999955,0.0360000000000001,4.8039920008958935e+19,177.57680201928613,6.193739361468924e+19,-2.6276267487541385,3.5094778365506716e+20,165.0062906981115
-0.023999999999999952,0.0360000000000001,4.8241212545434395e+19,-153.9128128361986,7.161613798237613e+19,25.925404077648395,3.664488701321261e+20,-167.45850005688442
-0.01999999999999995,0.0360000000000001,4.717807751022454e+19,-129.71990067669645,8.33717031216898e+19,51.11973693171711,3.8234163100642646e+20,-142.73142545235024
-0.015999999999999945,0.0360000000000001,4.151591240364028e+19,-106.21431930323311,9.472764923316055e+19,72.31898572185433,3.9743300841070205e+20,-121.8080647714818
-0.011999999999999941,0.0360000000000001,3.6280732118813872e+19,-89.47510443002062,1.0614439629114684e+20,90.11841835082389,4.0821853618802183e+20,-104.90414271056596
-0.007999999999999938,0.0360000000000001,2.565142061625357e+19,-76.58711940203665,1.1452315535152497e+20,102.8514106183324,4.1759745205678296e+20,-92.41156806840851
-0.003999999999999934,0.0360000000000001,1.3482391971324221e+19,-68.87711732591883,1.1990600608546456e+20,110.78257567104541,4.248233568421907e+20,-84.71367240294279
6.938893903907228e-17,0.0360000000000001,2.6031522119205818e+17,-33.97271337491012,1.2240287138344393e+20,113.96689064825604,4.258102692068551e+20,-82.11154331836326
0.004000000000000073,0.0360000000000001,1.3849203412328307e+19,110.69218650833766,1.2015041342179095e+20,110.91261413852514,4.2492379586547476e+20,-84.63436021298622
0.008000000000000076,0.0360000000000001,2.538161109257949e+19,103.3200148259271,1.1435613621449564e+20,102.66281634706027,4.175792543188035e+20,-92.29894480001113
0.01200000000000008,0.0360000000000001,3.5135154578121736e+19,89.50533292435966,1.0543213168138784e+20,89.67228870774602,4.095621263678953e+20,-104.86394416989583
0.016000000000000084,0.0360000000000001,4.1954968606066794e+19,72.71280317069606,9.517119072402196e+19,72.76979280572377,3.9691952806638295e+20,-121.82939561737503
0.020000000000000087,0.0360000000000001,4.5790446907604845e+19,49.38911035852048,8.359086677081717e+19,50.19164305528842,3.833621245434748e+20,-142.74541237768875
0.02400000000000009,0.0360000000000001,4.776186271458474e+19,24.585429134256074,7.1891636155401806e+19,25.96202466034588,3.67818292287505e+20,-167.2347213007562
0.028000000000000094,0.0360000000000001,4.846333194014194e+19,-3.1407105147754524,6.293691278558127e+19,-2.9178493395089515,3.526174942522377e+20,165.13478183622718
0.0320000000000001,0.0360000000000001,4.6415903730847285e+19,-33.885829528567086,5.284556392139608e+19,-33.97997961263892,3.356569264809386e+20,134.80544313134882
0.0360000000000001,0.0360000000000001,4.561528152988101e+19,-66.98373434698775,4.5316490413108314e+19,-67.17041814051922,3.190222578241226e+20,102.14500913555794
0.040000000000000105,0.0360000000000001,4.27474214403952e+19,-101.98261632816238,3.922167772867027e+19,-101.9497471377887,3.0448733345014225e+20,67.98927934283851
0.04400000000000011,0.0360000000000001,4.013040490641887e+19,-136.91376534964695,3.263350158998657e+19,-137.29748687453414,2.8938144510713843e+20,31.84530650953157
0.04800000000000011,0.0360000000000001,3.711070949729193e+19,-175.78973613142807,2.7694063939957535e+19,-177.56149053228285,2.7538151632323523e+20,-5.567449097455553
0.052000000000000116,0.0360000000000001,3.4284543868182585e+19,144.7854103990239,2.4697997761831526e+19,144.60968610623556,2.6212810223126046e+20,-44.43774096322859
0.05600000000000012,0.0360000000000001,3.172544882272533e+19,103.95281853741403,2.0404672502297375e+19,103.01619526064357,2.5060932677810533e+20,-83.99772176489702
0.06000000000000012,0.0360000000000001,2.870506653764516e+19,63.69469717250475,1.7767727505507142e+19,64.25912195786816,2.389557558498123e+20,-124.34890402317181
0.06400000000000013,0.0360000000000001,2.764126802278773e+19,22.77271422563069,1.5643552400193923e+19,24.828462545283887,2.2843342936507682e+20,-165.60107120475223
0.06800000000000013,0.0360000000000001,2.515955858780654e+19,-20.47557073200657,1.3235935646721534e+19,-20.90043631015399,2.1796309729840664e+20,152.4317977998058
0.07200000000000013,0.0360000000000001,2.3536062012588663e+19,-63.7640691232232,1.1692433904633033e+19,-65.81320539164972,2.098128686176003e+20,109.85624029521482
0.07600000000000014,0.0360000000000001,2.133204541669145e+19,-107.10956296840206,9.940661086039126e+18,-102.27377185872847,2.024532778060114e+20,66.93995834332608
-0.08,0.040000000000000105,1.9100463622504026e+19,9.779144641926282,9.331956454428865e+18,-170.23929147210401,1.8949809968088918e+20,2.8008153032450798
-0.076,0.040000000000000105,2.0024740317027942e+19,51.101716221463406,1.1566303628800035e+19,-128.87586052990727,1.9712945798372832e+20,45.3446430080887
-0.072,0.040000000000000105,2.2496615532740854e+19,92.54205941252029,1.095989024196197e+19,-85.11631258857916,2.0521126143775913e+20,87.56192272857095
-0.06799999999999999,0.040000000000000105,2.3363073098780283e+19,135.23630689433494,1.4311044868161559e+19,-46.73492410442588,2.1416551979837915e+20,129.16771479075413
-0.06399999999999999,0.040000000000000105,2.4806797671483175e+19,178.51449784547836,1.5320719399969282e+19,-4.692768203733007,2.2309770347508485e+20,169.9257040725419
-0.059999999999999984,0.040000000000000105,2.7065688824206733e+19,-141.22503641206225,1.8043934793733108e+19,39.395944587136654,2.3332332107251702e+20,-149.95790922980837
-0.05599999999999998,0.040000000000000105,2.9316556844003238e+19,-103.67773106704495,2.0445564964682576e+19,76.37772508023399,2.4299037525441095e+20,-110.77910268775332
-0.05199999999999998,0.040000000000000105,3.1519956797404307e+19,-64.34797999008083,2.3597414376239686e+19,116.92791660796568,2.5427463197799055e+20,-72.28949508915021
-0.04799999999999997,0.040000000000000105,3.381774741141488e+19,-25.790007337558343,2.7472594182326227e+19,153.94763213804725,2.656424530453573e+20,-35.346559523383235
-0.04399999999999997,0.040000000000000105,3.4708798230692545e+19,10.179399048545434,3.139536758319458e+19,-170.40126655480336,2.7804078009593646e+20,0.71494907927591
-0.039999999999999966,0.040000000000000105,3.683544183761196e+19,44.60808206083801,3.779344955155101e+19,-135.68113886062082,2.9066071320607752e+20,35.19686577506726
-0.03599999999999996,0.040000000000000105,3.9454740723117744e+19,77.85786109356562,4.268863090372739e+19,-101.91561837718123,3.040265584238629e+20,67.76643878967157
-0.03199999999999996,0.040000000000000105,3.865707796671705e+19,107.9234003975149,4.916162032984308e+19,-71.90277387974422,3.177581760853409e+20,98.68180148940122
-0.027999999999999955,0.040000000000000105,3.94154911156498e+19,138.45938436458508,5.5934535067983454e+19,-41.71491516549876,3.3138254638211485e+20,126.97249571010457
-0.023999999999999952,0.040000000000000105,3.928956036527881e+19,164.9911921304009,6.492437708556649e+19,-15.100254669963718,3.4474551620462064e+20,152.71063210197192
-0.01999999999999995,0.040000000000000105,3.6681542288224973e+19,-172.1218996835262,7.335247430760771e+19,7.5941423338690806,3.579744703492034e+20,175.43376950946603
-0.015999999999999945,0.040000000000000105,3.224394484124506e+19,-152.18233622627432,8.143285437645273e+19,27.797614900323016,3.697081015718366e+20,-165.30323866748853
-0.011999999999999941,0.040000000000000105,2.6935371439109018e+19,-136.26970056357874,8.994664588868349e+19,43.8137367188208,3.7813981235044765e+20,-149.62408199977156
-0.007999999999999938,0.040000000000000105,2.01421156283498e+19,-124.60606728627226,9.500361590830249e+19,56.07084054600926,3.8565414212186676e+20,-138.33427945054643
-0.003999999999999934,0.040000000000000105,1.0363513457374323e+19,-118.9459767154787,1.002159427052428e+20,62.43086265916427,3.903176642255238e+20,-131.33540639045188
6.938893903907228e-17,0.040000000000000105,4.0057315488189203e+17,31.47454148015808,1.0015836380767263e+20,65.50842003062415,3.924116907328903e+20,-128.89338233830412
0.004000000000000073,0.040000000000000105,9.403270961071815e+18,62.388449202045514,9.921483045207024e+19,63.00328299568865,3.9098824320283365e+20,-131.32651089776914
0.008000000000000076,0.040000000000000105,1.976290952692435e+19,57.12417883778781,9.55860827290926e+19,55.30256915105243,3.859837469656134e+20,-138.0916708481779
0.01200000000000008,0.040000000000000105,2.6260420229678526e+19,46.0208389538691,8.939258517677346e+19,43.65124913587756,3.783624456810335e+20,-149.61026015219684
0.016000000000000084,0.040000000000000105,3.306737899868617e+19,27.919199338410976,8.136746759704832e+19,28.116053554196586,3.6953706161817184e+20,-165.11114870567192
0.020000000000000087,0.040000000000000105,3.668373954000366e+19,7.940810643377227,7.261600612626213e+19,8.110060248855698,3.5746317020498605e+20,175.51827936995016
0.02400000000000009,0.040000000000000105,3.881111535816429e+19,-13.831788025507615,6.522323661228368e+19,-14.065104703724877,3.439046652502301e+20,152.7769728642797
0.028000000000000094,0.040000000000000105,3.979109002939454e+19,-41.34047011417806,5.568273912528557e+19,-41.139934099197596,3.3160890470425094e+20,126.94385377423569
0.0320000000000001,0.040000000000000105,3.929137212195613e+19,-70.97541799453273,4.94797501402958e+19,-71.33656326358273,3.184519075678705e+20,98.61222133637212
0.0360000000000001,0.040000000000000105,3.847287083618791e+19,-101.45876734074054,4.333299183880374e+19,-102.86329800451487,3.042438975280177e+20,67.83133402338986
0.040000000000000105,0.040000000000000105,3.732812077953025e+19,-135.09861983274754,3.7123791981962625e+19,-134.6906131048277,2.9047580178814235e+20,35.101964877992025
0.04400000000000011,0.040000000000000105,3.46557884004808e+19,-170.22500874890153,3.187382015750411e+19,-169.9688149719362,2.7836994808590474e+20,0.7941181340883832
0.04800000000000011,0.040000000000000105,3.381259418462508e+19,154.36902504127008,2.713633263760635e+19,153.04961301644468,2.655228475567496e+20,-35.03854397614687
0.052000000000000116,0.040000000000000105,3.1135665452779184e+19,114.73942463445731,2.3610406362014573e+19,117.09749143622693,2.535056732112947e+20,-72.11471990770943
0.05600000000000012,0.040000000000000105,2.9482433603230806e+19,77.2688378539163,2.0444067717736452e+19,78.9854735593711,2.4290892822541776e+20,-110.73582066985377
0.06000000000000012,0.040000000000000105,2.704211088828884e+19,38.44724458101927,1.8340341926571395e+19,37.57096186083342,2.3200432692545156e+20,-149.94914096735187
0.06400000000000013,0.040000000000000105,2.4613932390659e+19,-2.5777585499050106,1.611933247180924e+19,-1.6022479485199026,2.2349449481889117e+20,170.02172761500026
0.06800000000000013,0.040000000000000105,2.3467749665835508e+19,-41.897119666516744,1.3340332963113165e+19,-42.564064512948285,2.1391446209384687e+20,129.2884146359351
0.07200000000000013,0.040000000000000105,2.1943187800795558e+19,-85.91308908161267,1.2214404385243548e+19,-84.56141276313305,2.051912341861263e+20,87.49743924117338
0.07600000000000014,0.040000000000000105,2.092961528337094e+19,-127.30548429608045,1.1260093237021454e+19,-123.17315346196536,1.971697509449131e+20,45.10137114968559
-0.08,0.04400000000000011,1.8089847084955079e+19,-12.637135747182866,1.0332904366948833e+19,167.14007589221671,1.8643378733112023e+20,-19.451819919366105
-0.076,0.04400000000000011,1.988047476057621e+19,28.4336730550216,1.093233040072392e+19,-149.7540040528322,1.9314589309583147e+20,22.568851178938043
-0.072,0.04400000000000011,2.010180477972092e+19,72.36718319313351,1.265057993303044e+19,-114.69860467872071,2.0026994529622475e+20,63.43660130854094
-0.06799999999999999,0.04400000000000011,2.164049389451485e+19,111.72462035176731,1.4267637623510147e+19,-70.01743915573877,2.0812478636758856e+20,103.89562555549483
-0.06399999999999999,0.04400000000000011,2.4012947198735376e+19,149.7658926203787,1.6695654500942033e+19,-28.310336469860932,2.164323009433047e+20,143.81783197440134
-0.059999999999999984,0.04400000000000011,2.4677839497694163e+19,-169.37289372108484,1.7880705914013753e+19,10.17960151067861,2.2523267534118627e+20,-177.21561021021702
-0.05599999999999998,0.04400000000000011,2.7011273132906975e+19,-133.53866552557886,2.031881297425659e+19,47.101559730797376,2.3544063665500134e+20,-139.18151552048784
-0.05199999999999998,0.04400000000000011,2.7499344703644836e+19,-92.77801263969823,2.3136332711484584e+19,82.57079741133605,2.4553383949565687e+20,-102.37947473018012
-0.04799999999999997,0.04400000000000011,2.8304825968305766e+19,-57.97994105287037,2.7878514697068147e+19,121.97049133090611,2.5623328719654774e+20,-66.57119198580138
-0.04399999999999997,0.04400000000000011,3.1738374181736632e+19,-22.065374297796296,3.086981810332323e+19,157.24702171095853,2.6655565427296197e+20,-32.01232875536196
-0.039999999999999966,0.04400000000000011,3.217714091802813e+19,9.718623627858507,3.5182699886057894e+19,-169.7606156554306,2.7788762125909905e+20,0.7903921786829136
-0.03599999999999996,0.04400000000000011,3.2727067976473702e+19,41.244285441691034,3.967710483086028e+19,-138.98727480099353,2.8947335858627356e+20,31.835300049433194
-0.03199999999999996,0.04400000000000011,3.3007016386249146e+19,70.83718512092503,4.580446265361738e+19,-109.17785192730739,3.019171113689322e+20,60.91985834679819
-0.027999999999999955,0.04400000000000011,3.3418149628727706e+19,99.44813701154864,5.1421317488481165e+19,-80.752895710359,3.1259714458595656e+20,87.53183788695947
-0.023999999999999952,0.04400000000000011,3.107658160543961e+19,122.32918870983931,5.8250140377045254e+19,-56.84639771572157,3.2426651324237244e+20,111.66285200492567
-0.01999999999999995,0.04400000000000011,2.8543438398614823e+19,143.7504447428936,6.41986876099707e+19,-35.56392509024322,3.334071989372176e+20,132.7755569347976
-0.015999999999999945,0.04400000000000011,2.5637573041664426e+19,163.23775806732186,7.0835303511809065e+19,-17.07351852125693,3.428605093235891e+20,150.76959891226866
-0.011999999999999941,0.04400000000000011,2.00576984776529e+19,178.39588754889658,7.605850263092943e+19,-2.8163020470125857,3.513924016193221e+20,164.9911708498103
-0.007999999999999938,0.04400000000000011,1.4379317286130557e+19,-169.97811344420907,8.072102287484715e+19,7.953745506366509,3.579261475351002e+20,175.5609994782348
-0.003999999999999934,0.04400000000000011,7.906885075336006e+18,-161.0270265928833,8.369033171875576e+19,14.419207206415122,3.605368872372324e+20,-178.09038460551466
6.938893903907228e-17,0.04400000000000011,6.407063443434345e+17,54.400485414643555,8.41935975016088e+19,16.98853181152006,3.612768364486575e+20,-175.9477607573473
0.004000000000000073,0.04400000000000011,7.679336788735206e+18,12.886214235700633,8.31358952369773e+19,14.846021571287908,3.610958604885713e+20,-178.12928296304628
0.008000000000000076,0.04400000000000011,1.4030681843516772e+19,4.986643823323197,8.021907754858278e+19,8.44385088216272,3.572619156056297e+20,175.54150525620048
0.01200000000000008,0.04400000000000011,2.0998009227886318e+19,-4.207404374508848,7.582919267457593e+19,-2.6769386689343526,3.51424963530538e+20,164.9921602693225
0.016000000000000084,0.04400000000000011,2.5678677258319974e+19,-18.70757082251582,6.995184852689774e+19,-18.038496851371086,3.439057001201828e+20,150.71017857676932
0.020000000000000087,0.04400000000000011,2.877179598477087e+19,-36.10048355027898,6.458656693437302e+19,-36.220768730690324,3.3425301332774106e+20,132.83702991050697
0.02400000000000009,0.04400000000000011,3.2020870096341e+19,-56.240938334488945,5.797795398976745e+19,-57.84060751884065,3.2460033166221764e+20,111.81043187376847
0.028000000000000094,0.04400000000000011,3.266287748866773e+19,-82.40607642717355,5.1838720097377935e+19,-81.68551482779016,3.121050329671164e+20,87.5256613391938
0.0320000000000001,0.04400000000000011,3.2732815790571106e+19,-109.70410587555712,4.606938490436057e+19,-108.58162194920075,3.0064723551344434e+20,60.86695451527446
0.0360000000000001,0.04400000000000011,3.224098910596721e+19,-140.1557446267882,3.929382154533171e+19,-139.51110436706978,2.9047280983093582e+20,31.60578941262195
0.040000000000000105,0.04400000000000011,3.148213900731504e+19,-170.32250843678958,3.530189149044463e+19,-168.48910215231524,2.780512549273222e+20,0.7275341206984006
0.04400000000000011,0.04400000000000011,3.092869895381033e+19,156.04678281752936,3.0865962905959125e+19,156.02120342610542,2.6623713185580053e+20,-32.19769300397763
0.04800000000000011,0.04400000000000011,2.939123116545211e+19,122.48401384743099,2.72214671460994e+19,121.85932502699492,2.556598502062606e+20,-66.66900900445359
0.052000000000000116,0.04400000000000011,2.6361305595489157e+19,84.89431016672292,2.2761143610855342e+19,87.26690771119377,2.451960035106642e+20,-102.32202241970371
0.05600000000000012,0.04400000000000011,2.5965236917179843e+19,49.704047384738345,1.9552066868476486e+19,48.16979219915113,2.3526174508145423e+20,-139.31896761187247
0.06000000000000012,0.04400000000000011,2.4342448986603688e+19,9.222369890971938,1.8248939143735013e+19,10.185114004279438,2.2670352282511583e+20,-177.5611120118172
0.06400000000000013,0.04400000000000011,2.325235894599928e+19,-31.21519323148631,1.615948070750368e+19,-30.632454465834325,2.1646072017065656e+20,143.61948748505384
0.06800000000000013,0.04400000000000011,2.230504720648645e+19,-69.5486285845379,1.470687194664718e+19,-70.85143849279413,2.0872238841015314e+20,103.9102435150748
0.07200000000000013,0.04400000000000011,1.9737866062738866e+19,-109.13841640704167,1.25475442606308e+19,-108.36770638881706,2.000939273077215e+20,63.28411135877988
0.07600000000000014,0.04400000000000011,1.9297347508223476e+19,-152.28427640222958,1.2012239777179212e+19,-153.30982028210943,1.9293282372347157e+20,22.398980425996367
-0.08,0.04800000000000011,1.6640988914803431e+19,-38.028158885791804,9.561253913280557e+18,143.7492424749845,1.8249046510211714e+20,-43.29519294192446
-0.076,0.04800000000000011,1.8198958057391591e+19,3.3581867997441606,1.1504032021976265e+19,-175.18646064891064,1.8841867937773516e+20,-2.496782633781197
-0.072,0.04800000000000011,1.9359594839731995e+19,44.32285537329066,1.2529291702993115e+19,-136.23680314978643,1.954099128873e+20,37.87091036470745
-0.06799999999999999,0.04800000000000011,1.9826520217426043e+19,82.81769884775223,1.4408713806526022e+19,-95.26506905180749,2.0220621856283794e+20,77.39566657916475
-0.06399999999999999,0.04800000000000011,2.147320036265888e+19,121.73743912177522,1.4480721661446707e+19,-54.658104786300996,2.1077945655587334e+20,115.73009978115394
-0.059999999999999984,0.04800000000000011,2.2797049675616424e+19,159.2890478909602,1.7397433719366916e+19,-20.36233023506648,2.1971700151358456e+20,153.42491299976015
-0.05599999999999998,0.04800000000000011,2.4211986844344164e+19,-160.43933880625207,2.0899622521433137e+19,16.399460734398605,2.2773455340191308e+20,-169.5185737468177
-0.05199999999999998,0.04800000000000011,2.484181457436274e+19,-126.96134318259023,2.2845138180935926e+19,51.56609122053623,2.3690475793988347e+20,-134.03109285430173
-0.04799999999999997,0.04800000000000011,2.5440810329613976e+19,-90.78771677870712,2.636899910690853e+19,89.10851727774819,2.466184510976223e+20,-99.5936957682656
-0.04399999999999997,0.04800000000000011,2.7209762927867523e+19,-57.19594595477639,3.00932923861649e+19,120.38241285450256,2.5587034279500297e+20,-66.49990754038947
-0.039999999999999966,0.04800000000000011,2.784850521814765e+19,-26.705258058941943,3.2283420274127794e+19,153.6750015208449,2.660812052811419e+20,-35.0458904637102
-0.03599999999999996,0.04800000000000011,2.748438519804203e+19,4.124020497449637,3.698024579968749e+19,-177.78205143584782,2.758203958071977e+20,-5.741203955950086
-0.03199999999999996,0.04800000000000011,2.7800650496999145e+19,31.427903901369916,4.164920770524119e+19,-150.08070861502063,2.8584988276047367e+20,21.80688079204227
-0.027999999999999955,0.04800000000000011,2.7074007752637026e+19,55.28723208945325,4.578726839640777e+19,-123.71546186448751,2.952799424103363e+20,47.01586712566799
-0.023999999999999952,0.04800000000000011,2.6377367893042434e+19,79.90155932397296,5.19249134869258e+19,-100.16460188069077,3.057064530453121e+20,69.67987676496905
-0.01999999999999995,0.04800000000000011,2.4484013619406045e+19,99.60608725153577,5.656194582835958e+19,-80.59443819486908,3.138679840946726e+20,89.22685081081617
-0.015999999999999945,0.04800000000000011,2.0647393282592956e+19,115.33773806349122,6.1518353062228386e+19,-63.019906192497864,3.223035493863155e+20,106.19798056910693
-0.011999999999999941,0.04800000000000011,1.5895371818112848e+19,129.80883026459514,6.636197064793648e+19,-49.20968097486345,3.268116625399228e+20,119.2892343706833
-0.007999999999999938,0.04800000000000011,1.1800511528648534e+19,144.35362686717477,6.890448553767143e+19,-38.902355556200355,3.328563907659037e+20,128.98974668808023
-0.003999999999999934,0.04800000000000011,5.854361997705482e+18,138.183594980757,7.102534779732632e+19,-32.82353115178674,3.353846757942234e+20,134.7870004437235
6.938893903907228e-17,0.04800000000000011,1.9032784541281194e+17,35.65057949039727,7.174428840343476e+19,-31.431310799699006,3.3711387690349075e+20,136.61063149964565
0.004000000000000073,0.04800000000000011,6.034615321025924e+18,-41.388703593423514,7.169834715207433e+19,-33.91362396635647,3.360518832488046e+20,134.8341058489355
0.008000000000000076,0.04800000000000011,1.1238141758104754e+19,-42.64049284249316,6.901418791275411e+19,-39.12735270389558,3.314730998196354e+20,128.85088404136113
0.01200000000000008,0.04800000000000011,1.6107270087995666e+19,-50.45519777009696,6.535461897560937e+19,-49.001022416177065,3.270327026704489e+20,119.36152101835266
0.016000000000000084,0.04800000000000011,2.0845526302746026e+19,-62.43773614065759,6.1179438253403685e+19,-63.36873728350067,3.2165227477846635e+20,105.99602211983604
0.020000000000000087,0.04800000000000011,2.3974545627052167e+19,-80.72822019891007,5.682627885388829e+19,-79.1067042315515,3.1434716560015406e+20,89.32976433566492
0.02400000000000009,0.04800000000000011,2.6129984230065648e+19,-99.24361117701827,5.131144338560802e+19,-100.44756910040365,3.0549617103404886e+20,69.63964335607324
0.028000000000000094,0.04800000000000011,2.677518617978593e+19,-122.56676446255629,4.6922167861660705e+19,-123.11190407436132,2.953083291515128e+20,47.089651511379564
0.0320000000000001,0.04800000000000011,2.7281827870726316e+19,-148.33421336774958,4.181535152966792e+19,-147.94820745712403,2.8538672120561077e+20,21.769727821993822
0.0360000000000001,0.04800000000000011,2.859317906256216e+19,-176.71809826325978,3.668825433890408e+19,-176.93781118339206,2.75071883730349e+20,-5.601346308225971
0.040000000000000105,0.04800000000000011,2.7327827565656424e+19,151.97268844572142,3.3215460106189804e+19,152.50217128531517,2.652015734464306e+20,-35.231275278115845
0.04400000000000011,0.04800000000000011,2.639999132148376e+19,121.23403645859214,2.9849925613895414e+19,119.80086112490045,2.555164689540154e+20,-66.52039572872143
0.04800000000000011,0.04800000000000011,2.59644502520288e+19,87.54228308658445,2.6311444304609747e+19,88.47613441644062,2.4676039867605883e+20,-99.55509503055443
0.052000000000000116,0.04800000000000011,2.5404523133569004e+19,53.54075159276379,2.2862532668399616e+19,54.320601416047914,2.3702607936689295e+20,-134.11424285026789
0.05600000000000012,0.04800000000000011,2.3235842354508313e+19,18.780940786835565,1.9989123623039726e+19,18.708495728995796,2.2700213046481204e+20,-169.6412120845426
0.06000000000000012,0.04800000000000011,2.2521671015363236e+19,-20.06635892410949,1.760751210252789e+19,-17.10009917356153,2.184653433676416e+20,153.55187534832044
0.06400000000000013,0.04800000000000011,2.1730394281899598e+19,-56.851442279255664,1.6032302682082738e+19,-58.02342087828948,2.0987714076458818e+20,115.49221888783637
0.06800000000000013,0.04800000000000011,1.976358416188455e+19,-96.6950363209945,1.3667928211628898e+19,-94.86334381154688,2.023148803188373e+20,77.25978644457037
0.07200000000000013,0.04800000000000011,1.9611772402582036e+19,-135.60119931487873,1.3380083993242331e+19,-134.907483865835,1.9512764847612317e+20,37.45947453262706
0.07600000000000014,0.04800000000000011,1.8202523219093598e+19,-173.73567953762466,1.1118816496339601e+19,-171.7107811133552,1.874700865058897e+20,-2.345936507111045
-0.08,0.052000000000000116,1.5966255540018379e+19,-60.43704220019008,9.845458655079582e+18,120.07828208511259,1.7823755945691175e+20,-68.72216286456262
-0.076,0.052000000000000116,1.7118474550941233e+19,-25.661282505086014,1.1194214535538168e+19,158.89680366690516,1.841551657853884e+20,-28.26655886093874
-0.072,0.052000000000000116,1.7594245545349468e+19,15.345451832592047,1.2808351174478455e+19,-163.95831720239693,1.904043867742274e+20,10.336060404426215
-0.06799999999999999,0.052000000000000116,1.8215789792204882e+19,55.08963776111371,1.3255351980238465e+19,-125.10983340878695,1.9709424794709715e+20,48.81851769706632
-0.06399999999999999,0.052000000000000116,1.96356470574686e+19,93.10347760181668,1.572347429451919e+19,-87.37689222249443,2.064995614093777e+20,86.49239612981874
-0.059999999999999984,0.052000000000000116,1.994260818233036e+19,130.02061135606596,1.7840587696481501e+19,-46.664282320045444,2.119216740761882e+20,123.16604311648298
-0.05599999999999998,0.052000000000000116,2.1282837589772616e+19,165.79419213714084,1.925181225585654e+19,-14.106715497432324,2.20681578678055e+20,158.7114853097265
-0.05199999999999998,0.052000000000000116,2.223109519574292e+19,-160.94509897398015,2.259922259741067e+19,20.104977754478035,2.279990743275341e+20,-166.95980845615085
-0.04799999999999997,0.052000000000000116,2.2081954477524365e+19,-124.70430778616463,2.3701744788741616e+19,55.320651120275976,2.3679727867902827e+20,-133.9635014889643
-0.04399999999999997,0.052000000000000116,2.2789734424581698e+19,-94.27057959177215,2.8252351189419753e+19,85.08116275489536,2.455074191209321e+20,-102.18715683856531
-0.039999999999999966,0.052000000000000116,2.4723238366516204e+19,-64.77406562465734,3.1306705871426134e+19,116.72005891501433,2.5408968496952204e+20,-72.43918180255406
-0.03599999999999996,0.052000000000000116,2.3743223514765373e+19,-35.2592173229552,3.390190571132077e+19,143.7520244690612,2.626603068069577e+20,-44.236104038356274
-0.03199999999999996,0.052000000000000116,2.395831914591823e+19,-12.17222522202818,3.777648285068111e+19,169.17534830663186,2.711078673345315e+20,-18.423684156699505
-0.027999999999999955,0.052000000000000116,2.2273661371391693e+19,14.6294752561593,4.139681980829348e+19,-165.0558637003535,2.7966613780898306e+20,5.371564016353825
-0.023999999999999952,0.052000000000000116,2.078072898480332e+19,35.76608313497635,4.634716750489368e+19,-142.87113804036102,2.8729680507114052e+20,26.916496209536973
-0.01999999999999995,0.052000000000000116,1.868936252391088e+19,54.98211944469827,5.040552894537378e+19,-124.66311069302644,2.9435151703593098e+20,45.492239717756334
-0.015999999999999945,0.052000000000000116,1.646525840994039e+19,71.17709015355858,5.405551468503398e+19,-109.2767718164798,3.0104598805572773e+20,61.00686373232607
-0.011999999999999941,0.052000000000000116,1.3317331628466188e+19,83.05363118221754,5.69493707070529e+19,-95.55309408673631,3.06377870657584e+20,73.27478864139329
-0.007999999999999938,0.052000000000000116,9.776297192291283e+18,90.6013338617091,5.927657833766672e+19,-87.21908920709853,3.112284450603262e+20,82.18096356640483
-0.003999999999999934,0.052000000000000116,4.725275027671656e+18,89.65420744205194,6.028978200129997e+19,-82.5209404242794,3.127875323797514e+20,87.56669380905348
6.938893903907228e-17,0.052000000000000116,3.658560306949885e+17,1.4419646877997194,6.077863900716062e+19,-80.66567732099438,3.133654172381482e+20,89.53249200184415
0.004000000000000073,0.052000000000000116,4.5982255218860646e+18,-82.79092562736511,6.023988465187802e+19,-82.15445970004176,3.126189992213171e+20,87.56528348059595
0.008000000000000076,0.052000000000000116,8.852876867256819e+18,-89.23335563253772,5.9451986014616895e+19,-87.8543723206735,3.106477472537025e+20,82.16463567854282
0.01200000000000008,0.052000000000000116,1.3593876163153777e+19,-94.6146355690789,5.661327692353643e+19,-97.02711640713326,3.0657123035016403e+20,73.14431431307229
0.016000000000000084,0.052000000000000116,1.5965153335373375e+19,-110.1355999028388,5.375016113252206e+19,-109.83488258614864,3.008257099359496e+20,60.92324836983982
0.020000000000000087,0.052000000000000116,2.0002965542431244e+19,-126.0040781402166,5.023015205271621e+19,-124.15744012452942,2.9468408079350353e+20,45.13769424469138
0.02400000000000009,0.052000000000000116,2.264893857255248e+19,-145.1536503418834,4.62708300197367e+19,-142.74906693659466,2.8847053739342692e+20,26.62256836444682
0.028000000000000094,0.052000000000000116,2.230311154140856e+19,-165.0470690786648,4.18319442797046e+19,-165.60051606579006,2.802732055720558e+20,5.71611860145982
0.0320000000000001,0.052000000000000116,2.3616250287562203e+19,171.62690606676267,3.847892680981703e+19,169.63722431766882,2.7107780566175105e+20,-18.293550642256495
0.0360000000000001,0.052000000000000116,2.3400829522265973e+19,145.62785420847683,3.467653621686552e+19,144.30988797482226,2.6225960272930108e+20,-44.37346440173722
0.040000000000000105,0.052000000000000116,2.43440603314112e+19,114.51491852454632,3.0915535540978643e+19,116.57175594596988,2.5390610933621526e+20,-72.35570382984935
0.04400000000000011,0.052000000000000116,2.29406845780921e+19,86.44197639410991,2.779679641097612e+19,87.27661448525365,2.4514609143286016e+20,-102.27929298185536
0.04800000000000011,0.052000000000000116,2.3493063421516055e+19,55.24895429999624,2.526566844771691e+19,54.746297368834355,2.3625950874524336e+20,-134.07759009996857
0.052000000000000116,0.052000000000000116,2.215184604086528e+19,21.71752274290649,2.1550090636461736e+19,21.58197833111982,2.2832999655552772e+20,-166.9343047481748
0.05600000000000012,0.052000000000000116,2.1048715404187697e+19,-15.076329554679123,1.9662472885093052e+19,-14.4444746951505,2.195836129946577e+20,158.60292003074608
0.06000000000000012,0.052000000000000116,2.0370022350382772e+19,-49.349134526440366,1.7780987367047002e+19,-49.65682325853092,2.1291114052586796e+20,123.04749709461593
0.06400000000000013,0.052000000000000116,1.9967387432021127e+19,-85.4680822665714,1.555511694744243e+19,-87.00137157626963,2.0455907124725445e+20,86.37374687110471
0.06800000000000013,0.052000000000000116,1.8740274194819285e+19,-127.99107033022507,1.4408970875442692e+19,-125.17806778190234,1.9792886154761257e+20,48.77533149010324
0.07200000000000013,0.052000000000000116,1.7144807784706832e+19,-162.70859269030268,1.240723615090648e+19,-164.36083612710786,1.9056674233997207e+20,10.691335424093262
0.07600000000000014,0.052000000000000116,1.693730930368209e+19,159.6628026973266,1.0093611872542697e+19,157.08576825448742,1.8418016957216326e+20,-28.617451611269615
-0.08,0.05600000000000012,1.379406216876676e+19,-88.35506887852353,1.0040206052046782e+19,88.83131322252437,1.7418960268132106e+20,-95.1097469979958
-0.076,0.05600000000000012,1.5602627578613064e+19,-48.300421832136124,1.1849725023152927e+19,126.04661724238738,1.7862835731046452e+20,-56.33549309372382
-0.072,0.05600000000000012,1.6341965803017994e+19,-14.747984433693933,1.3146869574722802e+19,166.98361038624023,1.8583410666472492e+20,-18.452400108873324
-0.06799999999999999,0.05600000000000012,1.5207507987205243e+19,25.43572567852099,1.4197696885270276e+19,-151.65734372290189,1.9176614076445612e+20,19.132875539751044
-0.06399999999999999,0.05600000000000012,1.748734570545923e+19,61.973662168201436,1.5204431944454711e+19,-115.13159790412007,1.9869206757335066e+20,55.45466751634315
-0.059999999999999984,0.05600000000000012,1.9110770920482574e+19,98.23352328412854,1.7698296266210073e+19,-83.01004241962069,2.0553946491847184e+20,91.09382934069576
-0.05599999999999998,0.05600000000000012,1.9588791048198615e+19,133.29979778273457,1.9200644964809945e+19,-47.734467360768335,2.136128568605186e+20,125.32465061842889
-0.05199999999999998,0.05600000000000012,1.996230032308272e+19,165.10199120293672,2.109258669366956e+19,-15.007322636998309,2.2163997496561428e+20,158.75704778586334
-0.04799999999999997,0.05600000000000012,2.021471441286429e+19,-161.466948017707,2.312395165971604e+19,16.948877880667794,2.2806696894516294e+20,-169.6819455662119
-0.04399999999999997,0.05600000000000012,2.0133424635148517e+19,-131.576093260119,2.6641740844108157e+19,48.12779954561977,2.354641293361021e+20,-139.37815130917224
-0.039999999999999966,0.05600000000000012,2.089907823687924e+19,-101.3337338887591,2.8748396308574654e+19,76.2443740619932,2.4266791598486533e+20,-110.60481792296684
-0.03599999999999996,0.05600000000000012,2.0147773268746727e+19,-74.83948274754671,3.1897416591203095e+19,103.40142292790014,2.5074918655086982e+20,-83.92705105985588
-0.03199999999999996,0.05600000000000012,2.054489311186949e+19,-53.618377697269764,3.4820634973906817e+19,128.66270631956422,2.5806353754872444e+20,-59.41136614974755
-0.027999999999999955,0.05600000000000012,1.8083031309735186e+19,-28.990672404634456,3.862618643676742e+19,151.73517768796017,2.6559274017614778e+20,-36.74659770438383
-0.023999999999999952,0.05600000000000012,1.7655808698054928e+19,-8.071889327447929,4.152859747949844e+19,172.80990919791893,2.7164502054594403e+20,-16.706848163571774
-0.01999999999999995,0.05600000000000012,1.6370416085540401e+19,10.84968671384852,4.561863446037107e+19,-170.3252388326241,2.777749880071311e+20,0.6874978431746619
-0.015999999999999945,0.05600000000000012,1.362008890448715e+19,23.48808069689307,4.774651201640072e+19,-155.9022743188247,2.8278695530236962e+20,15.177091718462828
-0.011999999999999941,0.05600000000000012,1.0228125829410843e+19,36.79258402599418,4.902591856433582e+19,-143.99108972618373,2.8818036307122396e+20,26.866874740463977
-0.007999999999999938,0.05600000000000012,6.240918564152582e+18,43.564617349934394,5.1512550537082765e+19,-135.40540582345534,2.9059722400502363e+20,35.27862401291483
-0.003999999999999934,0.05600000000000012,2.8822631383186806e+18,47.954314879413914,5.372937594020606e+19,-129.89934144069215,2.935899393779395e+20,40.2609459484788
6.938893903907228e-17,0.05600000000000012,5.072639705326506e+17,84.41760951052603,5.348535306870193e+19,-128.05972007828544,2.9331509860258824e+20,41.9297687439452
0.004000000000000073,0.05600000000000012,4.0122177393995325e+18,-149.35449970639252,5.267531388305963e+19,-130.59832242908564,2.9287726293717143e+20,40.25264961923744
0.008000000000000076,0.05600000000000012,7.490901952898937e+18,-135.1464984528514,5.1310705672959025e+19,-135.19839159728986,2.9020223448169726e+20,35.238204644521005
0.01200000000000008,0.05600000000000012,1.109579457546561e+19,-143.38573777896192,4.893189968497824e+19,-144.08448599226975,2.8832391334213622e+20,26.674334010357537
0.016000000000000084,0.05600000000000012,1.3952862749625246e+19,-156.4417998500533,4.671309216630203e+19,-156.45601637244957,2.827748190712589e+20,15.407739469221914
0.020000000000000087,0.05600000000000012,1.6075833412096942e+19,-171.49245619389495,4.4719174651990295e+19,-168.6434946941612,2.7887096558113223e+20,0.6475367503355378
0.02400000000000009,0.05600000000000012,1.7143342991564863e+19,172.63941567941416,4.21310110417704e+19,172.10541223767103,2.7239163500536286e+20,-16.605040834076835
0.028000000000000094,0.05600000000000012,1.9542694532837356e+19,151.48572842838084,3.797097047677134e+19,151.4372868072433,2.6595606435063877e+20,-36.89695024733242
0.0320000000000001,0.05600000000000012,2.0480226055614493e+19,131.1220243570713,3.44787825073149e+19,129.59644042303975,2.5795318472870586e+20,-59.1702559177135
0.0360000000000001,0.05600000000000012,2.099624841807017e+19,103.31206341100865,3.222422492453725e+19,103.67688575255974,2.5012071809119502e+20,-84.0108306072285
0.040000000000000105,0.05600000000000012,1.951428136231534e+19,77.05856885402235,2.820634172215334e+19,76.3663619344921,2.4329103455510915e+20,-110.71843650519331
0.04400000000000011,0.05600000000000012,1.954711874129452e+19,47.392090434775426,2.6944111229873897e+19,48.32419731092376,2.3481588935957502e+20,-139.37750795233757
0.04800000000000011,0.05600000000000012,1.947560568167323e+19,17.221523966101184,2.3860241572773556e+19,17.72025942344029,2.276517347864145e+20,-169.909077328944
0.052000000000000116,0.05600000000000012,2.027835515318194e+19,-12.517803934290242,2.0485766226732085e+19,-15.096430075297395,2.1970188579026747e+20,158.60973161744437
0.05600000000000012,0.05600000000000012,1.859277784530178e+19,-49.314437960466385,1.8812164460418888e+19,-43.24086089156961,2.1227783007087762e+20,125.52239436024685
0.06000000000000012,0.05600000000000012,1.8030046945907993e+19,-84.42095952097439,1.678809544241953e+19,-84.00486411003496,2.060928614192666e+20,90.80856490388436
0.06400000000000013,0.05600000000000012,1.7473259688071338e+19,-118.31660772753821,1.496507018406092e+19,-116.92726739052057,1.9881188347023442e+20,55.872522222288765
0.06800000000000013,0.05600000000000012,1.591539682830988e+19,-153.43902661291054,1.3586789195132846e+19,-155.64800695486852,1.9122591068212776e+20,19.13522609754167
0.07200000000000013,0.05600000000000012,1.6071708633658366e+19,168.38635859119185,1.2615943110854984e+19,164.38745566256787,1.8558531344190338e+20,-18.273472393672968
0.07600000000000014,0.05600000000000012,1.5588063013438556e+19,125.51287460942942,1.1331698901922912e+19,129.77394947455082,1.7939068523367386e+20,-56.408145531700114
-0.08,0.06000000000000012,1.407844849186722e+19,-119.84068896382902,1.0393475377664078e+19,61.444325591373605,1.7056995444829664e+20,-123.52000184156299
-0.076,0.06000000000000012,1.4414936322258524e+19,-81.18696724122066,1.1885856919277197e+19,101.75202195593555,1.7526769180798776e+20,-85.54576560395955
-0.072,0.06000000000000012,1.463432535384686e+19,-44.575036264799365,1.2462628961009385e+19,138.8329494141119,1.8081511675084073e+20,-48.27067158436551
-0.06799999999999999,0.06000000000000012,1.4870805948924176e+19,-8.351939445042275,1.430032799072599e+19,174.5209539386049,1.8722011286329852e+20,-11.706502735192382
-0.06399999999999999,0.06000000000000012,1.543100146162349e+19,30.43738241066298,1.5326744059803558e+19,-151.6851449966564,1.9336820571149684e+20,23.343168070209764
-0.059999999999999984,0.06000000000000012,1.645252477155171e+19,62.702876840900956,1.6599071049017807e+19,-115.56016483067089,1.991652758268881e+20,57.84130071052579
-0.05599999999999998,0.06000000000000012,1.7736193056940687e+19,96.6051358613021,1.769531222379182e+19,-84.5440747620022,2.0638351647322325e+20,91.04426442959107
-0.05199999999999998,0.06000000000000012,1.7319873249502929e+19,131.9771140247528,1.9855621852511056e+19,-51.54476887325035,2.124746376156308e+20,122.8916660889728
-0.04799999999999997,0.06000000000000012,1.851280576174598e+19,161.21597451670925,2.1520028106634682e+19,-22.3950108098508,2.1935259478409478e+20,153.50926750990908
-0.04399999999999997,0.06000000000000012,1.8011989272076915e+19,-171.28954681839593,2.4805892544879075e+19,8.76847301201011,2.2553010644449555e+20,-177.19552713035333
-0.039999999999999966,0.06000000000000012,1.8425727363051084e+19,-140.82231335312082,2.7047201907987706e+19,36.61353274755321,2.3221528915121134e+20,-149.82284017397632
-0.03599999999999996,0.06000000000000012,1.7047430771968735e+19,-115.27954362749166,2.985059314553095e+19,63.14918949925457,2.399430182895961e+20,-124.44447240379584
-0.03199999999999996,0.06000000000000012,1.7399616021495462e+19,-91.61118628697221,3.196025740697852e+19,87.32930372260034,2.4596070483168212e+20,-101.03455026444196
-0.027999999999999955,0.06000000000000012,1.519056477272696e+19,-73.21853651847081,3.436447840993892e+19,108.64708992844754,2.5246479380590497e+20,-79.84106090642234
-0.023999999999999952,0.06000000000000012,1.5223953940401592e+19,-54.80727097324959,3.760854561251728e+19,126.3315846803588,2.572186533742869e+20,-60.73609805524661
-0.01999999999999995,0.06000000000000012,1.3327070743511022e+19,-37.33327479564621,3.948525398738455e+19,144.09453224786026,2.6241003659514203e+20,-44.393312313013816
-0.015999999999999945,0.06000000000000012,1.0864536157978825e+19,-23.397622904225994,4.127065081054978e+19,158.60759090615687,2.6700347891207035e+20,-30.581125076257692
-0.011999999999999941,0.06000000000000012,8.792832702473978e+18,-14.736159386205308,4.370621653328989e+19,169.93725468345016,2.7101039907880957e+20,-19.95409543043361
-0.007999999999999938,0.06000000000000012,6.262057356223054e+18,-0.06582191065752371,4.5001862583171875e+19,177.00701540737288,2.732043026221737e+20,-12.04018679141794
-0.003999999999999934,0.06000000000000012,4.026295697185978e+18,2.255011987231555,4.626363753862296e+19,-178.10866856635727,2.747457375544821e+20,-7.144597287869008
6.938893903907228e-17,0.06000000000000012,7.657192038798947e+17,-26.024412862330962,4.6744266659318825e+19,-176.98650038414326,2.758341379939644e+20,-5.519935348062024
0.004000000000000073,0.06000000000000012,2.61616625043441e+18,-166.20249343360828,4.5243063634974474e+19,-177.54031972718852,2.7534272996062442e+20,-7.120622997243462
0.008000000000000076,0.06000000000000012,5.663033236695711e+18,173.1695428546737,4.523169738759635e+19,177.19317464412987,2.7317731583983852e+20,-12.009848642547475
0.01200000000000008,0.06000000000000012,8.776492096613728e+18,170.56249617816036,4.311217156776644e+19,168.07684041780652,2.7205195137399918e+20,-19.86266817191225
0.016000000000000084,0.06000000000000012,1.159696859200598e+19,158.86149515734675,4.1543271029351055e+19,157.56235427471776,2.6812611815394646e+20,-30.51894101472585
0.020000000000000087,0.06000000000000012,1.3440053943160494e+19,145.26156981526032,3.930175508461236e+19,145.00945100644964,2.631096385487508e+20,-44.31658733778644
0.02400000000000009,0.06000000000000012,1.51931216945401e+19,127.40555629528743,3.711376089061958e+19,127.2965815963562,2.567012028426365e+20,-60.81606396579039
0.028000000000000094,0.06000000000000012,1.6274002634047713e+19,107.88149226655975,3.483055585498102e+19,108.71432393013667,2.5201846512068687e+20,-79.6242534870296
0.0320000000000001,0.06000000000000012,1.6717613526471567e+19,86.06021707313452,3.192710372009067e+19,86.73694972423273,2.457278270518063e+20,-100.86125127083484
0.0360000000000001,0.06000000000000012,1.7489740594561581e+19,60.72911449906306,2.9538405425880035e+19,63.68729205983528,2.379078176016614e+20,-124.51120155469019
0.040000000000000105,0.06000000000000012,1.8340595673467185e+19,38.09653474414814,2.6935188220880486e+19,37.78995566254311,2.3211712066591094e+20,-150.0589086181493
0.04400000000000011,0.06000000000000012,1.9132371632505192e+19,10.403763946317339,2.559100653928757e+19,11.217903926129116,2.2475932070413222e+20,-177.20440104652528
0.04800000000000011,0.06000000000000012,1.7976516400812337e+19,-18.901438560301166,2.2993331693032456e+19,-18.292984393066416,2.1807209081763096e+20,153.5029843264317
0.052000000000000116,0.06000000000000012,1.6998888422729239e+19,-49.93694760546601,2.047508949304679e+19,-50.8848361493017,2.1245818676611803e+20,122.83383598896576
0.05600000000000012,0.06000000000000012,1.7020441291586255e+19,-81.01510506608965,1.8451416898481693e+19,-80.38694985824867,2.0649741042211134e+20,91.04883776958769
0.06000000000000012,0.06000000000000012,1.6925948757254466e+19,-115.36189026854002,1.6354216588305404e+19,-116.24161605486823,1.99166393290319e+20,58.08002720647539
0.06400000000000013,0.06000000000000012,1.6265736576835533e+19,-150.04406434506868,1.463203619153503e+19,-150.82013109099663,1.9283357364380366e+20,23.701300345833882
0.06800000000000013,0.06000000000000012,1.5095870388882661e+19,175.66986034422524,1.4288051951082807e+19,172.92328920474208,1.8744638724809484e+20,-11.93454188087392
0.07200000000000013,0.06000000000000012,1.528358913444313e+19,134.22439367741262,1.2953976834800935e+19,134.50182489621966,1.813477939502488e+20,-48.36873016156188
0.07600000000000014,0.06000000000000012,1.4037721479250723e+19,99.45699053038629,1.1735317841622002e+19,99.58641458119439,1.7530492421547393e+20,-85.40289927020838
-0.08,0.06400000000000013,1.1937455400558043e+19,-146.23909093545143,9.930728870323683e+18,30.598058053823138,1.6550429619409584e+20,-152.36744570845156
-0.076,0.06400000000000013,1.332404064660968e+19,-108.96658294296442,1.1035628041462272e+19,72.03860623480834,1.719067653311913e+20,-115.6712981896076
-0.072,0.06400000000000013,1.3396447989254558e+19,-75.19817623997369,1.3237624247492635e+19,102.68712385313157,1.7682270577589184e+20,-79.34091351511222
-0.06799999999999999,0.06400000000000013,1.4077831211038693e+19,-38.75738399892465,1.2808525860895992e+19,139.26054007025283,1.8216932805989925e+20,-44.22578252783133
-0.06399999999999999,0.06400000000000013,1.4507097748012702e+19,-2.5488013161345076,1.4362421398580531e+19,179.78954265111113,1.870789381638382e+20,-9.66902934518815
-0.059999999999999984,0.06400000000000013,1.6136881836187318e+19,29.97908022149493,1.5299796714153652e+19,-146.0719434445262,1.9255699500809463e+20,23.507461869361073
-0.05599999999999998,0.06400000000000013,1.5888018143876377e+19,62.82531933851039,1.801938402013554e+19,-115.49229349039327,1.993138515495844e+20,55.68961991363843
-0.05199999999999998,0.06400000000000013,1.5634282115070986e+19,95.38316037336472,1.8878381264734577e+19,-85.61765044723656,2.0549997671704347e+20,86.44598664273553
-0.04799999999999997,0.06400000000000013,1.5967343258848705e+19,123.80934319742279,2.1884041105522704e+19,-58.51309949735073,2.098629152746834e+20,115.72751082271562
-0.04399999999999997,0.06400000000000013,1.5631664036371345e+19,149.33928744532435,2.3157751862934413e+19,-28.690402875895092,2.167168860812564e+20,143.80896252836442
-0.039999999999999966,0.06400000000000013,1.5599826852260497e+19,-178.8956057573884,2.5790957858434798e+19,-1.4253911881653392,2.2267071109744886e+20,170.11880751568034
-0.03599999999999996,0.06400000000000013,1.5348642471313824e+19,-156.43780207408068,2.8178140984530457e+19,21.396809768450343,2.2858928451282806e+20,-165.74225977769507
-0.03199999999999996,0.06400000000000013,1.3894510037757788e+19,-135.6456788285293,2.951651385049035e+19,42.75913486628445,2.336111620219741e+20,-143.19158881649548
-0.027999999999999955,0.06400000000000013,1.4039859236895218e+19,-115.70842782401108,3.1365451041082704e+19,65.22967347239803,2.3992522178991882e+20,-123.04906566214729
-0.023999999999999952,0.06400000000000013,1.2117663846312077e+19,-97.35375809177228,3.4598017664060432e+19,82.39487838335901,2.4501060267708255e+20,-105.21986149293394
-0.01999999999999995,0.06400000000000013,1.065921552302704e+19,-83.08459724282667,3.5822359172828762e+19,98.92480278467174,2.4884043861601917e+20,-89.62423151379812
-0.015999999999999945,0.06400000000000013,9.75585843537659e+18,-72.87809301973199,3.740639366995151e+19,111.29347723990513,2.5184888932202273e+20,-76.93750047115643
-0.011999999999999941,0.06400000000000013,8.399752906276534e+18,-52.6211515707447,3.8777319214764196e+19,122.32641046242011,2.5543474947110466e+20,-66.56220181465945
-0.007999999999999938,0.06400000000000013,5.942458674689006e+18,-50.09842898604747,3.975923795069924e+19,128.95828304293028,2.5812325119147187e+20,-59.18373348759381
-0.003999999999999934,0.06400000000000013,2.3597005915115315e+18,-47.926972057285255,4.187984811166678e+19,133.96121968669414,2.5856243554881798e+20,-54.87402123774714
6.938893903907228e-17,0.06400000000000013,3.014894049418962e+17,83.94552688193593,4.083705231363068e+19,136.89646183074305,2.599587152217069e+20,-53.275917354419676
0.004000000000000073,0.06400000000000013,1.3429935892864786e+18,152.04239535707916,4.085171633286397e+19,133.27263564024594,2.5953437523475654e+20,-54.72703278967119
0.008000000000000076,0.06400000000000013,4.683914989108295e+18,125.49818361803271,3.9923505800330174e+19,130.34010129047348,2.5871163282546174e+20,-59.11345561314733
0.01200000000000008,0.06400000000000013,7.759364160903385e+18,124.77952006271315,3.915286160614099e+19,121.51260522605752,2.555380599607897e+20,-66.52478234861915
0.016000000000000084,0.06400000000000013,9.775166718920624e+18,110.23603168654341,3.7035986008310415e+19,111.11630794955445,2.5255949629710103e+20,-76.78620704829736
0.020000000000000087,0.06400000000000013,1.1390990703273073e+19,101.05424821624719,3.575282277265462e+19,98.34398873866762,2.488995864085752e+20,-89.46068225489947
0.02400000000000009,0.06400000000000013,1.2551202177651974e+19,85.6975210486924,3.361142875275036e+19,82.7584438354971,2.437457803685728e+20,-105.45059726661545
0.028000000000000094,0.06400000000000013,1.4143547522217425e+19,66.23322983419543,3.1957988454482702e+19,64.28230471377728,2.3956654756149228e+20,-123.17292961450788
0.0320000000000001,0.06400000000000013,1.4445377419864189e+19,41.90786052313054,2.9574412172479267e+19,46.04182046843895,2.34975699402827e+20,-143.17873356117258
0.0360000000000001,0.06400000000000013,1.603340131956179e+19,26.642263963861744,2.804630066470735e+19,21.387049768157297,2.2862046851874125e+20,-165.72988310630498
0.040000000000000105,0.06400000000000013,1.614493031893272e+19,-4.270485299238974,2.479391964904889e+19,-3.1000045166092094,2.2199906797243302e+20,170.27166868747
0.04400000000000011,0.06400000000000013,1.5881626059692e+19,-29.739437590267453,2.276093348569195e+19,-30.043712100741434,2.1730673016859594e+20,143.75200283490202
0.04800000000000011,0.06400000000000013,1.6531487948647674e+19,-55.71278441295276,2.194590433356108e+19,-55.30693260374189,2.0943454476165068e+20,115.76007889949565
0.052000000000000116,0.06400000000000013,1.5602525060162943e+19,-87.20370194950304,1.978126904138316e+19,-84.47155788775007,2.0488307425933443e+20,86.28377881343616
0.05600000000000012,0.06400000000000013,1.5255282558428152e+19,-117.00294023643698,1.8161362149442615e+19,-120.30351268944428,1.9914328864320605e+20,55.50102082786995
0.06000000000000012,0.06400000000000013,1.5104505387080112e+19,-148.95444569825034,1.5547376891135963e+19,-153.0734377776768,1.9267364844699874e+20,23.43089321612499
0.06400000000000013,0.06400000000000013,1.5750891089787998e+19,173.54762084010363,1.4349779543635597e+19,172.27783963422016,1.8744864342241742e+20,-9.746214415736757
0.06800000000000013,0.06400000000000013,1.5020369658324204e+19,140.1807909759107,1.3105280793833431e+19,140.58175449402603,1.817657426312329e+20,-44.1664560374007
0.07200000000000013,0.06400000000000013,1.396634554165031e+19,103.28813354062996,1.175408585596817e+19,104.43660073530425,1.759946365123636e+20,-79.46978636023753
0.07600000000000014,0.06400000000000013,1.2238057373339484e+19,69.22238750934486,1.1610908915028136e+19,71.88514389567634,1.71028556254279e+20,-115.50788337539994
-0.08,0.06800000000000013,1.1697730598054982e+19,-177.73040679763528,1.001914643903375e+19,3.419986216679757,1.6187807356978918e+20,176.79443434689506
-0.076,0.06800000000000013,1.2414193983758422e+19,-141.6485803178004,1.0461830166459777e+19,38.926753119795805,1.672678050547778e+20,-146.89807449754187
-0.072,0.06800000000000013,1.1782561120381284e+19,-105.95307878326707,1.1876648059518415e+19,75.91789540018848,1.731071072448e+20,-111.70234552890089
-0.06799999999999999,0.06800000000000013,1.3061477048031912e+19,-74.44387280766186,1.1923440479269448e+19,110.25232243967865,1.7605157021084133e+20,-77.37918286184717
-0.06399999999999999,0.06800000000000013,1.4106121094590261e+19,-38.657904648342715,1.4326930573831629e+19,143.23074934172737,1.8182878077438057e+20,-44.2731639131842
-0.059999999999999984,0.06800000000000013,1.3356866116777005e+19,-6.603570778527758,1.5180502872869431e+19,174.74643207774034,1.863064760792777e+20,-11.943659234277527
-0.05599999999999998,0.06800000000000013,1.4952278976422947e+19,23.121935571962727,1.7291749489685062e+19,-155.37146628618922,1.9229133017920753e+20,18.91862934469222
-0.05199999999999998,0.06800000000000013,1.37306213534148e+19,59.74328861007032,1.8030715408859322e+19,-122.83008224479651,1.9720315672370912e+20,48.92662675187504
-0.04799999999999997,0.06800000000000013,1.4238246986249023e+19,81.64466460321512,1.991484525394723e+19,-96.5524236408229,2.025859863038819e+20,77.19743844363296
-0.04399999999999997,0.06800000000000013,1.4566406352735269e+19,111.49812567909294,2.2736812894990545e+19,-69.97294434281463,2.0887635699002586e+20,103.96241901327562
-0.039999999999999966,0.06800000000000013,1.2791795734293035e+19,134.81799357788282,2.381179086355848e+19,-43.28804018645135,2.1338150701658004e+20,129.22045845224469
-0.03599999999999996,0.06800000000000013,1.3607085143852052e+19,157.2571587937873,2.572871347143091e+19,-21.400586459174207,2.1960266356766658e+20,152.4176995465807
-0.03199999999999996,0.06800000000000013,1.306700476181508e+19,-177.31977197955948,2.623965981797301e+19,1.5957277140362551,2.2366842932334458e+20,173.5100620082129
-0.027999999999999955,0.06800000000000013,1.1825319757058986e+19,-163.1311809331307,2.9337123790240453e+19,21.175916325888963,2.2827572321765868e+20,-166.99362466932806
-0.023999999999999952,0.06800000000000013,1.0026286626695877e+19,-145.96256734428016,3.0499253993069625e+19,37.391187522546915,2.3189009013764892e+20,-149.7750171122614
-0.01999999999999995,0.06800000000000013,9.792671393948004e+18,-129.83951372182236,3.227564678105012e+19,51.041771662982484,2.3623360003942364e+20,-135.33301997599958
-0.015999999999999945,0.06800000000000013,7.717819779441614e+18,-116.80531235030482,3.37294162510488e+19,63.906954879174066,2.4050051833488507e+20,-123.25118348873468
-0.011999999999999941,0.06800000000000013,5.955938974474707e+18,-106.12109110049647,3.3763155392246977e+19,74.83397115687353,2.4218848175806307e+20,-113.40210327440808
-0.007999999999999938,0.06800000000000013,4.061481539031824e+18,-100.64667450825638,3.6039778387743818e+19,81.98593546322866,2.4354688415146823e+20,-106.38057174096909
-0.003999999999999934,0.06800000000000013,2.860248241548406e+18,-94.2654681955477,3.642586438410773e+19,85.35632025826769,2.44765573745262e+20,-102.23181318924249
6.938893903907228e-17,0.06800000000000013,9.224765144737655e+17,163.7718732185182,3.6488791197853934e+19,85.90411938195199,2.4508034997047198e+20,-100.8919735759723
0.004000000000000073,0.06800000000000013,2.120270983921751e+18,100.38034247312288,3.5582859109290815e+19,86.58018983395135,2.4569694322297314e+20,-102.29403840958244
0.008000000000000076,0.06800000000000013,4.732042929343553e+18,82.51510896620432,3.4781453271926104e+19,81.6848041505976,2.4420842117983306e+20,-106.66640228053735
0.01200000000000008,0.06800000000000013,5.628893921397762e+18,63.98075442826529,3.45489099740116e+19,74.51900002712073,2.4175625376945435e+20,-113.6005461359742
0.016000000000000084,0.06800000000000013,8.441800860891127e+18,59.85340239979731,3.3615236436172812e+19,65.09615700843139,2.3890823077893964e+20,-123.18587432383234
0.020000000000000087,0.06800000000000013,9.691019963858055e+18,46.90689361476368,3.2377901047238877e+19,52.3366550035594,2.359599188981543e+20,-135.2195770401446
0.02400000000000009,0.06800000000000013,1.0044813402563772e+19,33.17048037688538,3.0488696114278126e+19,38.53778662648818,2.327244600225918e+20,-150.25778483334432
0.028000000000000094,0.06800000000000013,1.1634380717655554e+19,17.36083984068988,2.831160078685541e+19,22.235007499584448,2.282378596121569e+20,-166.98582458910712
0.0320000000000001,0.06800000000000013,1.2870082068292473e+19,-3.414376869355588,2.7952540767403606e+19,-1.7760273137827958,2.2381478419919893e+20,173.82835324744477
0.0360000000000001,0.06800000000000013,1.3197587959788872e+19,-22.102477884278507,2.615733623482794e+19,-19.992482116857282,2.1790602725140804e+20,152.58383001404772
0.040000000000000105,0.06800000000000013,1.3657405447838712e+19,-44.20204871709024,2.262226927145435e+19,-46.18169002319412,2.1342436720861023e+20,129.02738714221724
0.04400000000000011,0.06800000000000013,1.4412804423557683e+19,-70.16096080860528,2.220623849369271e+19,-69.93272372690487,2.091048164986098e+20,103.86045331571012
0.04800000000000011,0.06800000000000013,1.3944467336965833e+19,-96.98276293467025,1.9510328792175006e+19,-95.43510347057422,2.0279787768868674e+20,77.16037724296115
0.052000000000000116,0.06800000000000013,1.4191093777267667e+19,-122.91522882903435,1.875384066911402e+19,-123.05772200047669,1.9771470409856067e+20,48.81212621634288
0.05600000000000012,0.06800000000000013,1.420821191774729e+19,-154.986136576921,1.6981592436729809e+19,-153.11805714575502,1.9272831240063592e+20,19.192059758272638
0.06000000000000012,0.06800000000000013,1.3641275188196563e+19,175.2604973490373,1.587902798043812e+19,173.30560100566444,1.875345232410237e+20,-11.715040025301121
0.06400000000000013,0.06800000000000013,1.3868888733101275e+19,140.57387365791553,1.4548888320591139e+19,143.8850129419561,1.8151256192851113e+20,-44.348189391255474
0.06800000000000013,0.06800000000000013,1.2748275608962929e+19,107.380212430592,1.309467167614412e+19,110.908999077085,1.770855834332256e+20,-77.44325376442833
0.07200000000000013,0.06800000000000013,1.3746763264551383e+19,73.33147621840281,1.2556645565829761e+19,70.67474009783422,1.7178033895714908e+20,-111.79509746954444
0.07600000000000014,0.06800000000000013,1.229474106538844e+19,39.46603917448657,1.0206166049541782e+19,36.87116980616788,1.675102492405992e+20,-147.18679335448445
-0.08,0.07200000000000013,1.1334393410629057e+19,149.57910854524866,9.969004808538833e+18,-29.154806739671358,1.5830513827004003e+20,145.74647544506848
-0.076,0.07200000000000013,1.0359075522846552e+19,-175.2751890636894,1.1152197252989192e+19,6.603573868413879,1.631993417070621e+20,-179.5665829016012
-0.072,0.07200000000000013,1.207688543665752e+19,-138.86832752342227,1.1746110025500715e+19,42.90374357518466,1.679791544149941e+20,-144.9582550919681
-0.06799999999999999,0.07200000000000013,1.2188888358271205e+19,-107.41924991732229,1.3666860348418787e+19,73.64512518069024,1.720120097523658e+20,-111.7679647178091
-0.06399999999999999,0.07200000000000013,1.2463691530216958e+19,-76.05535817735486,1.4080276197544897e+19,106.51706675702023,1.758950404142847e+20,-79.47982959378945
-0.059999999999999984,0.07200000000000013,1.2792302919684979e+19,-44.55467708600967,1.5165639059507016e+19,141.50843541030153,1.8124825751219936e+20,-48.47267727986823
-0.05599999999999998,0.07200000000000013,1.2809916320184322e+19,-10.211630400712806,1.6594876959385135e+19,167.41328201338231,1.8625525950319605e+20,-18.14433413739507
-0.05199999999999998,0.07200000000000013,1.3550033389173533e+19,14.947768057012357,1.7320408144113965e+19,-163.09506462378877,1.911360293582067e+20,10.396306060278784
-0.04799999999999997,0.07200000000000013,1.2197771997034396e+19,47.386398320325995,1.8646785614198915e+19,-135.70286595565233,1.947972502794545e+20,37.97579464110488
-0.04399999999999997,0.07200000000000013,1.2540795324484975e+19,72.48267664395424,1.991762699860763e+19,-108.1200027028327,1.9988648677108662e+20,63.276363337278184
-0.039999999999999966,0.07200000000000013,1.2066277839155835e+19,91.98117572878864,2.1560170156887822e+19,-84.97034204746764,2.050816637198428e+20,87.72568911472978
-0.03599999999999996,0.07200000000000013,1.1721617513658587e+19,116.3235210239595,2.352460573521034e+19,-62.3974050717848,2.085746650277353e+20,109.65882608164874
-0.03199999999999996,0.07200000000000013,1.1996727289850421e+19,133.42339027925226,2.421139422821536e+19,-42.40345149081164,2.1394236686110966e+20,130.15653821893926
-0.027999999999999955,0.07200000000000013,1.020266866760131e+19,150.71164140393526,2.6478852020028346e+19,-26.55562189276383,2.1855832580055836e+20,148.4918755331303
-0.023999999999999952,0.07200000000000013,9.29997576272572e+18,174.03808464732242,2.7756991186520682e+19,-5.754609834847475,2.214725265840306e+20,164.7261690519253
-0.01999999999999995,0.07200000000000013,7.7825551642923e+18,-178.67314874227043,2.998246916801284e+19,5.910818222672495,2.2476021650404488e+20,178.71144391535
-0.015999999999999945,0.07200000000000013,6.892287023877267e+18,-158.935770115213,3.1063774483061453e+19,18.68904235915836,2.275578567651957e+20,-169.53990968426146
-0.011999999999999941,0.07200000000000013,5.039609391231828e+18,-150.5646125176186,3.116128151422662e+19,26.95014731124464,2.302266866166202e+20,-160.48952792457644
-0.007999999999999938,0.07200000000000013,4.0391313692989834e+18,-146.13002134841273,3.1518412052983992e+19,33.030558378982555,2.308463644634295e+20,-153.99356012905474
-0.003999999999999934,0.07200000000000013,1.3283037488843154e+18,-149.12108030963904,3.396388144160429e+19,37.64808033068798,2.3342209488552106e+20,-149.9262923751305
6.938893903907228e-17,0.07200000000000013,7.204131661737315e+17,-44.714625301794314,3.267558953931933e+19,38.553913070897856,2.3264977438195204e+20,-148.67736949241743
0.004000000000000073,0.07200000000000013,2.1603169206034143e+18,42.748888400671014,3.3110499286996914e+19,38.51709079294401,2.3320034536352825e+20,-150.03536670948293
0.008000000000000076,0.07200000000000013,2.908734218538423e+18,37.0494305447237,3.1319732070489383e+19,34.229262425886795,2.3100559650418272e+20,-153.96213195464125
0.01200000000000008,0.07200000000000013,5.805329635445096e+18,23.858399249239483,3.1781351431357866e+19,26.190303568015892,2.300675136546358e+20,-160.5200676319204
0.016000000000000084,0.07200000000000013,7.009007777643168e+18,19.595498954126544,3.040102853798506e+19,17.050032914386325,2.27042664052168e+20,-169.47381487978123
0.020000000000000087,0.07200000000000013,8.268864090673057e+18,9.166777253565876,2.992642742553867e+19,5.56179587944931,2.25142485298356e+20,178.77978872666117
0.02400000000000009,0.07200000000000013,9.091874082197643e+18,-6.752922573982277,2.8132523358304362e+19,-8.140507783965722,2.2172592971341844e+20,164.9155516940368
0.028000000000000094,0.07200000000000013,9.9092586098563e+18,-24.35067399183103,2.6258559500191375e+19,-22.520117056388163,2.1743598740534044e+20,148.66212472366593
0.0320000000000001,0.07200000000000013,1.1065672514493794e+19,-44.14713726519601,2.4769443851489223e+19,-40.59582268079404,2.140237915845417e+20,130.4589396737313
0.0360000000000001,0.07200000000000013,1.1868790531306066e+19,-60.108981636766465,2.3920659100479545e+19,-63.633630281149394,2.0878794421592248e+20,109.81538669068298
0.040000000000000105,0.07200000000000013,1.3179884798660438e+19,-86.58103981735229,2.141885426113271e+19,-85.16482262968151,2.0487497142141338e+20,87.57809385994759
0.04400000000000011,0.07200000000000013,1.1586177163315806e+19,-104.34335358704502,2.0344380371210125e+19,-110.13384297797552,2.0041488270853505e+20,63.462510887674995
0.04800000000000011,0.07200000000000013,1.2309051071078191e+19,-138.70793424290136,1.8884867688919867e+19,-135.9498047649819,1.959619639909024e+20,37.80327709697721
0.052000000000000116,0.07200000000000013,1.2454638043704648e+19,-164.3330706313548,1.7507134135105876e+19,-165.01111702234167,1.903808409051599e+20,10.526081261063327
0.05600000000000012,0.07200000000000013,1.304869560241029e+19,164.59335662816386,1.737514888346457e+19,170.04500794016909,1.8663213216156736e+20,-18.187821549791384
0.06000000000000012,0.07200000000000013,1.1824287154291692e+19,139.2779725933547,1.5210911620393523e+19,139.14253530928434,1.8131831964040584e+20,-48.01513990482056
0.06400000000000013,0.07200000000000013,1.1516985286138364e+19,99.96343459733333,1.387022298495315e+19,103.95053223550329,1.7599977215212808e+20,-79.40453059590801
0.06800000000000013,0.07200000000000013,1.1184959148800748e+19,73.65308373771641,1.3487866453585535e+19,70.75543632781414,1.7281835032664205e+20,-111.64648739650865
0.07200000000000013,0.07200000000000013,1.1329221597506456e+19,38.60478173378375,1.219683293567334e+19,37.00831063545737,1.674549255324106e+20,-145.2852354469032
0.07600000000000014,0.07200000000000013,1.1636490412750995e+19,5.439173496130667,1.0589283861726812e+19,2.3201635229534334,1.6294061977886006e+20,-179.6426068920412
-0.08,0.07600000000000014,1.065009358710082e+19,122.97700678409242,9.442818749314603e+18,-59.700110204909755,1.5486238570597093e+20,112.61235867989252
-0.076,0.07600000000000014,1.0839718864233939e+19,150.95010131696566,1.0178586304090167e+19,-30.099395789012487,1.5878107756626733e+20,146.68055727211384
-0.072,0.07600000000000014,1.023160810618616e+19,-169.45649518771276,1.1711624344060668e+19,2.444239429819052,1.6347310834104877e+20,-179.46601615846484
-0.06799999999999999,0.07600000000000014,1.0020557011016413e+19,-145.27787124174537,1.2757753020865163e+19,38.108488883637236,1.674276194126813e+20,-147.0487372504491
-0.06399999999999999,0.07600000000000014,1.0580916438510582e+19,-112.7734863183128,1.3208500805783296e+19,70.06728493174295,1.7116511514800796e+20,-115.3843325010814
-0.059999999999999984,0.07600000000000014,1.1395823650696905e+19,-74.19675729214167,1.2855164164843213e+19,99.15262907869298,1.7573854453445493e+20,-85.4409052014696
-0.05599999999999998,0.07600000000000014,1.0855661314654552e+19,-56.669547818254685,1.4756494189690292e+19,129.96293677423068,1.8022984163339937e+20,-56.20985025389478
-0.05199999999999998,0.07600000000000014,1.1830050418893238e+19,-19.73293191239614,1.6299482711822977e+19,156.92468396702918,1.836473624210773e+20,-28.977215601441635
-0.04799999999999997,0.07600000000000014,1.0454897641094582e+19,6.075252987469451,1.8253440025412903e+19,-175.18122017264682,1.8872120544615704e+20,-2.468761802908471
-0.04399999999999997,0.07600000000000014,1.1012693726355057e+19,27.873298810252646,2.0571852077022716e+19,-152.98732510144893,1.9246118468971885e+20,22.41124722621072
-0.039999999999999966,0.07600000000000014,1.1067963699098761e+19,53.76050094932689,2.0474377298701672e+19,-130.33970322437685,1.9804632823646604e+20,45.435939542620545
-0.03599999999999996,0.07600000000000014,1.0738650859586585e+19,79.34817346317391,2.188548298072673e+19,-106.2581134958837,2.0145558771888462e+20,66.99833968749482
-0.03199999999999996,0.07600000000000014,9.310512949835858e+18,88.88270323741766,2.222632062082034e+19,-85.77151900275074,2.0566781608261537e+20,86.6318135920836
-0.027999999999999955,0.07600000000000014,8.347025617389132e+18,110.85080740708615,2.457356359042474e+19,-70.29589063219944,2.0789288239110826e+20,103.8572707741951
-0.023999999999999952,0.07600000000000014,7.950257071771418e+18,129.0629624752128,2.432104918802742e+19,-54.37450930305393,2.118112449832343e+20,119.17161378850476
-0.01999999999999995,0.07600000000000014,7.556702978938836e+18,145.12895799105098,2.684902374704816e+19,-39.77470900949996,2.1440857115286952e+20,132.62577338403565
-0.015999999999999945,0.07600000000000014,5.771311204590212e+18,144.06989051157686,2.7486633408894206e+19,-28.20747769077295,2.1773162922251547e+20,143.72960382823965
-0.011999999999999941,0.07600000000000014,5.175027133444163e+18,167.55328452429478,2.851307346257572e+19,-20.86187711683721,2.185402508576039e+20,152.4572590229157
-0.007999999999999938,0.07600000000000014,2.7493701487563924e+18,167.85421732282452,2.902777777608206e+19,-12.930930191348311,2.2035069167305864e+20,158.3888974042497
-0.003999999999999934,0.07600000000000014,8.117787792067167e+17,166.01652151032755,2.8521056807425233e+19,-8.856416036233709,2.2051642082205732e+20,162.4360629051371
6.938893903907228e-17,0.07600000000000014,4.972793952538683e+17,-38.67796372281129,3.061938948432359e+19,-11.500885402927075,2.214990238911862e+20,163.66887908004335
0.004000000000000073,0.07600000000000014,1.438135325606399e+18,-10.714296445530698,2.8697985739957043e+19,-12.12891442351506,2.2122856368872594e+20,162.2713090281473
0.008000000000000076,0.07600000000000014,3.171756755856217e+18,-16.002101266166974,2.7846834013697417e+19,-16.432095885294686,2.1966007105762388e+20,158.62623065615102
0.01200000000000008,0.07600000000000014,5.059194776261309e+18,-24.333239245703442,2.848706059929784e+19,-21.573925888647832,2.1917915094314418e+20,152.43196959271538
0.016000000000000084,0.07600000000000014,6.600789789020628e+18,-29.328186205822863,2.7067871585350705e+19,-29.96563131862102,2.1752174137530175e+20,143.6154410436675
0.020000000000000087,0.07600000000000014,8.086704302211882e+18,-38.83106639339869,2.6941084836140564e+19,-40.17702070848006,2.1427804270575183e+20,132.78264912043386
0.02400000000000009,0.07600000000000014,8.586540866986063e+18,-50.02993280152601,2.590978922130775e+19,-54.26239556494796,2.1209758093839378e+20,119.44609411890524
0.028000000000000094,0.07600000000000014,8.243022154611695e+18,-69.28651448977608,2.3846277718320566e+19,-70.50200186236073,2.097891966653714e+20,103.76285419665213
0.0320000000000001,0.07600000000000014,9.316359440607693e+18,-88.4193169467677,2.302210185460008e+19,-85.34883561255343,2.047012331203156e+20,86.31939566383477
0.0360000000000001,0.07600000000000014,1.0575527984639052e+19,-107.61795388498633,2.1225412652386386e+19,-107.20068815069023,2.015118141814932e+20,66.75393762311921
0.040000000000000105,0.07600000000000014,1.1211825725197605e+19,-125.61087826528755,2.0469877339912258e+19,-128.54052529163266,1.971734226366459e+20,45.6249538965543
0.04400000000000011,0.07600000000000014,1.0989518913769538e+19,-157.54503087893633,1.992305037820944e+19,-151.28577280537772,1.936444984151255e+20,22.30615431500628
0.04800000000000011,0.07600000000000014,1.0836931066844953e+19,-173.94833949449938,1.741534622674071e+19,-173.07420891180985,1.8883640601497462e+20,-2.2680585676301668
0.052000000000000116,0.07600000000000014,1.1027440837996591e+19,156.8508368308235,1.6342808505797042e+19,156.1093150375484,1.8446514969284225e+20,-28.51762845840665
0.05600000000000012,0.07600000000000014,1.1505804997514422e+19,130.04732005641645,1.4701376167255278e+19,128.71962146575373,1.801439557586521e+20,-56.57727303213438
0.06000000000000012,0.07600000000000014,1.0885094680402383e+19,100.096991706654,1.3986176301914257e+19,101.6175998595219,1.7575627463751067e+20,-85.52067610109566
0.06400000000000013,0.07600000000000014,1.1530743194472872e+19,73.60030866804439,1.3197691310991604e+19,73.8981086923237,1.705076193233913e+20,-115.90002083138427
0.06800000000000013,0.07600000000000014,1.111018382609503e+19,39.0886115796815,1.2093137256859038e+19,37.09265433842248,1.6683597386689026e+20,-146.81146787710148
0.07200000000000013,0.07600000000000014,1.1214637811251446e+19,14.384870770837791,1.1543917711586828e+19,7.370387423748934,1.6313946459473016e+20,-179.45301202670083
0.07600000000000014,0.07600000000000014,1.0070428718338796e+19,-34.677388056936145,9.968023001445214e+18,-23.704025866274396,1.5919502541906503e+20,147.24024944563834
